Date,Open,High,Low,Close,Volume
2016-03-14,2.5422014645436533,2.607709192340853,2.5422014645436533,2.573275566101074,578053418
2016-03-15,2.568236796487552,2.574115664598489,2.53464294977174,2.5648772716522217,293101026
2016-03-16,2.5539593205538087,2.6026702281697913,2.5539593205538087,2.581674098968506,287722068
2016-03-17,2.585033553950589,2.645502196172887,2.572435836723476,2.623666286468506,409964975
2016-03-18,2.624506069777322,2.685814493122407,2.6236662887061057,2.6606192588806152,968766520
2016-03-21,2.6799355231585507,2.7395643820917477,2.6799355231585507,2.7194080352783203,388550106
2016-03-22,2.7026113496542226,2.721087935088858,2.696732481614549,2.7009317874908447,168862775
2016-03-23,2.6984120959532474,2.719408023480929,2.679095730496788,2.705970525741577,252646768
2016-03-24,2.6883337891707946,2.6975719808057788,2.6622987762537096,2.663978338241577,353711508
2016-03-25,2.665658286373673,2.6874941956100806,2.6580996561993966,2.674896478652954,255432765
2016-03-28,2.6849745240312344,2.710169756508687,2.645502013173284,2.6497011184692383,253708460
2016-03-29,2.6522210075427823,2.660619419463603,2.6127484915383183,2.6278655529022217,510634474
2016-03-30,2.6446625156203285,2.7026116209871947,2.6446625156203285,2.700092077255249,321345997
2016-03-31,2.708490160124472,2.7143692282731107,2.6824551450401635,2.6950528621673584,267776952
2016-04-01,2.6874941156896845,2.70429093764374,2.6480216041210465,2.703451156616211,255475694
2016-04-05,2.690853730739316,2.7454435081045423,2.6841350813254117,2.7294864654541016,341087921
2016-04-06,2.7185681444424543,2.7345251849473113,2.714369039181859,2.724447011947632,282223573
2016-04-07,2.7320058719724316,2.7412440645115344,2.6841349466568265,2.6908535957336426,235979540
2016-04-08,2.6706971478541677,2.6908532930512625,2.645501916299324,2.668177604675293,287695308
2016-04-11,2.6900133256765733,2.727806070273201,2.6900133256765733,2.6975717544555664,293934447
2016-04-12,2.6984119805609144,2.703451067026924,2.677415853697177,2.6942126750946045,423792609
2016-04-13,2.709329913897748,2.763079701914158,2.709329913897748,2.7286462783813477,664723733
2016-04-14,2.7395646899246837,2.7504826455974545,2.721927884481164,2.738724708557129,196376388
2016-04-15,2.744602924815534,2.749642010887774,2.7294858668327024,2.741243600845337,190846492
2016-04-18,2.7227675547372203,2.7227675547372203,2.695892559192918,2.702611207962036,225522391
2016-04-19,2.711849593692599,2.7252868911980364,2.6950527715768877,2.705970525741577,276854283
2016-04-20,2.7168884574578462,2.71940800077756,2.5951113980186578,2.6589393615722656,467962419
2016-04-21,2.6429827145138214,2.683295010115139,2.63374432158666,2.6463420391082764,254742919
2016-04-22,2.6379435044760586,2.6614589757744525,2.628705312213678,2.65809965133667,153401499
2016-04-25,2.6564199672702373,2.6564199672702373,2.6127481508824233,2.6497011184692383,156096951
2016-04-26,2.6480217027347535,2.6690176308422657,2.6354239856831105,2.664818525314331,130165933
2016-04-27,2.6648184426741515,2.6698573291046257,2.6455020772832762,2.6522207260131836,144753386
2016-04-28,2.65306084919912,2.658939717654438,2.627025831720719,2.650541305541992,144567963
2016-04-29,2.6438224248393327,2.6589394852267216,2.6387833379655623,2.647181749343872,113589098
2016-05-03,2.651381036512184,2.702611285489576,2.6354239949353886,2.6984121799468994,234118098
2016-05-04,2.6858144447874683,2.7026112673130473,2.6757364714124723,2.6883339881896973,184462270
2016-05-05,2.684974663731365,2.6950528373402802,2.6765762524685757,2.6883339881896973,132028313
2016-05-06,2.690013789754249,2.693373114261558,2.6253458418774316,2.627025604248047,215542840
2016-05-09,2.6203067090809804,2.6203067090809804,2.5648771548630167,2.573275566101074,327203388
2016-05-10,2.5699164540373203,2.5833539531755063,2.5640375857082267,2.570756435394287,113547933
2016-05-11,2.5783148451502242,2.5993109749279646,2.5690766521696635,2.58083438873291,99451509
2016-05-12,2.569916284342639,2.59427173740776,2.5472405936465994,2.5900726318359375,119507818
2016-05-13,2.58083438873291,2.604350062093337,2.5690766521696635,2.58083438873291,90896427
2016-05-16,2.575795081864844,2.5934318854393146,2.553959172833349,2.590912342071533,110290661
2016-05-17,2.593432163836367,2.6018305758858773,2.571596252460853,2.5867133140563965,96106445
2016-05-18,2.579994182573362,2.5808339635512625,2.5447207784608348,2.569916009902954,119244145
2016-05-19,2.568236796487552,2.5909124878394314,2.561517947050819,2.5648772716522217,111260472
2016-05-20,2.559838388907954,2.5833538613888227,2.5514399772742253,2.581674098968506,139069288
2016-05-23,2.585033584321855,2.603509969493468,2.576635172816415,2.5858733654022217,107809105
2016-05-24,2.5858730498864664,2.5858730498864664,2.5598380374664464,2.569916009902954,96780922
2016-05-25,2.5749554771351946,2.5917523005812564,2.5640375218718616,2.568236827850342,83786394
2016-05-26,2.568236827850342,2.579994564215799,2.5413618302430714,2.568236827850342,142476437
2016-05-27,2.5665566857574516,2.5766348584278593,2.558158275276745,2.569916009902954,85685190
2016-05-30,2.566557058562726,2.5799945573305005,2.542201604560756,2.571596145629883,79238252
2016-05-31,2.572435770451145,2.663978512496724,2.57159598940228,2.661458969116211,494593315
2016-06-01,2.6622992426865677,2.666498348625821,2.6471819807438015,2.650541305541992,171347808
2016-06-02,2.6522208935815406,2.65474043707292,2.6404631574443878,2.6530606746673584,92385756
2016-06-03,2.655580436751676,2.692533610844407,2.6513813307430136,2.6841351985931396,177793222
2016-06-06,2.6799353393541065,2.6908532930512625,2.6639782992992016,2.668177604675293,81647929
2016-06-07,2.6715369288358253,2.6748962529963576,2.663138518317544,2.668177604675293,57621036
2016-06-08,2.665658306373134,2.672376955311397,2.647181721442031,2.664818525314331,72625043
2016-06-13,2.6455018579783363,2.6455018579783363,2.5749550509928807,2.577474594116211,329962423
2016-06-14,2.574115693056915,2.58923275404732,2.5715961495195256,2.588392972946167,175090226
2016-06-15,2.5690765441886967,2.6471817912673234,2.5615179137583355,2.622826337814331,194595117
2016-06-16,2.6219862797635716,2.6219862797635716,2.5993105911017262,2.6068692207336426,87724465
2016-06-17,2.608548968636265,2.637103726980709,2.6077091875841667,2.6177873611450195,201308067
2016-06-20,2.6203068720108895,2.6287054840050885,2.600990504938879,2.6186273097991943,82108494
2016-06-21,2.6287056664162676,2.660619553226284,2.6035102291531698,2.612748622894287,144544590
2016-06-22,2.6110684597593696,2.632064587512884,2.6009902864002568,2.6287052631378174,117291372
2016-06-23,2.628705341810278,2.6303849039311205,2.6043498889527825,2.6203067302703857,99387293
2016-06-24,2.6203065378405093,2.634584016222682,2.5531192523268262,2.5925917625427246,154395516
2016-06-27,2.5867132114166727,2.627025707795101,2.5841936678784005,2.6253459453582764,135557760
2016-06-28,2.6169470714057046,2.6413025211511023,2.604349556173396,2.6387829780578613,181488939
2016-06-29,2.641303112288483,2.658939717654438,2.6404633311474206,2.650541305541992,119541995
2016-06-30,2.651381009110921,2.661458982449544,2.647181703377723,2.654740333557129,92851291
2016-07-01,2.654740269345377,2.668177767039105,2.6497011826809898,2.6522207260131836,93766657
2016-07-04,2.6480215795179323,2.7084900178503633,2.639622968385025,2.69673228263855,137810706
2016-07-05,2.6967323076942415,2.7126893486207675,2.693372983350213,2.703451156616211,160714354
2016-07-06,2.700931587195979,2.719407971026524,2.69253317630012,2.716888427734375,278068713
2016-07-07,2.7135293728269807,2.729486415183531,2.7017716364522304,2.720248222351074,185677172
2016-07-08,2.7160488987430957,2.7177286611717006,2.7059707246393248,2.710170030593872,168019456
2016-07-11,2.7143690846761364,2.7504822715517223,2.7135291034228133,2.716888427734375,107960088
2016-07-12,2.715209018850159,2.7874353966753462,2.715209018850159,2.7857556343078613,172362881
2016-07-13,2.788275235061241,2.8126306886038845,2.784076129407089,2.7916345596313477,249841642
2016-07-14,2.791634398609579,2.7924743798790996,2.77651733879909,2.787435293197632,130428056
2016-07-15,2.7933146315796002,2.7966739565219765,2.782396675341416,2.790795087814331,91696966
2016-07-18,2.7865957643061505,2.7924746325551726,2.7706387217822734,2.780716896057129,138478162
2016-07-19,2.7790369163061817,2.782396240723823,2.75216192049722,2.766439199447632,116901083
2016-07-20,2.7630800560795263,2.7739980113276914,2.757201187904965,2.7605605125427246,64802024
2016-07-21,2.7605604202538156,2.7916345225236205,2.7605604202538156,2.7756776809692383,107390332
2016-07-22,2.7697983749211668,2.774837260795437,2.7488022495484583,2.751321792602539,115224737
2016-07-25,2.7488027967556916,2.7681191638597133,2.7462832532000427,2.7504825592041016,95011247
2016-07-26,2.750482426695971,2.7865956156085647,2.750482426695971,2.7857556343078613,108020908
2016-07-27,2.7865954308371776,2.790794536126577,2.692533149641301,2.734525203704834,228730897
2016-07-28,2.7252870032961396,2.7580408678392017,2.724447222225986,2.74208402633667,212210696
2016-07-29,2.7420841764467605,2.74964260695976,2.723607590254458,2.7328457832336426,126724461
2016-08-01,2.7252870915156002,2.7311661598987524,2.6967325318668203,2.710170030593872,133376245
2016-08-02,2.709329998091839,2.7278063819223832,2.702611149234805,2.716888427734375,116491586
2016-08-03,2.712689591724193,2.7261270905384496,2.7084902857423936,2.720248222351074,201883691
2016-08-04,2.719407886519254,2.729486059374664,2.704290827470043,2.7286462783813477,93097489
2016-08-05,2.7294862452509974,2.752161935485966,2.7236073774296288,2.7395644187927246,101415033
2016-08-08,2.7395642442238737,2.763079714010909,2.7210876606527,2.762239933013916,84969760
2016-08-09,2.757201128173456,2.7798768192795014,2.7546815846912374,2.7748377323150635,231288258
2016-08-10,2.774837610608693,2.781556459677892,2.763919656075922,2.766439199447632,176568231
2016-08-11,2.7647601211249473,2.794994446641859,2.7597210334998037,2.763080358505249,126506962
2016-08-12,2.7563613862179492,2.8159900488531076,2.7555214048893357,2.811790943145752,217390163
2016-08-15,2.81766943569254,2.9260089915889393,2.815989673493146,2.894934892654419,392578074
2016-08-16,2.9033338995512548,2.9192909429045413,2.8823377687986205,2.8865370750427246,274130428
2016-08-17,2.881497725037829,2.8966147856242346,2.868900007687554,2.8798179626464844,118831100
2016-08-18,2.884856888263749,2.895774842612141,2.861341417503467,2.8756186962127686,95390557
2016-08-19,2.8739391790585693,2.878138485043337,2.849583724955137,2.8722596168518066,132203904
2016-08-22,2.8722595814415026,2.882337555259625,2.84958368982439,2.8521032333374023,105378309
2016-08-23,2.8521031298681274,2.8688999525229,2.8369860695724003,2.853782892227173,241625141
2016-08-24,2.8537827769166713,2.8571421012651044,2.8369859549405945,2.8420250415802,154267096
2016-08-25,2.8277476159539927,2.834466264301662,2.800872622095511,2.8269076347351074,126229180
2016-08-26,2.8285876421887575,2.849583570271081,2.820189230909044,2.8235485553741455,79142269
2016-08-29,2.8193495205891623,2.8302672753161904,2.814310433648119,2.82270884513855,77872739
2016-08-30,2.8243887590668035,2.843705127923992,2.820189652915562,2.8344669342041016,103444542
2016-08-31,2.8319470285497466,2.852103176014814,2.8210290736241013,2.846224308013916,112057117
2016-09-01,2.8453842703298067,2.8462240513302217,2.813470189507158,2.8159897327423096,92390242
2016-09-02,2.813470272188288,2.8361461619710413,2.813470272188288,2.828587532043457,98875543
2016-09-05,2.8344669342041016,2.857142628029073,2.830267627818911,2.8344669342041016,159225737
2016-09-06,2.8361464157372978,2.8647009754845634,2.8151502863600006,2.8588221073150635,142875576
2016-09-07,2.8613412705902097,2.874778767577825,2.8563021841906164,2.860501289367676,196966881
2016-09-08,2.8579822621678734,2.8605016054121184,2.8495836504180225,2.856302499771118,74892456
2016-09-09,2.856302320236474,2.86134140687608,2.8403452792890276,2.8420250415802,120461526
2016-09-12,2.8050720004812915,2.8075915439155583,2.769798792869401,2.7857556343078613,206472538
2016-09-13,2.7874353966753462,2.7941540456774434,2.7798767663725465,2.7857556343078613,95438184
2016-09-14,2.778197199646591,2.7832360862728733,2.7655994824960817,2.768958806991577,71966886
2016-09-19,2.769798997401115,2.7891153650009337,2.7681192349095904,2.7865958213806152,100797674
2016-09-20,2.788274874666139,2.7916341988020403,2.7790366832339353,2.783235788345337,70694357
2016-09-21,2.7832362118967002,2.7983534731596427,2.780716868586807,2.794154167175293,68012760
2016-09-22,2.8059112907780963,2.8260674330545115,2.800872205150524,2.8126299381256104,98900069
2016-09-23,2.8134704479882275,2.8176697538439166,2.8033924743556367,2.8059120178222656,67358775
2016-09-26,2.802552230688548,2.802552230688548,2.757200853002562,2.758880615234375,163349220
2016-09-27,2.7588807943466427,2.7748376355322413,2.754681488611436,2.773158073425293,106896159
2016-09-28,2.7731581127863874,2.775677656216489,2.764759701430688,2.768958806991577,47131670
2016-09-29,2.7723181759720545,2.7882750164876824,2.7723181759720545,2.7815563678741455,111132006
2016-09-30,2.7756778588366404,2.794154245027573,2.7756778588366404,2.7899551391601562,109625583
2016-10-10,2.7966734254316443,2.826907744639408,2.788275014553594,2.821868658065796,156366066
2016-10-11,2.823548445425067,2.831107075352652,2.816829796756489,2.828587532043457,101921091
2016-10-12,2.8210288770481635,2.825228182604144,2.8143102284392874,2.821868658065796,68982158
2016-10-13,2.826067963621776,2.8302670689438463,2.8159897904745517,2.821868658065796,95024582
2016-10-14,2.821029236279727,2.8319471918348826,2.8075917371169252,2.8302674293518066,116980175
2016-10-17,2.8302671347712316,2.832786678116638,2.7798766683309286,2.804232120513916,116946886
2016-10-18,2.804232028590745,2.840345215045891,2.8008727043182935,2.839505434036255,185419311
2016-10-19,2.8403453185010705,2.8512632729596383,2.831946907397089,2.8378257751464844,133499853
2016-10-20,2.8361465291853434,2.8411854162222387,2.83110744191451,2.8336269855499268,108766472
2016-10-21,2.8353062500496344,2.853782834690939,2.82774782017112,2.8479039669036865,152925363
2016-10-24,2.8479039068204233,2.8966146104159525,2.8453843635027685,2.8823373317718506,206599173
2016-10-25,2.8823374159168806,2.883177397203229,2.8680601368559775,2.874778985977173,188178229
2016-10-26,2.8739388827286896,2.8764584260129755,2.8621811475579615,2.866380453109741,142670985
2016-10-27,2.863860948966477,2.866380492285198,2.851263232372871,2.8621811866760254,89222498
2016-10-28,2.8605015018138915,2.8856969356830953,2.85714217737597,2.8579821586608887,149226831
2016-10-31,2.8571423203634274,2.8571423203634274,2.8327868665602582,2.8521032333374023,89194562
2016-11-01,2.8504231690958215,2.8739386374301685,2.8487434069716997,2.869739532470703,86692429
2016-11-02,2.865540395095898,2.865540395095898,2.8470640118179653,2.8504233360290527,85254005
2016-11-03,2.840345532116151,2.8865368967789413,2.840345532116151,2.8722596168518066,225826643
2016-11-04,2.870579765728911,2.8840172641375332,2.858822029709088,2.8630211353302,111407480
2016-11-07,2.863021199351568,2.872259592345662,2.8571423312101962,2.8655407428741455,100805993
2016-11-08,2.871419518603887,2.8940954095773015,2.8697399564655077,2.880657911300659,142243804
2016-11-09,2.8806574856927623,2.8806574856927623,2.8336263487901756,2.869739532470703,196076229
2016-11-10,2.878138468406036,2.9066930280952437,2.878138468406036,2.899134397506714,144827420
2016-11-11,2.896615015736675,2.927689320924645,2.8882166035806143,2.924329996109009,173427181
2016-11-14,2.919290355735594,2.947844911610011,2.9125715071432063,2.9285285472869873,261985206
2016-11-15,2.927689011329803,2.931888116846819,2.915091294310915,2.9251694679260254,136391995
2016-11-16,2.926849197684921,2.93356804722448,2.91845078593592,2.9260094165802,143926440
2016-11-17,2.9218098601077993,2.9335675946958806,2.91257146844525,2.932727813720703,131459987
2016-11-18,2.9335675755049815,2.93860666179088,2.918450316647286,2.922649621963501,109743449
2016-11-21,2.9184508033952383,2.960443062625388,2.916771241175749,2.9360876083374023,136285270
2016-11-22,2.9386071984929276,2.9671617590163093,2.9386071984929276,2.965481996536255,172143723
2016-11-23,2.969680953762579,2.9839582323470775,2.9629623050994898,2.9705207347869873,91125359
2016-11-24,2.968841056635326,2.9965558316960696,2.9646417512096845,2.97891902923584,175518691
2016-11-25,2.9789193470786888,3.0133529744476553,2.9570834370968866,3.0116732120513916,134787111
2016-11-28,3.018392072446348,3.0402277822741186,3.0175520911281803,3.0251107215881348,148348331
2016-11-29,3.0167121026492465,3.063743244110208,3.006633929395501,3.048626184463501,159136067
2016-11-30,3.0410678033108884,3.0503059960599845,3.0158725683492302,3.020911455154419,166067658
2016-12-01,3.0225911364529887,3.059544106691491,3.0225911364529887,3.049466133117676,112886474
2016-12-02,3.0469463397800465,3.0469463397800465,3.008313610330622,3.0158722400665283,93882635
2016-12-05,2.9763997329473586,2.9889974500354777,2.9512044990050397,2.9554038047790527,222865641
2016-12-06,2.9579234586448506,2.9688414137842547,2.9495250470171497,2.950364828109741,126885410
2016-12-07,2.9520446013713038,2.9671616622631176,2.940286664862195,2.9638023376464844,111353437
2016-12-08,2.972200497069715,2.981438689039941,2.963802086123898,2.9705207347869873,207960060
2016-12-09,2.9638020915058454,2.9965559543241844,2.9604427671682005,2.9873175621032715,111308344
2016-12-12,2.9856381042414712,2.9856381042414712,2.905853097210105,2.908372640609741,147902895
2016-12-13,2.8991342873085446,2.917610872411333,2.8806579024396775,2.9041733741760254,161187550
2016-12-14,2.8974549668549225,2.910892466211066,2.883177686362126,2.8840174674987793,101355869
2016-12-15,2.868899888003931,2.8831773671499286,2.8395055491360917,2.8512632846832275,229792762
2016-12-16,2.8479039602746052,2.8663805448729014,2.844544635865983,2.8512632846832275,142249704
2016-12-19,2.85126292347178,2.853782466517538,2.8361458654311225,2.842864513397217,87041876
2016-12-20,2.8386656800558066,2.842025004360245,2.8059118175612365,2.821868658065796,167465993
2016-12-21,2.826068184983176,2.853782963074988,2.826068184983176,2.852943181991577,129163126
2016-12-22,2.849583528994949,2.8512632913201283,2.8353062500496344,2.8479039669036865,103592371
2016-12-23,2.841185294712452,2.845384600669866,2.817669822099508,2.825228452682495,80260529
2016-12-26,2.816829783732421,2.837825710900084,2.7924743320120897,2.835306167602539,145262059
2016-12-27,2.830267158309338,2.8420250940969924,2.8260680528546813,2.8311071395874023,113296091
2016-12-28,2.828587448918067,2.83362653538837,2.806751541036024,2.8159897327423096,104911615
2016-12-29,2.812630543338792,2.828587584515066,2.8042321322303185,2.817669630050659,84878307
2016-12-30,2.8168296749869572,2.828587409765647,2.8134701505639863,2.8201889991760254,96078848
2017-01-03,2.8235486738351643,2.8588220827834117,2.8235486738351643,2.8521032333374023,105867931
2017-01-04,2.8504235969049625,2.878138374592272,2.844544728939039,2.877298593521118,113483983
2017-01-05,2.8764585165061543,2.880657822190044,2.8647007809655283,2.8714194297790527,65674831
2017-01-06,2.868899835370007,2.874778903269631,2.857982081300765,2.8621811866760254,77885978
2017-01-09,2.857982336924672,2.8756189414992623,2.8554627933805974,2.8722596168518066,77512872
2017-01-10,2.871419443064581,2.8772985110960114,2.861341469797665,2.8647007942199707,69721435
2017-01-11,2.85966198171721,2.8739392620566666,2.842865157760916,2.84370493888855,94705340
2017-01-12,2.84370476013965,2.851263390515045,2.826907937239167,2.829427480697632,84000935
2017-01-13,2.8285880654519944,2.8495839966760994,2.823548977883345,2.8344669342041016,97497540
2017-01-16,2.8285875962210416,2.8327867016756985,2.7849157781826803,2.8311071395874023,146915124
2017-01-17,2.821868670093601,2.841185035218841,2.8126304781585416,2.835306167602539,86494983
2017-01-18,2.831107201666622,2.8630210846171216,2.8302672203701387,2.853782892227173,113866267
2017-01-19,2.8462244825053875,2.8588222005895765,2.8386660518888105,2.84370493888855,106034647
2017-01-20,2.8386657730800255,2.868899893044664,2.836986010755805,2.8680601119995117,206369367
2017-01-23,2.86805991958023,2.890253260616522,2.8654993373174684,2.8689136505126953,142179834
2017-01-24,2.8689141492376296,2.875742776815155,2.8620853181485235,2.8706212043762207,84296275
2017-01-25,2.86891412506523,2.880864324981002,2.8595245078357703,2.879157066345215,67023992
2017-01-26,2.879156680540935,2.8996429673789197,2.879156680540935,2.8911070823669434,66176291
2017-02-03,2.891107368561444,2.8928144236258917,2.8654997109905795,2.874035596847534,112045005
2017-02-06,2.874888601344027,2.8817172273826133,2.8646454587746133,2.8731813430786133,101168895
2017-02-07,2.870620659314168,2.8774494891066427,2.8595239889739954,2.8680598735809326,91957105
2017-02-08,2.8672063689599034,2.8928140229842234,2.852695385363943,2.887692451477051,95170122
2017-02-09,2.8842781725469258,2.9090322994510727,2.88342464512278,2.897935628890991,98341142
2017-02-10,2.9004963471806393,2.919275374655686,2.89537477573185,2.9133002758026123,106142794
2017-02-13,2.912447391504844,2.932933683255152,2.912447391504844,2.9286656379699707,122506447
2017-02-14,2.9286647636650707,2.932932807676097,2.923543192256455,2.9320790767669678,77496950
2017-02-15,2.931225549680706,2.941468692499025,2.915860835453227,2.9218361377716064,124532123
2017-02-16,2.921836442795677,2.9346401691436768,2.915861139853508,2.9346401691436768,90500759
2017-02-17,2.9346402162849654,2.949151201351194,2.916714917705194,2.9175684452056885,125371532
2017-02-20,2.9175682283765476,2.9747586368906664,2.916714700939486,2.96536922454834,138284417
2017-02-21,2.96536922454834,2.976465895276339,2.9619549112885437,2.96536922454834,111851589
2017-02-22,2.9679302364094347,2.9773196494668612,2.961955136871839,2.9747588634490967,95185292
2017-02-23,2.9721979750940313,2.97731934309099,2.9542724748142724,2.9619548320770264,102858894
2017-02-24,2.9628087685959903,2.9628087685959903,2.948297782992585,2.9593944549560547,89741197
2017-02-27,2.9602481231338666,2.9602481231338666,2.9295188918913113,2.936347723007202,73568162
2017-02-28,2.932933022989193,2.950858320723744,2.9320792920173897,2.940615177154541,95073307
2017-03-01,2.9423227529398166,2.9636623663285664,2.937201180602812,2.9440298080444336,135589767
2017-03-02,2.949151382559858,2.990123757774582,2.925250982984952,2.9337868690490723,95548529
2017-03-03,2.9252507006265844,2.926104228097137,2.908178930146188,2.922689914703369,77837516
2017-03-06,2.9226895634514127,2.939761331880106,2.9175679922204982,2.9372005462646484,99993926
2017-03-07,2.935493889170791,2.94232272004765,2.9312260479453816,2.941469192504883,76185403
2017-03-08,2.939762012559421,2.945737112541799,2.9354939677082483,2.9448835849761963,110172149
2017-03-09,2.9397617994042764,2.9397617994042764,2.913300615185015,2.918421983718872,80900120
2017-03-10,2.915860789511379,2.928664717832541,2.915860789511379,2.9209823608398438,82574306
2017-03-13,2.91586113893148,2.9542727249864553,2.9081789845297337,2.9525656700134277,123668119
2017-03-14,2.950004690828372,2.953419004062364,2.94232233341823,2.9457366466522217,68053403
2017-03-15,2.940615210881795,2.953419140490153,2.9380544249601233,2.9508583545684814,57608618
2017-03-16,2.957686708468157,2.981587307028109,2.957686708468157,2.968783378601074,93477588
2017-03-17,2.9687837219052025,2.973051766378275,2.9329331251868913,2.9354937076568604,103774287
2017-03-20,2.9363470188966736,2.9431756448635378,2.9252503490668698,2.9372005462646484,88935003
2017-03-21,2.9372010545538205,2.9576871395111084,2.933786740979534,2.9576871395111084,107707450
2017-03-22,2.945736567322952,2.9525653971185815,2.9261040123667725,2.942322254180908,62825891
2017-03-23,2.9448832552550996,2.9593942398035344,2.9295185397250703,2.9508583545684814,85383956
2017-03-24,2.9517118802929545,2.987562679663599,2.9500048253538877,2.9790267944335938,128355180
2017-03-27,2.9781731536620115,2.9867090385672763,2.9619549112885437,2.96536922454834,86785604
2017-03-28,2.965369372892781,2.9713444722742195,2.953419174129904,2.961101531982422,66960838
2017-03-29,2.961101110758817,2.968783264006971,2.9448828698811047,2.9551258087158203,79010706
2017-03-30,2.9491509484716576,2.9551260474859036,2.917568195034264,2.926957607269287,119741074
2017-03-31,2.926957686259389,2.949151028060693,2.9261041588090473,2.9482975006103516,88619958
2017-04-05,2.965369066352729,2.997805549369253,2.9636618080581347,2.9969518184661865,135135515
2017-04-06,2.9952449227987406,2.997805708620899,2.9790266804289214,2.993537664413452,96078334
2017-04-07,2.9952450699373445,3.0097560546347135,2.9884162395722793,2.9995129108428955,75535316
2017-04-10,3.0020735270883265,3.0029270545188766,2.990123329014438,2.991830587387085,82112908
2017-04-11,2.990977025520234,3.0029272242696488,2.959394270177541,2.9995129108428955,105726827
2017-04-12,2.997806050256171,3.002927418972579,2.9824413335722313,2.9884164333343506,98867698
2017-04-13,2.9850019261455265,3.0046344827388047,2.982441140197572,2.9995129108428955,78443851
2017-04-14,2.99951299261311,3.0003667236267417,2.9696374949251325,2.9747588634490967,86076343
2017-04-17,2.968783765477885,2.9713445514970003,2.9500049393531236,2.9645159244537354,135776283
2017-04-18,2.9602479255697154,2.9739053833784297,2.9568336119954286,2.9576871395111084,83200637
2017-04-19,2.951711939948717,2.951711939948717,2.921836442795677,2.9346401691436768,212040104
2017-04-20,2.932933056628337,2.9551261954302293,2.932079325646742,2.9508583545684814,115800896
2017-04-21,2.953418731689453,2.9619546157430023,2.9397612765014687,2.953418731689453,81436561
2017-04-24,2.945736532998965,2.949150846101225,2.9073249509418075,2.9218361377716064,170077938
2017-04-25,2.9278117014465694,2.9406154284908617,2.923543656757424,2.9312260150909424,98383598
2017-04-26,2.9312256966495105,2.955126093075212,2.9312256966495105,2.938054323196411,87626463
2017-04-27,2.934640066876012,2.944883210406703,2.902203784881414,2.9397616386413574,209732693
2017-04-28,2.937201525028732,2.937201525028732,2.9158617056260283,2.9286656379699707,71528975
2017-05-02,2.9243972301483154,2.9278115436086236,2.914154086255831,2.9243972301483154,92082652
2017-05-03,2.9209827934344457,2.9278116240542538,2.906471808195757,2.909886121749878,82176804
2017-05-04,2.907325291333561,2.918421962848767,2.8962286198183556,2.898789405822754,104322842
2017-05-05,2.8945218296216972,2.896228884773086,2.8697676983223133,2.8800108432769775,146520934
2017-05-08,2.87659593008277,2.8800104469388175,2.8484274888454797,2.8552563190460205,164393876
2017-05-09,2.8509885804898216,2.8646460388440618,2.8415991669075957,2.8578174114227295,140023584
2017-05-10,2.8586709060744333,2.8714748367315512,2.845867178928889,2.847574234008789,167022419
2017-05-11,2.840745255131026,2.8689136955793386,2.8305021118728946,2.8620848655700684,218188437
2017-05-12,2.860378182358829,2.8894001540123804,2.856963665154761,2.885132312774658,145119742
2017-05-15,2.8928140462503222,2.9064715025421113,2.89025326047614,2.8970820903778076,102439193
2017-05-16,2.8945216855128946,2.932079542624143,2.883425013535003,2.9312260150909424,103313151
2017-05-17,2.927811441536745,2.9295184964516054,2.9107396713188147,2.911593198776245,109791866
2017-05-18,2.9013501918271527,2.9133005943515333,2.8936680373255204,2.898789405822754,97423640
2017-05-19,2.897936013952961,2.9081791584499497,2.897936013952961,2.9039111137390137,71594455
2017-05-22,2.904764912582187,2.9209829537321665,2.893668240288656,2.9064719676971436,86336579
2017-05-23,2.90561830281855,2.9312259599368713,2.9030575167555606,2.9192757606506348,151469922
2017-05-24,2.915007716041797,2.920129288167775,2.892814372503605,2.9192757606506348,140438333
2017-05-25,2.9167144119987833,2.985001484476127,2.9107393135081687,2.9815871715545654,248952501
2017-05-26,2.976465940475464,2.9901233972335928,2.9687835828906004,2.976465940475464,203202998
2017-05-31,2.985855410140838,3.0037809115154674,2.964515798900735,2.97817325592041,148033425
2017-06-01,2.9730518416543603,2.986709299397805,2.9704910556079915,2.985002040863037,90718196
2017-06-02,2.9832948170811697,2.9867093341904822,2.961101676940053,2.9773197174072266,131541298
2017-06-05,2.9687838112612157,2.9790269554956437,2.9551263534525014,2.9576871395111084,110178724
2017-06-06,2.9576867995813205,2.981587398877544,2.9551260138170274,2.980733871459961,95906865
2017-06-07,2.98414848686964,3.0234136012167614,2.9798804423263783,3.0217063426971436,166723728
2017-06-08,3.0199993647489016,3.0473140771788048,3.015731320096734,3.043046236038208,146093932
2017-06-09,3.042192479492664,3.0695073952051075,3.0413389519740153,3.0618250370025635,151231556
2017-06-12,3.055850028991699,3.0788971042904967,3.0481678740703417,3.055850028991699,124074038
2017-06-13,3.0481677826579103,3.0686538676864585,3.0464605241090443,3.0618250370025635,131625386
2017-06-14,3.06011795206406,3.06011795206406,3.0259744095129153,3.0310959815979004,142576188
2017-06-15,3.0302419780690943,3.039631593884356,3.008902367649464,3.020852565765381,120841927
2017-06-16,3.0208531457125107,3.0345106048290553,3.0114637316062063,3.0157315731048584,102395662
2017-06-19,3.017438498812706,3.0524355685834785,3.017438498812706,3.049874782562256,141314249
2017-06-20,3.0524353418652344,3.058410440967102,3.0336563136082577,3.040485143661499,129832010
2017-06-21,3.0601177324803155,3.079750288389614,3.040485176571017,3.0788967609405518,202666097
2017-06-22,3.0729217748771025,3.117308462986505,3.0712147198030935,3.0823113918304443,190007357
2017-06-23,3.079750387567351,3.1138939287680003,3.0660929303847793,3.1121866703033447,97993376
2017-06-26,3.112186701589741,3.1531590735493453,3.112186701589741,3.1505982875823975,107394592
2017-06-27,3.148890847841676,3.1574267327362997,3.1326728089999762,3.1523053646087646,80665111
2017-06-28,3.149744978661721,3.149744978661721,3.126698106871502,3.1309659481048584,79248790
2017-06-29,3.1318194844250566,3.1540128287331086,3.130965956878309,3.149744987487793,86837702
2017-06-30,3.139501469458491,3.1540124535851026,3.1292583260695643,3.144623041152954,82475091
2017-07-03,3.14547693391679,3.1480377200614336,3.1181622208932147,3.1309659481048584,96518891
2017-07-04,3.130112252843432,3.1309657803420547,3.098529496767187,3.105358123779297,135215496
2017-07-05,3.103650682029583,3.1514516788268523,3.103650682029583,3.1454765796661377,133333806
2017-07-06,3.1454767501216,3.1497447946171424,3.1207226211775168,3.142915964126587,161832079
2017-07-07,3.138648339347387,3.1454769667967675,3.1249908809370495,3.141209125518799,82642695
2017-07-10,3.1403549969037177,3.158280497834339,3.136940683611259,3.144623041152954,95092105
2017-07-11,3.1412088956748367,3.1949849943165063,3.1403551646724495,3.1702308654785156,131419688
2017-07-12,3.1651092834632415,3.1821810542949267,3.1377945722394815,3.151451826095581,117476077
2017-07-13,3.152305206353213,3.1864487442175937,3.152305206353213,3.1838879585266113,111237938
2017-07-14,3.184741802720531,3.2086424037100225,3.1753523899272804,3.205228090286255,85576653
2017-07-17,3.2026676175550057,3.2103497726318926,3.137794842112757,3.1616952419281006,194210589
2017-07-18,3.156573488319565,3.1676701600286608,3.1343801449013733,3.1634023189544678,160845690
2017-07-19,3.1625488028071485,3.233396882461198,3.1591344890134976,3.229128837585449,174118048
2017-07-20,3.226567507121561,3.245346535086461,3.2214459355391747,3.244493007659912,97697579
2017-07-21,3.235956976232182,3.2470536470185682,3.218031678890274,3.2282748222351074,97761450
2017-07-24,3.224860452268463,3.2513216340953957,3.218885149747982,3.244493007659912,64264258
2017-07-25,3.243639356892582,3.2453466152994235,3.213763861109496,3.2197389602661133,96998398
2017-07-26,3.2197392001317673,3.2342501853805343,3.188156240077406,3.2018136978149414,154254047
2017-07-27,3.2026672132247658,3.2188852524041494,3.1804738713343377,3.211203098297119,146357436
2017-07-28,3.2069351097645016,3.2265676661234224,3.20096001046112,3.2231533527374268,74148654
2017-07-31,3.223153645902608,3.247054045290019,3.215471287451694,3.2351038455963135,119463626
2017-08-01,3.235103300985564,3.264125267787906,3.23339624618045,3.2607109546661377,122451036
2017-08-02,3.262418212982792,3.27778272378652,3.2555893832277145,3.2607109546661377,118097968
2017-08-03,3.255589531968746,3.2632718894773713,3.221445992168035,3.2282748222351074,107292854
2017-08-04,3.2282750398173454,3.2402252388507145,3.207788751746925,3.2086424827575684,104071614
2017-08-07,3.202667167384574,3.2342499213490767,3.2001063815483657,3.2282748222351074,106249074
2017-08-08,3.2299823651559665,3.23595746517275,3.2197394237750148,3.229128837585449,121129512
2017-08-09,3.226567506790161,3.236810649953881,3.2154708361999798,3.226567506790161,96191652
2017-08-10,3.220592487713758,3.2444930878517786,3.195838360128093,3.2197389602661133,138679903
2017-08-11,3.1992527790393988,3.206081609380636,3.15401256663599,3.158280611038208,181664345
2017-08-14,3.159134180743254,3.2035208662641743,3.159134180743254,3.1975457668304443,148955883
2017-08-15,3.198399033088565,3.218885115689805,3.1941311924894316,3.2060813903808594,238628000
2017-08-16,3.2026674178299195,3.2069352588829743,3.1830348605581094,3.200960159301758,88139928
2017-08-17,3.206081412955022,3.2265674957005053,3.2043741545964206,3.2257139682769775,70331808
2017-08-18,3.215471084781436,3.2351036416886214,3.205228144337402,3.227421283721924,72499742
2017-08-21,3.2359568053680308,3.2487607338730027,3.228274651776587,3.2410783767700195,49078814
2017-08-22,3.2402249856365315,3.2530289146799545,3.231689100778099,3.2462000846862793,72334729
2017-08-23,3.246200299650172,3.268393642454053,3.241078727693652,3.2547361850738525,56394516
2017-08-24,3.2547359925548434,3.262418350035209,3.2333963820136704,3.237664222717285,76400150
2017-08-25,3.2368111624260947,3.2948551068462653,3.2359574313529187,3.294001579284668,202389591
2017-08-28,3.296561910368982,3.3528987918882813,3.296561910368982,3.331559181213379,229744938
2017-08-29,3.332412514934084,3.334973300628054,3.3187550590700887,3.324730157852173,121835533
2017-08-30,3.3238772668208343,3.3392417804146834,3.319609222009912,3.3213164806365967,83783479
2017-08-31,3.3213158561726033,3.3298517406779786,3.296561730053554,3.315340757369995,116677103
2017-09-01,3.3153408477412394,3.3307053588651123,3.3076584904235307,3.319608688354492,90011878
2017-09-04,3.3196087794429587,3.3341197635446647,3.3033905369421785,3.331559181213379,128022660
2017-09-05,3.3315592371940164,3.349484534883522,3.3289984513081508,3.3435094356536865,70319888
2017-09-06,3.3358272827013353,3.344363168340846,3.3213162974653234,3.333266496658325,78784301
2017-09-07,3.3358271589053587,3.3460703026972647,3.3179018607810815,3.3187553882598877,51305517
2017-09-08,3.3204623287755277,3.332412526380745,3.3016833014590867,3.315340757369995,58651566
2017-09-11,3.319608734342541,3.343509334047116,3.312780107862119,3.320462465286255,76006016
2017-09-12,3.328998565673828,3.3400952370566137,3.3153411083172024,3.328998565673828,62323672
2017-09-13,3.3307054502580664,3.335827021943739,3.3161944661563605,3.331559181213379,59311179
2017-09-14,3.329851877574723,3.341802075671236,3.312780107862119,3.320462465286255,62545471
2017-09-15,3.318755070166297,3.3298517403734236,3.309365658264705,3.3255836963653564,92683628
2017-09-18,3.323023013048829,3.35460596984932,3.3204624307789423,3.3383877277374268,110703771
2017-09-19,3.339241414975158,3.341802200879149,3.305097874270688,3.3170480728149414,88757581
2017-09-20,3.3153411869224856,3.3366807991950225,3.3136339283955936,3.3324129581451416,69777749
2017-09-21,3.3324129691478444,3.3426559098083173,3.3213162974653234,3.333266496658325,120840286
2017-09-22,3.320462782609644,3.328144937256385,3.3085123798595304,3.3238770961761475,74723487
2017-09-25,3.3196087000638257,3.321315958422076,3.3033904579508593,3.3102192878723145,84546032
2017-09-26,3.305951062727734,3.313633419651923,3.304244007974493,3.3119263648986816,60566307
2017-09-27,3.3110729055587793,3.323876834815839,3.306805064814127,3.3144872188568115,54881178
2017-09-28,3.314487116809353,3.323023001547403,3.3059512320713025,3.319608688354492,49663885
2017-09-29,3.319608733619685,3.345216388183015,3.319608733619685,3.330705404281616,88762589
2017-10-09,3.3904570327183015,3.401553704802168,3.3639958473322364,3.3657031059265137,165313691
2017-10-10,3.3631419335042203,3.377652917598352,3.3460701635685886,3.3699705600738525,141763845
2017-10-11,3.369970661851727,3.387896163283601,3.3639955625449547,3.382774591445923,108213609
2017-10-12,3.38192050909053,3.398138750387617,3.376799141296509,3.397285223007202,110217642
2017-10-13,3.389603261650106,3.404967977359997,3.389603261650106,3.404114246368408,54857403
2017-10-16,3.404113951240122,3.4169176763767535,3.3913102261034904,3.3921637535095215,105285388
2017-10-17,3.3921639348980497,3.3989927650460796,3.3827745223950054,3.3904566764831543,73448262
2017-10-18,3.3896034534290207,3.4152111108827907,3.3896034534290207,3.4109432697296143,95552332
2017-10-19,3.412650063475049,3.412650063475049,3.3972855515838964,3.4015533924102783,95638856
2017-10-20,3.398992787926494,3.4032606287251332,3.391310430275079,3.399846315383911,51650766
2017-10-23,3.4032608656400387,3.4126502788599233,3.393871452420154,3.4100894927978516,88406936
2017-10-24,3.4024071893350922,3.43313621371303,3.400699930864514,3.4322826862335205,93931730
2017-10-25,3.427160921474686,3.4476472079225537,3.423746811748772,3.4433791637420654,64082799
2017-10-26,3.444232883441924,3.4800838867270127,3.4374042565858036,3.4681336879730225,140318002
2017-10-27,3.4638658340851824,3.4860591778556635,3.462158779033035,3.48520565032959,69986193
2017-10-30,3.4877663028946357,3.4911808200905887,3.430575887268682,3.4698410034179688,155769168
2017-10-31,3.458744228838985,3.4715479556539655,3.4502081396135735,3.4672799110412598,67683593
2017-11-01,3.4664260890187624,3.48947295813694,3.451915308400778,3.455329418182373,129829402
2017-11-02,3.455329327209657,3.462158360639256,3.4408185469737154,3.4613044261932373,98210650
2017-11-03,3.4578903631939015,3.465572517127069,3.429721922741492,3.4519152641296387,112590577
2017-11-06,3.4467937248126344,3.4843513744192096,3.4408186256923563,3.4826443195343018,60852136
2017-11-07,3.4817911731381526,3.5253243336523643,3.4800841180664253,3.5167882442474365,103209215
2017-11-08,3.5133737265804514,3.5466637387566298,3.502277055855058,3.509105682373047,99446750
2017-11-09,3.5056913793798032,3.5364208111192807,3.501423741935256,3.535567283630371,121757350
2017-11-10,3.528737819233758,3.5722709720429044,3.5219091931323225,3.5671494007110596,126033530
2017-11-13,3.5680034053845846,3.5850751764333864,3.565442822887672,3.5748324394226074,88966535
2017-11-14,3.5765392678945958,3.57909985022933,3.544102782849352,3.5475172996520996,132724100
2017-11-15,3.5415422348422045,3.550077916397155,3.515934376131141,3.521909475326538,255412300
2017-11-16,3.5210560815456806,3.5586141400733817,3.517641564580209,3.55519962310791,193305451
2017-11-17,3.549224410545639,3.563735598407412,3.535567157165353,3.5594675540924072,188891042
2017-11-20,3.5492241733175214,3.5884892829402704,3.5202022065568945,3.5876357555389404,140347463
2017-11-21,3.582514506806177,3.6601912056471453,3.5765394074355727,3.6584837436676025,172888221
2017-11-22,3.6593374285989317,3.691773505674419,3.627754471920355,3.65762996673584,154947659
2017-11-23,3.6525088416627915,3.6525088416627915,3.5330064407702024,3.5415425300598145,299273363
2017-11-24,3.5330064845774283,3.5611749283453964,3.5133741302049146,3.544956684112549,216014969
2017-11-27,3.533860008897862,3.539835108659987,3.4852056832667206,3.4877662658691406,273105200
2017-11-28,3.483497925701096,3.508252257207191,3.474108716598814,3.503984212875366,104832040
2017-11-29,3.5073988543868975,3.5167880638228417,3.4578905966384568,3.5005698204040527,119168219
2017-11-30,3.497155897804826,3.504838052668212,3.4519156821160215,3.460451364517212,117615115
2017-12-01,3.459597225067758,3.486912136561942,3.4485005549927163,3.4630117416381836,84713268
2017-12-04,3.459597552149088,3.4920340380540216,3.445086364131687,3.477522850036621,77888620
2017-12-05,3.4689870098448554,3.5048376039819567,3.468133482416319,3.4988625049591064,81856493
2017-12-06,3.491180613470538,3.491180613470538,3.4365507837073674,3.4724013805389404,90833542
2017-12-07,3.4681337006809048,3.47923037199643,3.421186025948926,3.433136224746704,89747869
2017-12-08,3.4331358850383844,3.4758155111128364,3.428868248049403,3.466425895690918,94170770
2017-12-11,3.4655728494320734,3.52532425282721,3.4655728494320734,3.5236167907714844,92127790
2017-12-12,3.520202527407728,3.520202527407728,3.4664262259916536,3.4681336879730225,109485456
2017-12-13,3.4681340462411434,3.5005701289142346,3.4621589462469036,3.4928879737854004,115979105
2017-12-14,3.4937412184605563,3.503130834986857,3.4681337654224667,3.4817910194396973,155910158
2017-12-15,3.4724014420983704,3.474108904137138,3.43228280006901,3.435697317123413,92548743
2017-12-18,3.438257672120689,3.463012003324951,3.4254539463044424,3.4365506172180176,102803098
2017-12-19,3.4399653228666915,3.4834980744360693,3.4399653228666915,3.4817910194396973,105296944
2017-12-20,3.4792305065171223,3.489473243723299,3.4664263727189137,3.474108934402466,93004698
2017-12-21,3.467279983959034,3.528738443795819,3.465572928887306,3.5167882442474365,241553329
2017-12-22,3.515081008838693,3.5193490533221894,3.497155710435755,3.5005698204040527,129764867
2017-12-25,3.5031306285063906,3.5304455419539926,3.475815715058789,3.484351396560669,170234108
2017-12-26,3.4869126577403446,3.50313090158358,3.4698408863826975,3.4945948123931885,208995198
2017-12-27,3.4954480815912348,3.498009070968347,3.4331361003895693,3.4365506172180176,208485856
2017-12-28,3.440818773525423,3.4809374142061382,3.4322826846879337,3.4681336879730225,193950965
2017-12-29,3.4706940771194725,3.485205264525795,3.460450933894197,3.4792301654815674,108315943
2018-01-02,3.4877657111909426,3.53215239209233,3.4860586563941447,3.5304453372955322,168876561
2018-01-03,3.5304457888611016,3.5731250134015444,3.527031271807688,3.549224615097046,126793328
2018-01-04,3.5492246592414736,3.5680034857109844,3.5423960320728454,3.56032133102417,92220709
2018-01-05,3.5671500351748495,3.5825147519031986,3.5551998356160714,3.5739786624908447,127131673
2018-01-08,3.5731248171091132,3.597025621123734,3.562028146074039,3.588489532470703,105696705
2018-01-09,3.5884893054874425,3.6200722616735823,3.5825142066175086,3.61751127243042,107946072
2018-01-10,3.6140980444189954,3.6362913904991427,3.6030013713789213,3.6328768730163574,144965698
2018-01-11,3.626901160792038,3.6328762601114626,3.612389972717371,3.6277546882629395,98475059
2018-01-12,3.6277544377773783,3.6508013059928572,3.623486393694453,3.6473867893218994,103574919
2018-01-15,3.6473868692663527,3.6789698263399275,3.6371441330751484,3.6405582427978516,157364726
2018-01-16,3.640558490293116,3.679823603935219,3.636290852849611,3.677263021469116,123183954
2018-01-17,3.6781162650891828,3.6934809797693546,3.654215869157643,3.666166067123413,158939722
2018-01-18,3.671287988263008,3.7011634860221734,3.6687269987275766,3.6900668144226074,125086310
2018-01-19,3.6917739026724226,3.725917445282657,3.6892133201370654,3.700309991836548,218506460
2018-01-22,3.6892132920747605,3.7498182222050267,3.6892132920747605,3.7472572326660156,139873365
2018-01-23,3.75502089820485,3.7860753209270297,3.752432789700301,3.785212755203247,158466266
2018-01-24,3.7852123767110597,3.7955639870277715,3.757608219644214,3.7878000736236572,161345725
2018-01-25,3.785212868540871,3.7869380000400903,3.7446693989767192,3.7636470794677734,154871983
2018-01-26,3.752432455881425,3.8076407706241553,3.7481192163130195,3.7826247215270996,98413154
2018-01-29,3.791251524788096,3.7955647651932187,3.7015380987611213,3.711027145385742,214053187
2018-01-30,3.7024004385760465,3.717927856286727,3.6704834487261824,3.6730711460113525,161687140
2018-01-31,3.6627191384152247,3.6972242331548997,3.6575433330709557,3.6842849254608154,166736854
2018-02-01,3.6834227870881957,3.6989502049222622,3.63684094491922,3.6584067344665527,439073590
2018-02-02,3.6316655293648576,3.686010880626175,3.6126878464164514,3.680835485458374,212796141
2018-02-05,3.6480548475209167,3.681697377958201,3.631664865154046,3.6773841381073,230839513
2018-02-06,3.6230392527378568,3.6342534322347424,3.567831332496741,3.5738697052001953,313173133
2018-02-07,3.6230386378686976,3.630802552407869,3.484155677925902,3.4893314838409424,339517812
2018-02-08,3.485018269225061,3.5126224305297993,3.434123186798593,3.460864782333374,312348562
2018-02-09,3.368563174716754,3.3823652542086267,3.2469325677153824,3.3012781143188477,416837179
2018-02-12,3.309042266405303,3.3685636265095678,3.2986906539813883,3.3487231731414795,193558868
2018-02-13,3.3789148469612265,3.434122960262216,3.3789148469612265,3.3892662525177,162462468
2018-02-14,3.3996179377836167,3.4254967607383335,3.3875411948714027,3.4194583892822266,93035624
2018-02-22,3.4643150524427955,3.4962324539953062,3.4522383089724467,3.490194082260132,189064057
2018-02-23,3.4970949809830443,3.5177982046073075,3.478979865978424,3.509171724319458,157657247
2018-02-26,3.535051304163438,3.565243167204544,3.4936452618023095,3.5540289878845215,202772259
2018-02-27,3.560929073091392,3.561792050114302,3.4979572530764393,3.5031330585479736,211823291
2018-02-28,3.474666745774025,3.497957667488674,3.4462000179746504,3.4677658081054688,239224566
2018-03-01,3.4505130386529004,3.508309056365026,3.4444746671605833,3.492781639099121,118636949
2018-03-02,3.46776563502754,3.4876062925842706,3.4574140233747426,3.4694907665252686,90614682
2018-03-05,3.472078753624601,3.492781564872636,3.4418866911380346,3.4617271423339844,96012470
2018-03-06,3.4867433596148047,3.5143475205937613,3.4479252267589193,3.5134849548339844,133593823
2018-03-07,3.5108972829731804,3.530737529591348,3.477254750098998,3.485018253326416,139728541
2018-03-08,3.486743447131047,3.5221115235021623,3.4772548122021196,3.520385980606079,93207522
2018-03-09,3.5264242292433057,3.5514406926970974,3.5143474860586674,3.546264886856079,111687110
2018-03-12,3.5635172432755593,3.5781816829214947,3.5514405007436625,3.5566163063049316,294989163
2018-03-13,3.554028688964505,3.560067061064855,3.5169358905385364,3.5186610221862793,143512766
2018-03-14,3.5108974077971498,3.523836717413956,3.503133492960477,3.5065841674804688,120903364
2018-03-15,3.50227073896541,3.5350507054775386,3.495369801629492,3.5324625968933105,100079431
2018-03-16,3.5281498128050797,3.5410891218903786,3.4927817372609917,3.4936447143554688,88323264
2018-03-19,3.492781698791523,3.515210053670066,3.4755291497567367,3.512622356414795,80902013
2018-03-20,3.501408589365633,3.521248837981109,3.4798427977111817,3.510897636413574,75493600
2018-03-21,3.5246990393679467,3.5488525253372156,3.485018136132773,3.492781639099121,129100272
2018-03-22,3.498820347569829,3.510034113245932,3.453100662480737,3.4617271423339844,98444017
2018-03-23,3.3642503985049452,3.384090850733222,3.299553235905502,3.359074592590332,278976065
2018-03-26,3.332333166046938,3.3521736192801965,3.3012785346528544,3.3435473442077637,233957550
2018-03-27,3.382365278170339,3.3901289865020043,3.3513106505102734,3.373739004135132,143793379
2018-03-28,3.34182201872095,3.3677008424369173,3.3030036803136955,3.305591583251953,135099139
2018-03-29,3.318531003788906,3.3806402650609217,3.2719491606682025,3.3659756183624268,193453972
2018-03-30,3.366838128043887,3.377189533673325,3.345272339732675,3.360799551010132,92303130
2018-04-02,3.3616622428386074,3.3953047730879446,3.3469975976273414,3.3495852947235107,177505995
2018-04-03,3.3288826616232465,3.345272645785931,3.3099047743997896,3.3280200958251953,140985282
2018-04-04,3.335783618040185,3.360799670114494,3.315080394714402,3.3193936347961426,102878409
2018-04-09,3.3228442995100718,3.3426847525901335,3.3021412806294137,3.323706865310669,119199109
2018-04-10,3.3271574041731893,3.3892664582825134,3.3237067297782734,3.38840389251709,159073409
2018-04-11,3.397030396234754,3.4134203808826524,3.3866789893518376,3.3927173614501953,136495500
2018-04-12,3.3918542548674715,3.3970300606309065,3.3564865915950026,3.357349157333374,96730312
2018-04-13,3.377189657294154,3.387541268969109,3.3280199131713335,3.3340582847595215,121246776
2018-04-16,3.3280201626211308,3.338371569405362,3.270223933992694,3.281438112258911,114159639
2018-04-17,3.2909271605110773,3.295240195256637,3.2305430287402634,3.233130931854248,138299800
2018-04-18,3.261597301898129,3.273674250324661,3.2003508167108996,3.2400317192077637,212567660
2018-04-19,3.2477955376811822,3.2943773788564488,3.2469327662643983,3.2857511043548584,171495153
2018-04-20,3.2753995996069234,3.2866137773917217,3.2288177569110608,3.234856128692627,163178579
2018-04-23,3.2288179648099167,3.2684988725008743,3.218466352136927,3.2486584186553955,106409975
2018-04-24,3.2555589106401306,3.32543187527679,3.2555589106401306,3.316805601119995,179486723
2018-04-25,3.3030039712256194,3.309904909224367,3.2892018895614976,3.2969655990600586,107213904
2018-04-26,3.301278500683621,3.3073170782721477,3.2262299288923426,3.231405735015869,127956877
2018-04-27,3.248658373316484,3.2512462764486143,3.2020763226047664,3.238306760787964,117876195
2018-05-02,3.2521088876575166,3.2684988725008743,3.227092627475543,3.2486584186553955,113098000
2018-05-03,3.240031663037764,3.2797125648467094,3.2184658750546684,3.2676358222961426,150087441
2018-05-04,3.26591089368758,3.2771250719347003,3.246933006115541,3.2521088123321533,111229369
2018-05-07,3.2572843723224345,3.308179453494135,3.252108566497074,3.3047289848327637,151975283
2018-05-08,3.3081794327798852,3.3564866107364293,3.3038661927302235,3.347860336303711,188264393
2018-05-09,3.346997756919635,3.34786032265941,3.3237066309462744,3.3383712768554688,87267325
2018-05-10,3.3478602425566844,3.3625248881150047,3.3314702598934915,3.360799551010132,99489112
2018-05-11,3.3668383404040054,3.3728767121520256,3.337508841770835,3.340959310531616,85096764
2018-05-14,3.347860256335715,3.3780521132957553,3.347860256335715,3.370288610458374,180928713
2018-05-15,3.3771894539402014,3.383227825164795,3.3504480662789162,3.383227825164795,144488809
2018-05-16,3.3711511718162543,3.3789148803101843,3.348722817722635,3.355623960494995,87803478
2018-05-17,3.357349116125891,3.361662356098015,3.326294487593041,3.3271572589874268,83591034
2018-05-18,3.3314701533478126,3.367700586058638,3.31594294256694,3.3633873462677,191679213
2018-05-21,3.385815802846243,3.400480448382828,3.3694258202073417,3.379777431488037,158257390
2018-05-22,3.379777699274721,3.379777699274721,3.3452725998272936,3.3659756183624268,84688776
2018-05-23,3.357349092644723,3.3582116583664745,3.321118658665359,3.321981430053711,110004473
2018-05-24,3.321118748738334,3.329745023189605,3.2917894567373343,3.2952399253845215,121639995
2018-05-25,3.29437771607141,3.311630266840575,3.2788505026458132,3.2874767780303955,103168428
2018-05-28,3.294377535934144,3.321118926464136,3.2788503233575783,3.3081796169281006,91613409
2018-05-29,3.3038662714227653,3.312492546060947,3.2753995445501043,3.2771248817443848,126385560
2018-05-30,3.245207954780279,3.2495209896230874,3.214153322378875,3.2150158882141113,144032281
2018-05-31,3.2331306631631627,3.2831631783200583,3.2279550630319367,3.2805752754211426,170193623
2018-06-01,3.2659107101551057,3.2771248877720294,3.243482354921259,3.2581470012664795,121025470
2018-06-04,3.275399687909288,3.2935150094089765,3.2641855098221635,3.2900643348693848,126079681
2018-06-05,3.2866138073221762,3.3211189067691365,3.28057543548562,3.3176684379577637,104885997
2018-06-06,3.313355347814929,3.320256285321987,3.3047290730978003,3.3116300106048584,83502820
2018-06-07,3.32370696065084,3.3375090421893967,3.304729278493622,3.310767650604248,109814321
2018-06-08,3.3038664659908195,3.3038664659908195,3.250383477817781,3.2667734622955322,135333285
2018-06-11,3.252970855180314,3.282300350470406,3.2521082895050903,3.2753992080688477,76834934
2018-06-12,3.276262420317048,3.319393794881527,3.259872436282561,3.3081796169281006,122168366
2018-06-13,3.2969654424170867,3.3012784770447294,3.2693612804003513,3.2745370864868164,114881661
2018-06-14,3.265048059714712,3.296102688797244,3.2572843510274274,3.2659106254577637,137252556
2018-06-15,3.260734796524048,3.2797126824027396,3.2434822477858205,3.260734796524048,130340300
2018-06-19,3.2391694150988095,3.2391694150988095,3.11495089191669,3.1485934257507324,351576108
2018-06-20,3.137379247806052,3.163258072524557,3.109775085839666,3.1485934257507324,249030285
2018-06-21,3.1503182015121456,3.188273971345579,3.1175384428377364,3.122714042663574,333719959
2018-06-22,3.114087977764701,3.137379104044057,3.081308216889952,3.1365163326263428,154260956
2018-06-25,3.1468679325179116,3.15204373833838,3.0916598169883303,3.092522382736206,115424451
2018-06-26,3.0631930173655233,3.0804455659099697,3.0252372460344596,3.0623302459716797,202340188
2018-06-27,3.0649181604606945,3.0709565319075245,2.9821058859995064,2.9898695945739746,200894524
2018-06-28,2.976067856757034,3.0183366674117433,2.967441581460152,2.9726173877716064,162531044
2018-06-29,2.9752046546591737,3.0562917952474185,2.9752046546591737,3.0511159896850586,170604955
2018-07-02,3.045940246593059,3.049390920816468,2.937249150220702,2.97002911567688,212198117
2018-07-03,2.969166504036193,2.9786555501612,2.8889421288577846,2.958815097808838,361552434
2018-07-04,2.9527763795701083,2.9674410242545193,2.9234468845346995,2.927760124206543,126890878
2018-07-05,2.9286229104613177,2.956227070573847,2.8984308474840765,2.903606653213501,172621249
2018-07-06,2.9087822723798644,2.9596773493438997,2.8725518402642374,2.9286227226257324,235437839
2018-07-09,2.9415626355808406,3.0166112070357602,2.9415626355808406,3.0140233039855957,229957247
2018-07-10,3.019199025199476,3.025237396924548,2.992457635321781,3.02178692817688,145734481
2018-07-11,2.9674412781409907,2.984693826971273,2.932073409072289,2.971754312515259,195431757
2018-07-12,2.9700294015254416,3.0588800551642756,2.9683040642476834,3.0433528423309326,208933958
2018-07-13,3.044215398165731,3.0562921420706224,3.033863785866327,3.0485284328460693,132747563
2018-07-16,3.0459406250963883,3.070094319328701,3.024375039686544,3.0355892181396484,126517900
2018-07-17,3.03213851698931,3.0355889857106946,2.993320178290555,3.016611099243164,121537372
2018-07-18,3.020924128720902,3.0493908536036733,3.001946243576856,3.0028088092803955,127613656
2018-07-19,3.0183365640918134,3.0381770171621505,2.991594967620226,3.0045344829559326,141953100
2018-07-20,3.0028088917933586,3.0752697602133154,2.979517971825016,3.0623302459716797,193402166
2018-07-23,3.045077960149831,3.0899346725021704,3.036451685133352,3.0821709632873535,173776124
2018-07-24,3.089071585084776,3.154631305273031,3.089071585084776,3.139103889465332,260280530
2018-07-25,3.1399671051060487,3.1442801396629987,3.1235771213230894,3.138241767883301,202257308
2018-07-26,3.1356535371856675,3.1477302794829627,3.089934265060256,3.0976979732513428,155486234
2018-07-27,3.0933852949417777,3.108912714142247,3.079583213096904,3.089934825897217,87662456
2018-07-30,3.0890718869042133,3.1115002414845416,3.057154486514297,3.0726819038391113,159982013
2018-07-31,3.068368742403171,3.100286143610677,3.0649182736870273,3.0838961601257324,105773714
2018-08-01,3.1011488584549647,3.1132256023753393,3.0140233366009355,3.014885902404785,269610753
2018-08-02,3.0053968598331324,3.007984762737595,2.91395830943081,2.947600841522217,270606239
2018-08-03,2.946738157484048,2.958815106618505,2.90533212111812,2.9061946868896484,167573565
2018-08-06,2.906194405875334,2.9329359988730554,2.857887231008403,2.876002550125122,222204999
2018-08-07,2.881178524918684,2.9579524341520482,2.86651387797897,2.9562273025512695,225098060
2018-08-08,2.9510512787453074,2.951913844482074,2.901018764013996,2.913095712661743,197563683
2018-08-09,2.902744194050301,2.992457614876401,2.901018856854949,2.98296856880188,229221996
2018-08-10,2.978655319593122,3.00367157595604,2.963990674322886,2.9881441593170166,137674358
2018-08-13,2.9588151662879705,2.982968653710755,2.9260351983094863,2.9752049446105957,170754010
2018-08-14,2.9726171031172464,2.976930137519363,2.943287605383105,2.9622654914855957,97181092
2018-08-15,2.96054023456335,2.962265571770922,2.8854916651996865,2.8915300369262695,151489700
2018-08-16,2.8725520393234216,2.913095713968682,2.839772278978956,2.879453182220459,207748996
2018-08-17,2.9001563973608695,2.9036068662113985,2.8276957288332865,2.8354592323303223,180110413
2018-08-20,2.8423602102079872,2.868239033580146,2.820794421231218,2.8656511306762695,204679525
2018-08-21,2.8647885993134405,2.929485555687022,2.8647885993134405,2.914820909500122,232249206
2018-08-22,2.9199966922240974,2.9199966922240974,2.894980434495748,2.9096450805664062,116553337
2018-08-23,2.9113703659721777,2.935524057521842,2.8854915429546395,2.91827130317688,245065534
2018-08-24,2.9130954560045974,2.946737779107079,2.8889417665037596,2.922584295272827,203133054
2018-08-27,2.928622957692432,2.996770587673494,2.928622957692432,2.99590802192688,224129105
2018-08-28,2.996770639693694,3.005396914309395,2.9786555247007054,2.9872817993164062,143206281
2018-08-29,2.983831729759632,2.98728219893417,2.9683043099742545,2.9760680198669434,132357316
2018-08-30,2.9760675017282976,2.9915947131437224,2.941562404657041,2.9467380046844482,162923699
2018-08-31,2.9346613750691626,2.953639261457207,2.9087825512672527,2.9243099689483643,149124071
2018-09-03,2.920859206045294,2.9286229146505365,2.890667348691468,2.91827130317688,140562775
2018-09-04,2.9174088009290307,2.965715979412974,2.9070571892301116,2.9527766704559326,174997837
2018-09-05,2.9415625868168496,2.9467381871647618,2.8915300695652424,2.892392635345459,195263963
2018-09-06,2.8906674541803365,2.9139583751794143,2.8587500528606715,2.8673763275146484,213334039
2018-09-07,2.876002801829364,2.91913417500918,2.857887481127214,2.8863542079925537,185057798
2018-09-10,2.875139910493421,2.883766184769631,2.8414973791162197,2.8449480533599854,160330584
2018-09-11,2.8458105724344462,2.8587498808033387,2.824244784264161,2.8345963954925537,225378210
2018-09-12,2.833734041797138,2.838909642131971,2.811305686235278,2.814756155014038,206182200
2018-09-13,2.8432227162381025,2.859612699062883,2.809580184860901,2.8449480533599854,259771423
2018-09-14,2.848398718087472,2.859612895985452,2.836321974402453,2.8492612838745117,175624021
2018-09-17,2.8337344353809732,2.8389100364346573,2.8156191118598315,2.8225202560424805,115650820
2018-09-18,2.8130307896936766,2.8803158557071855,2.8121682239242554,2.8768653869628906,236746841
2018-09-19,2.8725521668990095,2.938974667608254,2.8665137951375534,2.9156837463378906,446329246
2018-09-20,2.91568364824042,2.944150374539022,2.907919939522636,2.9139583110809326,244090449
2018-09-21,2.9225847993276557,3.007122418660815,2.9130959584228964,3.005397081375122,477366017
2018-09-25,2.973479813032749,2.982968653710755,2.9588151662879705,2.9752049446105957,208980617
2018-09-26,2.976067680491273,3.0330011352119794,2.974342343267434,3.0079848766326904,301578428
2018-09-27,2.9976333265636166,3.0079849387873203,2.9846940169506047,2.9950454235076904,231202883
2018-09-28,2.999358530770012,3.0295505946387338,2.995908062070715,3.026099920272827,302266815
2018-10-08,2.959677688762144,2.9622655917576566,2.8811784444536936,2.8820412158966064,429904746
2018-10-09,2.8880796432495117,2.9079200961525595,2.8777280310682283,2.8880796432495117,196570044
2018-10-10,2.8906674481438404,2.91395836909428,2.858750046890827,2.8863542079925537,263664079
2018-10-11,2.80354175904385,2.8225196443499714,2.7172790179552937,2.7379820346832275,667556837
2018-10-12,2.7414326360330445,2.8026793291403242,2.7267679899040558,2.788877248764038,500732547
2018-10-15,2.794053451440098,2.7966413547323627,2.7457462660955527,2.7483341693878174,292629244
2018-10-16,2.7517841992625236,2.7845639596205443,2.7198670046420124,2.7302184104919434,493884019
2018-10-17,2.764723521785618,2.773349796203568,2.6957133264420157,2.7397074699401855,643736526
2018-10-18,2.721592242620859,2.7302185173333418,2.6784608690584473,2.679323434829712,593291440
2018-10-19,2.665521380713112,2.7604106091624163,2.650856734122449,2.7474710941314697,673105315
2018-10-22,2.8035419843181297,2.9070572819422087,2.7604106103080968,2.892392635345459,934186388
2018-10-23,2.8898046978050944,2.891530035011524,2.779388258258915,2.7949156761169434,859975998
2018-10-24,2.7914651650681384,2.8544369899826454,2.7854267934370607,2.7992286682128906,530668997
2018-10-25,2.734531915458269,2.8173441986143213,2.726768206068651,2.813030958175659,528384552
2018-10-26,2.8190688751027033,2.8337337256931376,2.7629981981193716,2.7845637798309326,449965791
2018-10-29,2.7768004482343076,2.782838819711785,2.68277379046615,2.7008891105651855,408324867
2018-10-30,2.6922629732321854,2.7621357373132205,2.6810487954414097,2.732806444168091,546588034
2018-10-31,2.7388447159341345,2.788877231276111,2.7293558757140794,2.764723539352417,379812449
2018-11-01,2.7957779563609173,2.829420485950871,2.7793879744068493,2.7845637798309326,517841018
2018-11-02,2.889804917845362,2.9139586122414634,2.832008893528441,2.9010190963745117,857183305
2018-11-05,2.881178483597962,2.8846291580832695,2.834596640379092,2.8639259338378906,451180900
2018-11-06,2.8535748385549575,2.859613211062786,2.818206963723427,2.845811128616333,337071814
2018-11-07,2.8483990839774695,2.877728381170462,2.8199323526823172,2.8225202560424805,392048742
2018-11-08,2.850124084061926,2.8570252279256563,2.816481753267784,2.819932222366333,312186607
2018-11-09,2.80440423017886,2.806129567209085,2.782838648467299,2.7845637798309326,300641309
2018-11-12,2.777662949889017,2.8199317549228287,2.7733497099808373,2.8156185150146484,347471891
2018-11-13,2.7845639277599106,2.861337830518164,2.780250893455106,2.8449480533599854,449938160
2018-11-14,2.836321954596146,2.844085457958522,2.803541986918152,2.8104429244995117,341269217
2018-11-15,2.810442644398125,2.848398414312603,2.8078549473129777,2.8475358486175537,334424552
2018-11-16,2.851849307614186,2.884629276908583,2.8276958192217876,2.8561625480651855,415306733
2018-11-19,2.8552996751198596,2.888942209042413,2.849261303236317,2.8880796432495117,365042287
2018-11-20,2.869101995406112,2.8760031393246894,2.8156190041203346,2.825108051300049,382519118
2018-11-21,2.7992289117724,2.834596784545979,2.797503780108623,2.827695846557617,289117040
2018-11-22,2.833734304427161,2.835459436143119,2.8000917679663866,2.819932222366333,322232716
2018-11-23,2.8147561275100004,2.8173440304854362,2.743158026967236,2.7466084957122803,367248738
2018-11-26,2.754372162166675,2.7776630829198448,2.737982178797181,2.7509214878082275,426056068
2018-11-27,2.7612734801825036,2.7716250933515623,2.7397078936358144,2.7483341693878174,279828903
2018-11-28,2.749196611952563,2.7931905546145157,2.743158239763665,2.7897400856018066,251727744
2018-11-29,2.804404310291649,2.812168018649559,2.760410374263354,2.7621355056762695,203787998
2018-11-30,2.760410351045791,2.791464978549636,2.7526466427531813,2.790602207183838,269127077
2018-12-03,2.869964033984184,2.880315645126873,2.8397721775956675,2.863063097000122,592549035
2018-12-04,2.8587500528606715,2.8716895676749425,2.8483986466758653,2.8673763275146484,220401803
2018-12-05,2.836321997135506,2.8708270968930427,2.8328713226264584,2.8544371128082275,269428273
2018-12-06,2.8302836811992225,2.8302836811992225,2.792328109090779,2.7966413497924805,435470972
2018-12-07,2.798365915476448,2.8044042867040573,2.790602207183838,2.790602207183838,192426645
2018-12-10,2.7716246823305895,2.786289328367622,2.753509361971167,2.764723539352417,260128623
2018-12-11,2.771624761113364,2.778525698621088,2.760410583413354,2.775937795639038,151831888
2018-12-12,2.790601977686295,2.800091022263532,2.7750747680446195,2.785426378250122,209047639
2018-12-13,2.7906028613233267,2.845811192345475,2.7862898261497078,2.832871675491333,417723230
2018-12-14,2.823382565275277,2.824245131094704,2.7811137551239966,2.7837016582489014,300148418
2018-12-17,2.7785256889493333,2.788877300841498,2.757822670831615,2.7802510261535645,350731460
2018-12-18,2.766448915183788,2.7862893673151334,2.7345317197550862,2.745745897293091,327863254
2018-12-19,2.7483340668864322,2.754372439120965,2.71124085630294,2.7172794342041016,291027768
2018-12-20,2.711240352058077,2.7224545285984556,2.6767352567543248,2.6974384784698486,346518081
2018-12-21,2.690537575992784,2.6922629131785003,2.646543637256419,2.6637961864471436,386498126
2018-12-24,2.654307195804471,2.672422516799312,2.6448183552515823,2.669834613800049,241440710
2018-12-25,2.6456810575997376,2.665521511173847,2.610313390895146,2.653444766998291,403131569
2018-12-26,2.645681054937822,2.6612084737193062,2.6318791791320018,2.638780117034912,216459817
2018-12-27,2.6715598244875296,2.675873064836265,2.627565883530172,2.632741689682007,235347582
2018-12-28,2.6379175512137043,2.662933605361722,2.627565938692715,2.638780117034912,389266656
2019-01-02,2.648269072501618,2.648269072501618,2.5956488531349553,2.6025497913360596,350934863
2019-01-03,2.60168722547758,2.6405055684420335,2.596511418993435,2.6025497913360596,268176241
2019-01-04,2.588747665970221,2.670697385487545,2.585297196927378,2.6689722537994385,479847743
2019-01-07,2.588747510684012,2.689675112382767,2.666384190657398,2.6801862716674805,416831608
2019-01-08,2.6801862716674805,2.6827739690444172,2.668972093700952,2.6801862716674805,197084842
2019-01-09,2.6905377040912697,2.742295354127663,2.689675138290649,2.700026750564575,439688193
2019-01-10,2.6991636005997344,2.7207293879240866,2.6862242927383955,2.7026140689849854,247692317
2019-01-11,2.700889202527754,2.730218495178878,2.699163865332613,2.722454786300659,251368241
2019-01-14,2.7215922693327133,2.7215922693327133,2.6931255419354647,2.6991639137268066,203912053
2019-01-15,2.7026145113286186,2.7517844651159282,2.6965761392494665,2.750059127807617,351830119
2019-01-16,2.751817236422347,2.75269606674809,2.7368760731613917,2.7500593662261963,187728100
2019-01-17,2.7500588342445833,2.7641211644595267,2.733359804017799,2.7351176738739014,238176691
2019-01-18,2.7430276734274424,2.7904878528127783,2.7430276734274424,2.7825777530670166,388985926
2019-01-21,2.7825780743262953,2.8124606069676865,2.7799415836512655,2.7975194454193115,285184899
2019-01-22,2.7922459656300815,2.7922459656300815,2.755332373148337,2.7623634338378906,254310704
2019-01-23,2.7553324699401855,2.7790625625318355,2.748301409003638,2.7553324699401855,225512623
2019-01-24,2.7588477398261566,2.783456869868943,2.740391049452534,2.77642560005188,254376976
2019-01-25,2.7790625438816146,2.8150973071873575,2.7790625438816146,2.7975194454193115,272285916
2019-01-28,2.809824166249561,2.837948831493747,2.786972901931743,2.794003963470459,296695511
2019-01-29,2.7878511318149526,2.815096960884996,2.768515611975468,2.8063080310821533,358790006
2019-01-30,2.7931244949209533,2.815096923911784,2.7852143953389006,2.787851095199585,212926833
2019-01-31,2.798398290840294,2.8265229536397474,2.793124890372316,2.814218282699585,334294802
2019-02-01,2.829159596803734,2.8625574498528197,2.8142182259309814,2.860799789428711,351264883
2019-02-11,2.8520106317949434,2.904744425545811,2.8405852104737668,2.9003498554229736,387253735
2019-02-12,2.8994707655223535,2.927595425064519,2.8950761957931195,2.921442985534668,372881020
2019-02-13,2.9258380169002876,2.997028507116079,2.920564616211021,2.9820871353149414,427801646
2019-02-14,2.978571347104648,3.000543778228108,2.9706614562994793,2.985602617263794,379756065
2019-02-15,2.971540642681402,2.9838451050040216,2.93199034573623,2.936384916305542,447946854
2019-02-18,2.9557198835746026,3.023394832696305,2.9557198835746026,3.021636962890625,471106363
2019-02-19,3.027789279907484,3.0506405403149377,2.997906959164487,3.0137269496917725,678230531
2019-02-20,3.0207581327600943,3.034820462571677,3.001422403076091,3.021636962890625,611614499
2019-02-21,3.022515841209103,3.0655816614609797,3.004059150905994,3.0181214809417725,635292922
2019-02-22,3.013727133306977,3.1007378199144706,2.9970283116065075,3.098979949951172,592121710
2019-02-25,3.1464396861828186,3.3222184852558234,3.128861827229979,3.317824125289917,1151319843
2019-02-26,3.2905787077358584,3.3028831686289224,3.2281773635320086,3.2431185245513916,782003578
2019-02-27,3.242239219592574,3.2721217487315353,3.1903846801357822,3.2255403995513916,599435862
2019-02-28,3.2246616757480036,3.240481876761424,3.201810413980599,3.219388484954834,462897908
2019-03-01,3.2431187146261777,3.2949734709085234,3.214115221081452,3.2853055000305176,652737527
2019-03-04,3.3134299934006233,3.4065927000640586,3.2958521321261878,3.319582223892212,660330540
2019-03-05,3.316945433572465,3.352101155165596,3.305519803100234,3.3477067947387695,443103496
2019-03-06,3.3477067627268093,3.383741314151805,3.3169454018546554,3.370558023452759,580495917
2019-03-07,3.3661634109026872,3.370557980776479,3.307277599497324,3.333644390106201,618420999
2019-03-08,3.264211978655558,3.304641101975408,3.208841694029613,3.217630624771118,536077631
2019-03-11,3.217630823396164,3.2712432413654584,3.2053263615074274,3.2606966495513916,452305971
2019-03-12,3.2853050520483884,3.333644271212975,3.2589382623798735,3.282668352127075,530745016
2019-03-13,3.285305303834504,3.294094234397593,3.2457552210729177,3.2633330821990967,483233618
2019-03-14,3.2563016246115173,3.2791528846693154,3.2237826043541205,3.23960280418396,354622924
2019-03-15,3.248391672239238,3.320460981151026,3.248391672239238,3.282668352127075,387005565
2019-03-18,3.283547844555904,3.385499487240894,3.2738798736631285,3.383741617202759,571415655
2019-03-19,3.385499320309117,3.394288250977138,3.3441913671238814,3.3591325283050537,397086476
2019-03-20,3.3556169979467727,3.380225919999377,3.322218935681511,3.3591325283050537,327893321
2019-03-21,3.362648020001438,3.3872571513157363,3.348585689185358,3.3608901500701904,380012707
2019-03-22,3.36001128113189,3.372315741874837,3.315187798620598,3.3652846813201904,302384437
2019-03-25,3.3116718611351175,3.336280990696799,3.2756373112402413,3.281789541244507,435950896
2019-03-26,3.294094411240948,3.3028833422758708,3.232571893996487,3.2475130558013916,320140031
2019-03-27,3.25981739778152,3.2853051485283546,3.2527861279366577,3.27563738822937,350739341
2019-03-28,3.264212102289746,3.2905788955129207,3.250149770661791,3.2668488025665283,256884436
2019-03-29,3.273879915777895,3.4083507938580055,3.273879915777895,3.4004406929016113,634401638
2019-04-01,3.4224128046924123,3.4918454176372324,3.4224128046924123,3.4883298873901367,691035684
2019-04-02,3.4900880742012106,3.5050292371636296,3.468115849684004,3.482177972793579,383940043
2019-04-03,3.462842125737875,3.5410634640310175,3.458447555517555,3.528759002685547,542017944
2019-04-04,3.539305775741788,3.578856069235039,3.5217279140880406,3.5700669288635254,521370108
2019-04-08,3.6017071230697644,3.628073704481425,3.5164543103876014,3.547215461730957,763948328
2019-04-09,3.5524891057117722,3.5823718480273645,3.5340324136386956,3.5683093070983887,371223765
2019-04-10,3.5524892847377125,3.6087386131097046,3.529638021279672,3.573582887649536,385994627
2019-04-11,3.573582681409965,3.5894028826808126,3.4918456034778393,3.5120601654052734,502104128
2019-04-12,3.5006342126794796,3.5138175029825307,3.4742674225287558,3.499755382537842,282398882
2019-04-15,3.5542466013384355,3.580613180228464,3.476903896203403,3.477782726287842,722580318
2019-04-16,3.4610841156943466,3.5850081829948195,3.4575685853871247,3.5832505226135254,669085202
2019-04-17,3.582371531233377,3.6008282216743037,3.5524887915603562,3.5744612216949463,418151517
2019-04-18,3.5744615377894142,3.5867659991714658,3.5560048457163376,3.5683093070983887,356951847
2019-04-19,3.5709462900589193,3.6210429668426514,3.541063547130895,3.6210429668426514,457838576
2019-04-22,3.6210426568833287,3.6210426568833287,3.5155754926842238,3.5305168628692627,577508653
2019-04-23,3.5199696635679087,3.5603987805029895,3.5103016945978216,3.5243642330169678,353200067
2019-04-24,3.532274723321569,3.5437003543782155,3.474267737816946,3.5296378135681152,463122649
2019-04-25,3.515575649613323,3.524364789900208,3.454931964628422,3.4566898345947266,378555556
2019-04-26,3.4443849998589275,3.461084030337191,3.4021982181234094,3.409229278564453,628809844
2019-05-06,3.3204606927971363,3.33100728202189,3.1991733451279756,3.2281768321990967,1214522745
2019-05-07,3.2413604716388305,3.279152891923107,3.2229037813411447,3.258059501647949,483599688
2019-05-08,3.2141148658722676,3.266848446572143,3.2018101960732652,3.2158725261688232,475372780
2019-05-09,3.1947792283813405,3.209720389058166,3.136772246021532,3.170170307159424,554053021
2019-05-10,3.1947792224247666,3.2765162956803495,3.1402877704061685,3.2694852352142334,671996480
2019-05-13,3.2387241047628392,3.241360805011495,3.200931680591627,3.2097206115722656,425777021
2019-05-14,3.1903852928853045,3.2316932501778433,3.1842328522157723,3.1939008235931396,290068555
2019-05-15,3.2185093802113216,3.2870631641292403,3.2185093802113216,3.262454032897949,357513759
2019-05-16,3.258059736128529,3.282668658296532,3.2439974050848255,3.2782742977142334,247437408
2019-05-17,3.2782739708344457,3.2817895008586757,3.19038467250562,3.204446792602539,315390766
2019-05-20,3.1939006288202814,3.202689559826224,3.1429247032590273,3.1692914962768555,388224753
2019-05-21,3.1684124406113314,3.238723883656307,3.1675336104366583,3.208841562271118,350382927
2019-05-22,3.211478349633545,3.2193884500545042,3.181595817891466,3.2009315490722656,283508032
2019-05-23,3.185990301207007,3.19214253151866,3.1446823493746936,3.1499557495117188,310608303
2019-05-24,3.151713323079367,3.184232343636112,3.1402876929452908,3.155228853225708,299409208
2019-05-27,3.1561079163275556,3.2070836276891126,3.1235886859850126,3.193021297454834,435101077
2019-05-28,3.1886267836355175,3.2325714325368975,3.1859900837469732,3.2079625129699707,385067256
2019-05-29,3.199174020122285,3.2431186750254803,3.1921427496109875,3.2097206115722656,292852624
2019-05-30,3.2044467734221684,3.211478042973158,3.1701700939603223,3.2079625129699707,305426373
2019-05-31,3.20093141682868,3.2299349076293096,3.1895057865408787,3.1921424865722656,276030098
2019-06-03,3.2035680491515675,3.236087069458537,3.175443389107616,3.19917368888855,330813060
2019-06-04,3.1965370982734616,3.2035681587526867,3.1569868068300906,3.170170307159424,326322903
2019-06-05,3.1921428372485585,3.1991741079528935,3.160502642940674,3.1631393432617188,328564451
2019-06-06,3.163138725060302,3.1710488244774915,3.1350140668289224,3.1358931064605713,366067403
2019-06-10,3.1464399300034214,3.1947791506418866,3.1438032300017142,3.1763224601745605,335497545
2019-06-11,3.1815956470597753,3.2835474882256066,3.1815956470597753,3.27563738822937,466796339
2019-06-12,3.2712426199810314,3.2712426199810314,3.2439970010392836,3.251028060913086,259724900
2019-06-13,3.247512846411463,3.2615751770695716,3.216751694544942,3.2448761463165283,301229173
2019-06-14,3.2466337892918338,3.2668483489102704,3.214993599908862,3.2255403995513916,344513947
2019-06-17,3.2202667331220822,3.2510278802916956,3.2167512033804977,3.2281768321990967,235206148
2019-06-18,3.232571572930901,3.2448760332487603,3.205325952292124,3.23520827293396,265370585
2019-06-19,3.3151875813083995,3.3459487311493583,3.280031861750379,3.282668352127075,628901479
2019-06-20,3.28178958679993,3.4057136473700442,3.280031926514095,3.377588987350464,660928446
2019-06-21,3.3881361875257743,3.410108620051559,3.3688004552848696,3.383741617202759,421955172
2019-06-24,3.3881361291037364,3.4004405905245783,3.3679215669646494,3.389014959335327,307454039
2019-06-25,3.3881358189149964,3.3881358189149964,3.3134298079085127,3.3547377586364746,505703429
2019-06-26,3.335402484573666,3.366163637583194,3.3310079144039397,3.355617046356201,240208406
2019-06-27,3.357374482039733,3.4101082728231593,3.357374482039733,3.3925302028656006,473076803
2019-06-28,3.392530222145286,3.392530222145286,3.36528460121379,3.3916513919830322,386269026
2019-07-01,3.4470218698189816,3.484814293027845,3.43647527863756,3.475146532058716,510266004
2019-07-02,3.4751464739164826,3.4856932744660853,3.4602053128343018,3.480419874191284,333843577
2019-07-03,3.4725098846904485,3.4725098846904485,3.4382329913540763,3.451416492462158,251838500
2019-07-04,3.4452640558869283,3.4619628768996384,3.4074716343619467,3.42856502532959,386021727
2019-07-05,3.4276859837272826,3.4531737335330748,3.417139184121703,3.4461426734924316,236203923
2019-07-08,3.430322924491435,3.430322924491435,3.339796710457943,3.3670425415039062,422531310
2019-07-09,3.371436989331356,3.3784682595925544,3.345070197327293,3.3591325283050537,218346083
2019-07-10,3.370558378913411,3.381984010481338,3.3485859460382743,3.360011577606201,174479315
2019-07-11,3.3731948204996565,3.40307714251843,3.348585689185358,3.3608901500701904,234524437
2019-07-12,3.358253352329992,3.4013189614879393,3.356495482559527,3.3881356716156006,246010770
2019-07-15,3.375831769319027,3.4285653566056924,3.331008073444107,3.4004406929016113,448461100
2019-07-16,3.3951672192945943,3.4065928505822756,3.37934722726646,3.386378288269043,182887400
2019-07-17,3.376710109102709,3.397803499044586,3.364405649098666,3.3811044692993164,219966800
2019-07-18,3.3696793289245335,3.374073689486226,3.3573746583535953,3.3591325283050537,230549411
2019-07-19,3.367921272505074,3.412744753566898,3.367921272505074,3.3942880630493164,319938127
2019-07-22,3.39428766298587,3.403076592131388,3.348585147611337,3.3679208755493164,308863238
2019-07-23,3.3714370338395625,3.379347134408598,3.359132572650822,3.3758316040039062,167029018
2019-07-24,3.387257134425507,3.4276862567409037,3.385499264503025,3.4030771255493164,297445389
2019-07-25,3.402198412994498,3.4347174361000485,3.3978038428086625,3.4338386058807373,233629586
2019-07-26,3.4188971399230255,3.446142760196781,3.4162604399552916,3.438232660293579,285790892
2019-07-29,3.4364748192108534,3.439990349134665,3.4206546202367862,3.4329590797424316,247102162
2019-07-30,3.43647488481816,3.4707515641604774,3.4355958451619677,3.448779344558716,239654855
2019-07-31,3.4373539945487788,3.439990694642616,3.4162606033427076,3.42417049407959,216422852
2019-08-01,3.409229233121275,3.417139333170483,3.3793469123282125,3.3925302028656006,312465662
2019-08-02,3.3310078604421416,3.34858572174701,3.316066699287467,3.3406758308410645,490613929
2019-08-05,3.3266132111192177,3.3318864014172265,3.2782739919546313,3.282668352127075,354214662
2019-08-06,3.2308140058527606,3.2554229271985875,3.1965371143685335,3.24839186668396,583702695
2019-08-07,3.2563022321267487,3.2615756330538654,3.2237832058024076,3.2272987365722656,278581169
2019-08-08,3.248391786748827,3.278274107517607,3.248391786748827,3.2747585773468018,280984950
2019-08-09,3.2861842689106893,3.29145745949303,3.2422394075490257,3.2492706775665283,210963917
2019-08-12,3.258938298347646,3.3028829482801725,3.252786068311554,3.3011252880096436,180115577
2019-08-13,3.2756374171851395,3.287063047432495,3.2624539170748728,3.273000717163086,155348999
2019-08-14,3.3125513330844396,3.3169456938560957,3.2844266697851157,3.2853055000305176,193700550
2019-08-15,3.23432940652558,3.3037620168903645,3.230813876409117,3.2984886169433594,244306152
2019-08-16,3.2967308213785294,3.335402282164641,3.287941891117072,3.3125510215759277,257412533
2019-08-19,3.3380389802822936,3.392530222145286,3.322218780093972,3.3916513919830322,327943205
2019-08-20,3.38462025712767,3.396924717307003,3.3758313270646285,3.377588987350464,206912094
2019-08-21,3.375831346319965,3.385499106581068,3.3714367764910675,3.3767101764678955,242245207
2019-08-22,3.385499487240894,3.3881361875257743,3.36616375499999,3.383741617202759,264778500
2019-08-23,3.3863780561481485,3.420654947661666,3.3775891257250388,3.4074716567993164,285682076
2019-08-26,3.360011480222486,3.380226042445656,3.3538592494864745,3.3696794509887695,267490225
2019-08-27,3.3828623178357073,3.4399904668447525,3.3811044480413455,3.404834747314453,366176008
2019-08-28,3.4039558233854845,3.412744753566898,3.3863779630226563,3.3942880630493164,173957985
2019-08-29,3.3986822799870993,3.400439940114089,3.3644053929755704,3.384619951248169,233928253
2019-08-30,3.406592542741429,3.425049442908458,3.371436821816113,3.393409252166748,276281765
2019-09-02,3.391651405314241,3.4479007268120863,3.390772575148533,3.431201696395874,301944194
2019-09-03,3.436475286736671,3.439990817138764,3.42153391582466,3.4347174167633057,231345288
2019-09-04,3.4355957390656586,3.4795405960013275,3.43471690898122,3.477782726287842,293760544
2019-09-05,3.4900875061920433,3.557762248435336,3.4900875061920433,3.5103020668029785,527401698
2019-09-06,3.5217276077007793,3.535789728164673,3.5085443173797235,3.535789728164673,264029381
2019-09-09,3.5577623004981045,3.565672610278756,3.530516888622611,3.5480947494506836,282845401
2019-09-10,3.545457697881418,3.5507310978276396,3.519969947382381,3.538426637649536,168692850
2019-09-11,3.5489734984235297,3.5507311587393415,3.51030203785092,3.5129387378692627,304195543
2019-09-12,3.524364639125599,3.557762281154875,3.519091238996922,3.548973560333252,217205516
2019-09-16,3.556004536504982,3.556883366657384,3.5190911555686206,3.5366690158843994,181849801
2019-09-17,3.531395643685518,3.5322744738448395,3.4619628224834944,3.4725096225738525,381079011
2019-09-18,3.485693416041002,3.5023922381965993,3.479541185318733,3.4874510765075684,201031097
2019-09-19,3.5015132136896403,3.505028743972365,3.476904292165935,3.504149913787842,242177803
2019-09-20,3.510301847612109,3.519090986893346,3.5023917479857642,3.509423017501831,232504313
2019-09-23,3.499755615165932,3.5006344453659852,3.459326492338582,3.4786620140075684,289892128
2019-09-24,3.4804198548811396,3.512938877002479,3.4751464546355963,3.4812986850738525,211482034
2019-09-25,3.4751462672328577,3.4786617973587615,3.455810537223453,3.457568407058716,234976431
2019-09-26,3.470751989627483,3.478662090235203,3.4312019056781637,3.4338386058807373,317094917
2019-09-27,3.439111890092154,3.447900820622242,3.4276862594485755,3.4417483806610107,267734088
2019-09-30,3.436475457562087,3.4443853489738325,3.396046332066714,3.4004406929016113,263288381
2019-10-08,3.4048350111870302,3.4461429638820107,3.4048350111870302,3.422412872314453,323423873
2019-10-09,3.4145026467952837,3.4338383771446086,3.395166916445959,3.4320805072784424,250789659
2019-10-10,3.430323042367983,3.462842065159836,3.4180183716931256,3.4566898345947266,236335248
2019-10-11,3.46372108517837,3.5094236113603565,3.4514166233738814,3.4988768100738525,306020073
2019-10-14,3.51733275426279,3.5595199504310195,3.513817224430306,3.5243642330169678,395654617
2019-10-15,3.5234853283980083,3.527879898276788,3.5111808680088257,3.5129387378692627,295000513
2019-10-16,3.5173332532986534,3.5428214244480642,3.497997731704382,3.5006344318389893,314366343
2019-10-17,3.5041499040627584,3.5173331949725464,3.4953609736080224,3.5059077739715576,193642784
2019-10-18,3.5076653169561838,3.520848816969434,3.446142805831806,3.4549317359924316,308143071
2019-10-21,3.447021312242627,3.465478210527718,3.4426269523473416,3.462841510772705,184939266
2019-10-22,3.4698728744035727,3.483935204480714,3.454052884032178,3.476025104522705,164134229
2019-10-23,3.4769041370681206,3.481298497339345,3.447021607136382,3.457568407058716,147826200
2019-10-24,3.4584474080091874,3.4751464388627373,3.4391118865894654,3.461962938308716,202167106
2019-10-25,3.456689517034518,3.487450667034092,3.4355959175552466,3.4830563068389893,250290767
2019-10-28,3.4892085346907105,3.5085442643532656,3.4821772650204093,3.5032708644866943,267434287
2019-10-29,3.5059079390562324,3.5059079390562324,3.488330077319062,3.4918456077575684,209553585
2019-10-30,3.4856931711520422,3.4892087013828332,3.4619628706187893,3.468994140625,262846100
2019-10-31,3.476904489617184,3.4848143808163545,3.4593266276606927,3.4672365188598633,192782765
2019-11-01,3.4628417972060133,3.539305467792366,3.4575683972597915,3.538426637649536,320651363
2019-11-04,3.537547910678859,3.5568834316527616,3.535789831252682,3.5498523712158203,235968262
2019-11-05,3.549852576551892,3.6043438219517245,3.5437003459275442,3.5700669288635254,352935688
2019-11-06,3.568309003838853,3.5735824038528885,3.5445789133203176,3.5551257133483887,205938945
2019-11-07,3.555125674786152,3.5806134253364856,3.5445788748724816,3.5595202445983887,237722500
2019-11-08,3.5858869617808917,3.5894027015823475,3.5419425192536242,3.5454578399658203,297216299
2019-11-11,3.527001149022217,3.527001149022217,3.480419796870708,3.486572027206421,347068934
2019-11-12,3.482177972793579,3.497119345300659,3.461084578584556,3.482177972793579,330054660
2019-11-13,3.4777827167628867,3.4848137765083567,3.4645992178093716,3.4795405864715576,202016501
2019-11-14,3.4795414818690293,3.4944826448314483,3.4733890410777644,3.482177972793579,238587713
2019-11-15,3.48305651961963,3.497118850283342,3.4628419585801615,3.4654786586761475,187791494
2019-11-18,3.4637207182766185,3.4962397394058304,3.455810618149634,3.4900875091552734,240875274
2019-11-19,3.488329928841969,3.527001181108814,3.4830565286363466,3.5252435207366943,237888988
2019-11-20,3.5243641475415766,3.5243641475415766,3.4795404622445334,3.489208221435547,216610292
2019-11-21,3.480419741967176,3.4865719722058377,3.4602051813781625,3.471630811691284,244840685
2019-11-22,3.4795411104100626,3.503271202554987,3.422412955583662,3.4347174167633057,354707168
2019-11-25,3.440869604576362,3.460205335864449,3.430323013501199,3.4593265056610107,252457634
2019-11-26,3.468994179371044,3.4769042796371448,3.448779618387429,3.464599609375,285821518
2019-11-27,3.4628420360193988,3.4751464970460737,3.446143004886262,3.4593265056610107,211239168
2019-11-28,3.4593265639271626,3.473388685597565,3.442627532512761,3.4540531635284424,169480950
2019-11-29,3.4470218721971504,3.4522952725638185,3.3995616879864134,3.4162607192993164,302917100
2019-12-02,3.4197761529002944,3.4373540139285628,3.416260622603567,3.4232916831970215,174355701
2019-12-03,3.4153816562995445,3.4391119577880627,3.401319325265672,3.43735408782959,198551900
2019-12-04,3.427686317177298,3.4399907782177257,3.417139516545711,3.4391119480133057,158939610
2019-12-05,3.4461429182987287,3.470751839733757,3.4452640881173724,3.464599609375,219206401
2019-12-06,3.4663574662985233,3.486572027206421,3.4619628963189397,3.486572027206421,213071653
2019-12-09,3.485693112975415,3.4936030034765206,3.464599512853467,3.4742674827575684,232220816
2019-12-10,3.4681154615103305,3.4812987528361634,3.463720891371961,3.4769043922424316,186995451
2019-12-11,3.484047358174491,3.4858332168173067,3.467082446151214,3.483154535293579,170498912
2019-12-12,3.4831546213568827,3.485833302946796,3.4688683905043427,3.470654249191284,137151900
2019-12-13,3.503691072754423,3.5492282344688606,3.502798249842669,3.542978048324585,436082930
2019-12-16,3.542085030531246,3.5608355879324383,3.5277988003241996,3.553692579269409,302848303
2019-12-17,3.55190628816208,3.6322660838005207,3.5483347842654527,3.609050989151001,525630459
2019-12-18,3.6099444513105023,3.6224448221289753,3.591193469320844,3.5947651863098145,363117684
2019-12-19,3.5983370555408394,3.601015524074429,3.582264967053402,3.5903007984161377,264192000
2019-12-20,3.5885150663349448,3.612622985604728,3.5840505264578106,3.585836172103882,328779836
2019-12-23,3.5849434581636124,3.6001227239021127,3.5376204410097745,3.5394062995910645,447144760
2019-12-24,3.540299232319885,3.565300188828961,3.5394064094420226,3.558156967163086,312792100
2019-12-25,3.5581567118746706,3.5688714371642343,3.5474421994660834,3.5644071102142334,310578426
2019-12-26,3.5617285514623327,3.5947653384007534,3.5599426928922893,3.5903007984161377,332255940
2019-12-27,3.5938722961833864,3.6322662307263736,3.585836039549224,3.5867292881011963,436813014
2019-12-30,3.576907630165956,3.65012421309201,3.571550267297956,3.638516664505005,542381449
2019-12-31,3.633158988368776,3.6599458003990915,3.6269088031886914,3.6572673320770264,352185905
2020-01-02,3.678696805007078,3.7269126467855407,3.6778039821240673,3.7045907974243164,627623614
2020-01-03,3.710840865338265,3.7161982282279156,3.6903042366342764,3.69655442237854,469673776
2020-01-06,3.6840539720465557,3.724233979978045,3.6554815125005646,3.681375503540039,666504783
2020-01-07,3.691197079798793,3.714412177194357,3.6858397168796655,3.7099480628967285,464959514
2020-01-08,3.673339366912842,3.673339366912842,3.673339366912842,3.673339366912842,562852067
2020-01-09,3.694768960366901,3.7188768816879465,3.691197243008897,3.7126266956329346,394431722
2020-01-10,3.7188763491481835,3.7286982511547118,3.7001257936682097,3.711733341217041,379555000
2020-01-13,3.75191330909729,3.7545917773842192,3.75191330909729,3.75191330909729,373639185
2020-01-14,3.7358415126800537,3.7358415126800537,3.7358415126800537,3.7358415126800537,409962842
2020-01-15,3.7358414119792256,3.741198774587321,3.7010187679075774,3.7072689533233643,319607409
2020-01-16,3.713519236179409,3.717090953265842,3.692090210946692,3.701911687850952,416297801
2020-01-17,3.7072691370151376,3.7278057656574006,3.693875942712252,3.706376314163208,321627384
2020-01-20,3.7108408440771066,3.7349487640614223,3.6983404726602,3.7331631183624268,353488249
2020-01-21,3.7170910257769663,3.7170910257769663,3.6608389286995804,3.6653034687042236,618294600
2020-01-22,3.651017366923867,3.690304125920017,3.60190827953574,3.6778037548065186,907393261
2020-01-23,3.643874368838492,3.651910626774551,3.5322636254074338,3.567979097366333,753583400
2020-02-03,3.3304706444994534,3.335828007372623,3.2465391228754266,3.267075538635254,1471075772
2020-02-04,3.259039965940581,3.3715437436848417,3.2581469301368315,3.3661863803863525,735843705
2020-02-05,3.378686435339128,3.4420815402791085,3.3644002055126117,3.3992228507995605,553287488
2020-02-06,3.4135092356405763,3.493869255453921,3.390294137728365,3.4795830249786377,527965212
2020-02-07,3.4554747996626265,3.475118392655293,3.432259915247094,3.4715468883514404,346989051
2020-02-10,3.4536892514135684,3.4911905798647616,3.438510198033107,3.483154535293579,398519147
2020-02-11,3.490297550737996,3.5358349238469393,3.488511904972778,3.520655870437622,422258801
2020-02-12,3.5170842194685705,3.551014044219457,3.509048387611568,3.545656681060791,290783451
2020-02-13,3.5447637482097467,3.558156942809984,3.5161912875037875,3.5269060134887695,325961046
2020-02-14,3.522441485726994,3.5670858226860767,3.5206558399772248,3.551013946533203,313979347
2020-02-17,3.559049489156875,3.6340521349761357,3.559049489156875,3.628694772720337,581140084
2020-02-18,3.622444921500288,3.626909035656525,3.5822649137604317,3.606372833251953,709950982
2020-02-19,3.6036939936895305,3.6331592763776914,3.597443808013979,3.6072657108306885,440377238
2020-02-20,3.620659113336059,3.7001263117626295,3.606373095473435,3.688518762588501,605241099
2020-02-21,3.681375430992312,3.7304840920730507,3.6760180683228922,3.701018810272217,444470153
2020-02-24,3.6813752754427154,3.692982823109012,3.644766561121518,3.671553373336792,372727289
2020-02-25,3.6170878101037753,3.6751255557875275,3.582265162693524,3.6644108295440674,603830762
2020-02-26,3.6286953902809285,3.676911233026956,3.6144089465801095,3.6340527534484863,641793391
2020-02-27,3.6456601184021458,3.6581604899072424,3.6260163125267324,3.6349453926086426,475330532
2020-02-28,3.5804795675499292,3.58851539946519,3.5036910498540097,3.5117270946502686,560071042
2020-03-02,3.5251201754302808,3.651910390722313,3.5251201754302808,3.6394100189208984,426683708
2020-03-03,3.6760180939431115,3.695661473359922,3.6206588212272584,3.636730909347534,408776061
2020-03-04,3.6295878374814188,3.664410481585039,3.614408572450886,3.6626248359680176,295453297
2020-03-05,3.706376490202033,3.7572712270370623,3.6706610198566763,3.7501277923583984,547831292
2020-03-06,3.718876454927068,3.722448171875198,3.676017980359224,3.67958927154541,249987730
2020-03-09,3.6322666758957736,3.6322666758957736,3.5545855487372546,3.562621593475342,423642354
2020-03-10,3.5644072360561654,3.6501241898750187,3.520655723420429,3.64119553565979,859648156
2020-03-11,3.6411956512022043,3.6411956512022043,3.579586189538068,3.5813722610473633,703269381
2020-03-12,3.547442293899876,3.54922793957502,3.499226241694293,3.5251200199127197,388119218
2020-03-13,3.4224378312598476,3.509048030112167,3.3483282161311965,3.4724395275115967,717892899
2020-03-16,3.4688680996218535,3.4688680996218535,3.3179701847422787,3.3268990516662598,571080084
2020-03-17,3.356364176238808,3.3822579529670627,3.227788328264696,3.297433614730835,985255849
2020-03-18,3.3090413367658846,3.3599358572359015,3.237610188084041,3.242074728012085,783304767
2020-03-19,3.244753598549749,3.2563611475821643,3.117963594959441,3.2108237743377686,1248163833
2020-03-20,3.225109914615742,3.26528992366167,3.198323312878786,3.2536823749542236,678689518
2020-03-23,3.1608217608319915,3.1983230857530054,3.13671384226883,3.1483213901519775,807278071
2020-03-24,3.2045735828286226,3.2349316896849776,3.1572505638956607,3.224217176437378,832898539
2020-03-25,3.2974339511628963,3.3224346947747776,3.276897534818426,3.3090415000915527,1010026400
2020-03-26,3.2885048389434814,3.3233272702562013,3.2768972908789165,3.2885048389434814,355654180
2020-03-27,3.329577774466637,3.351899835613888,3.301898137641149,3.3036839962005615,491544293
2020-03-30,3.267075496042848,3.290290592936608,3.2411819306284073,3.2733256816864014,497134429
2020-03-31,3.3063628728581276,3.3090415544149456,3.267968721051727,3.2760045528411865,374003032
2020-04-01,3.271540018992928,3.324220398150047,3.262611151994144,3.279576063156128,355438884
2020-04-02,3.2661829108906852,3.32868498475563,3.2510038570972983,3.324220657348633,463048932
2020-04-03,3.3126129120691945,3.3251132835264103,3.2885049920071396,3.3010053634643555,324717000
2020-04-07,3.357256946605743,3.3867222268996673,3.355471088180276,3.375114679336548,546740521
2020-04-08,3.362614576917483,3.3742221254054336,3.350114205586146,3.3617217540740967,221917490
2020-04-09,3.376007734489697,3.382258132968582,3.3661860446759877,3.3715434074401855,328543624
2020-04-10,3.3715433634654275,3.4036873267503847,3.344756762874793,3.3608286380767822,464247186
2020-04-13,3.3483283946779725,3.3554714032886994,3.332256518863344,3.34207820892334,246696932
2020-04-14,3.357257088854844,3.4001157769533044,3.3527927619234696,3.39743709564209,376124777
2020-04-15,3.3956512842264033,3.4054729739163987,3.3760076919654347,3.377793550491333,239200804
2020-04-16,3.366185899316665,3.390293817833543,3.362614395255085,3.3795793056488037,227317249
2020-04-17,3.4054733182558605,3.433152957360691,3.401901813723915,3.409937858581543,570480887
2020-04-20,3.4161876175699346,3.425116484223827,3.4045800696317774,3.4242236614227295,382296046
2020-04-21,3.410830620861921,3.4152951611082396,3.366186282803714,3.3885085582733154,292757173
2020-04-22,3.371543380052614,3.419759218776771,3.36797187586582,3.4188663959503174,345671032
2020-04-23,3.4215453589602145,3.4304742266026804,3.403687623675283,3.412616491317749,201520738
2020-04-24,3.3992229852267033,3.403687525359476,3.373329418828188,3.3840439319610596,305829499
2020-04-27,3.3858296566928767,3.422437947657526,3.381365116736661,3.3992228507995605,309460942
2020-04-28,3.4108304865237082,3.4322599382524284,3.3536857786360916,3.420652389526367,422865548
2020-04-29,3.4161876676983054,3.4510103120237563,3.413508986374734,3.438509941101074,277834908
2020-04-30,3.453689444953483,3.4965479259728687,3.4492249045367536,3.4894049167633057,527998051
2020-05-06,3.451009966781033,3.505476197736822,3.4465454273947262,3.498332977294922,383453463
2020-05-07,3.498333257999932,3.5045834433375105,3.481368347580235,3.4920830726623535,274638833
2020-05-08,3.508154957580003,3.5465491053943277,3.506369311981785,3.5295844078063965,370674288
2020-05-11,3.5349420520109702,3.5644073355389474,3.5135126000771764,3.523334503173828,412309647
2020-05-12,3.5242272457573085,3.5358347943300146,3.4974406443312915,3.5224413871765137,586605193
2020-05-13,3.5117269661793977,3.535834886805226,3.5001194173031114,3.530477523803711,278396942
2020-05-14,3.5179769980032005,3.5179769980032005,3.497440582650668,3.501012086868286,300179639
2020-05-15,3.5072622711812005,3.517976996711102,3.4831543516199037,3.4840471744537354,543570346
2020-05-18,3.4831543953078166,3.516191182264739,3.4751183510595975,3.4947619438171387,302052954
2020-05-19,3.5269060563778707,3.5331562423181193,3.5108339672049524,3.520655870437622,278121100
2020-05-20,3.517977139594453,3.5215486439558172,3.5001194049066426,3.5063695907592773,197561343
2020-05-21,3.511726996292678,3.5179771822210446,3.481368676650763,3.483154535293579,236523366
2020-05-22,3.4804757283172476,3.4804757283172476,3.4045802512695773,3.4063661098480225,532861629
2020-05-25,3.4036872996312004,3.4188663518901885,3.390293893002107,3.408151626586914,250559675
2020-05-26,3.423331143875973,3.451903391987597,3.423331143875973,3.4492247104644775,475110838
2020-05-27,3.449224790678731,3.450117826461201,3.422438187705583,3.433152914047241,231199608
2020-05-28,3.434938143842762,3.4679751417680778,3.4063658985270706,3.4376168251037598,284073116
2020-05-29,3.4197593782585396,3.4527963789497633,3.413509192419927,3.4519033432006836,246295720
2020-06-01,3.4831546556170885,3.550121270261614,3.4777972923845666,3.542978048324585,350928902
2020-06-02,3.5429777988290394,3.561728568822442,3.5358347902760188,3.552799701690674,162838185
2020-06-03,3.5697643195533395,3.5894079119517097,3.5501209400359492,3.5519065856933594,365752469
2020-06-04,3.5635142694013213,3.567085773732836,3.5402991719249948,3.553692579269409,281384424
2020-06-05,3.5527999746931997,3.5751222506783904,3.5402993894433727,3.5742290019989014,201359632
2020-06-08,3.589408030278598,3.613515950496205,3.5822650216515246,3.591193675994873,285603662
2020-06-09,3.5929795232742334,3.6161946191851,3.5831576209236524,3.6153013706207275,294492489
2020-06-10,3.6117302508166444,3.612623073661442,3.5956581623243835,3.6072657108306885,318357157
2020-06-11,3.60101581833353,3.6161950852168205,3.5572643021616375,3.5742290019989014,305193298
2020-06-12,3.5376204067734234,3.5920864319633394,3.5197626726572886,3.583157777786255,309073335
2020-06-15,3.55547813604818,3.579585841459628,3.5313700048747934,3.5322630405426025,280526100
2020-06-16,3.5670860122554227,3.5885154654394222,3.56351450768509,3.58762264251709,247695273
2020-06-17,3.589408030278598,3.5920864988530106,3.5679787915163907,3.591193675994873,279025595
2020-06-18,3.5831576523720567,3.6206587649747726,3.5760146441280085,3.618873119354248,343002705
2020-06-19,3.6170876287875897,3.683161202960828,3.6170876287875897,3.6653034687042236,369563643
2020-06-22,3.6653037384373692,3.696554669245719,3.65816072936146,3.6688754558563232,521244200
2020-06-23,3.6608391471351154,3.69030443170475,3.6483387749858154,3.685839891433716,398167830
2020-06-24,3.6947688632932403,3.720662429731983,3.6929832175421495,3.7179839611053467,457942198
2020-06-29,3.7054836983214683,3.714412353101542,3.6661965103079575,3.685839891433716,212654964
2020-06-30,3.703697669453204,3.742984857919629,3.7019120236290024,3.7304844856262207,542468494
2020-07-01,3.7385199792977484,3.8179871719516982,3.7349486879725124,3.814415454864502,574064113
2020-07-02,3.812630442127706,3.9063836671702736,3.8063802555090036,3.90191912651062,550437787
2020-07-03,3.916205268436629,3.985850564594821,3.901026001673178,3.979599952697754,586768714
2020-07-06,4.042102395673805,4.284967692919918,4.025137482435309,4.2715744972229,929317489
2020-07-07,4.304610894296481,4.330504459097614,4.21800069441642,4.228715419769287,1074501897
2020-07-08,4.2269302841514556,4.3197902549695355,4.203715185006434,4.284074783325195,903486859
2020-07-09,4.282289027979553,4.360862978435676,4.250145274626321,4.350148677825928,642434179
2020-07-10,4.319789674402676,4.336754585018006,4.252823280510125,4.272466659545898,564416770
2020-07-13,4.26978828462392,4.399256961210013,4.265323744730134,4.361755847930908,824378259
2020-07-14,4.3546123238768315,4.374256128699079,4.254608931435584,4.323361396789551,737641416
2020-07-15,4.339434150176881,4.37068508205726,4.254609583984405,4.2715744972229,662402942
2020-07-16,4.276930975790296,4.3108607952474705,4.062638185925478,4.067995548248291,1289918063
2020-07-17,4.080495863034232,4.1554980830118415,4.054601874531744,4.111746788024902,904292349
2020-07-20,4.14924792788051,4.232286404711957,4.093889085246853,4.22067928314209,724976202
2020-07-21,4.24032384933193,4.253717045925937,4.20639402058254,4.2313947677612305,465350652
2020-07-22,4.225143838294354,4.335861960889768,4.221572546903451,4.278717041015625,705437207
2020-07-23,4.234072722491005,4.276038374727202,4.162641788832631,4.255501747131348,430577055
2020-07-24,4.219786884432846,4.234073328667026,4.042102347654936,4.0662102699279785,648282022
2020-07-27,4.09210313690853,4.121568414434704,4.051030312909562,4.091209888458252,311101401
2020-07-28,4.120676201056737,4.143891299833721,4.095675456454446,4.122462272644043,374257289
2020-07-29,4.111747211006004,4.243894358070931,4.106389848204781,4.240323066711426,488385416
2020-07-30,4.241215863887983,4.247466049491263,4.204607573102778,4.209072113037109,297474433
2020-07-31,4.205500712073205,4.293896565760454,4.171570887240848,4.24121618270874,518524684
2020-08-03,4.276931311663488,4.31175395661548,4.260859223432886,4.308182239532471,434393304
2020-08-04,4.3296114828821795,4.339433385067981,4.289431477113467,4.311753749847412,311402501
2020-08-05,4.305503673951772,4.32603987587059,4.251037650676348,4.313539505004883,300697444
2020-08-06,4.313539370191574,4.3322903516660505,4.238537147341415,4.2974677085876465,224666976
2020-08-07,4.2885384500121955,4.290324095502019,4.196570895095577,4.254608631134033,343055100
2020-08-10,4.226036722657656,4.301932200724708,4.192107325140341,4.268895626068115,240425812
2020-08-11,4.272466607538711,4.33139716969064,4.219786230720354,4.226929664611816,248052945
2020-08-12,4.21889378552292,4.232286980184725,4.126926642880017,4.198357582092285,424060538
2020-08-13,4.209964870945028,4.218000702093327,4.176927872007219,4.184963703155518,197805792
2020-08-14,4.18585669425054,4.268002349369669,4.169784607180642,4.266216278076172,422185608
2020-08-17,4.285860779760783,4.384078112178843,4.270681512985301,4.354612827301025,563474986
2020-08-18,4.359076693795617,4.368005773050826,4.325146873844918,4.348361968994141,349311764
2020-08-19,4.345683542622329,4.349254833749338,4.277823902065902,4.280502796173096,405819093
2020-08-20,4.259073721517588,4.268895624505886,4.217108066745182,4.234965801239014,344280792
2020-08-21,4.256395363564003,4.292110833479945,4.235858734193245,4.270681381225586,289329087
2020-08-24,4.290324274805971,4.313539370191574,4.266216356638143,4.2974677085876465,415934500
2020-08-25,4.309075085126657,4.348361840555741,4.288538458903432,4.3055033683776855,216133255
2020-08-26,4.302825319384484,4.329612135857489,4.238537811373279,4.252823829650879,334981700
2020-08-27,4.258180558925539,4.2867530169884605,4.232286569230108,4.284966945648193,207431486
2020-08-28,4.279610235029442,4.397471364665053,4.2662166151985135,4.3903279304504395,554996485
2020-08-31,4.4153290603574895,4.435865262700874,4.348362239069932,4.35193395614624,488697161
2020-09-01,4.34479068273826,4.384077439371499,4.339433320331557,4.382291793823242,240533025
2020-09-02,4.393900027160444,4.397471744576323,4.334076634337974,4.378720760345459,385904700
2020-09-03,4.3733631034066995,4.4108646435879875,4.340326529016912,4.360862731933594,229830280
2020-09-04,4.294788839600091,4.327825837307285,4.277823929352771,4.311753749847412,375102467
2020-09-07,4.3037182820451365,4.334969211051715,4.205500529187636,4.225143909454346,445746642
2020-09-08,4.232287004798424,4.2590738200397995,4.200143252270758,4.246573448181152,485820300
2020-09-09,4.19657150909926,4.204607766503096,4.120676029772484,4.147462844848633,515494651
2020-09-10,4.182285763486431,4.20192914531144,4.137641210710854,4.151034832000732,423536864
2020-09-11,4.134069288049312,4.190320956138636,4.1313903938953755,4.183177947998047,279946274
2020-09-14,4.202821817609695,4.218001084222706,4.183178436488733,4.207286357879639,263594672
2020-09-15,4.201035772914026,4.245680319850433,4.191213870405148,4.238537311553955,292860603
2020-09-16,4.236751359450884,4.240323076580667,4.198357422675051,4.213536262512207,188912654
2020-09-17,4.199250122439431,4.227822581354358,4.167105946499405,4.187642574310303,408145361
2020-09-18,4.192107265115868,4.297468024888021,4.190321193658023,4.295681953430176,873517831
2020-09-21,4.299253830020871,4.330504759667488,4.241216085132877,4.246573448181152,381620413
2020-09-22,4.218893329410701,4.264430697252088,4.177820501227907,4.195678234100342,578513427
2020-09-23,4.1992503426517525,4.222465440127428,4.1822854309762985,4.208178997039795,466006228
2020-09-24,4.183178006233319,4.192999908664577,4.129604805790177,4.1394267082214355,344502320
2020-09-25,4.145676819476146,4.166213021019034,4.126033014965102,4.1421051025390625,325369201
2020-09-28,4.144784645703593,4.179607294685661,4.138534459406453,4.151034832000732,304679600
2020-09-29,4.1697848498123475,4.18496368923776,4.153712761807245,4.160855770111084,315881012
2020-09-30,4.172463403628681,4.192107209068566,4.125140387224898,4.148355484008789,454910191
2020-10-09,4.215323102153239,4.254609868930598,4.214429853386535,4.2313947677612305,359609638
2020-10-12,4.254609126060868,4.368898965942975,4.2528234803633245,4.363541603088379,360952774
2020-10-13,4.3617555063710265,4.387649069355792,4.339433234412064,4.377827167510986,320043929
2020-10-14,4.366220537441905,4.372470723812071,4.3421126149052665,4.356399059295654,278946496
2020-10-15,4.351933759956819,4.376041678289704,4.337647318057591,4.345683574676514,330528322
2020-10-16,4.343004765199307,4.36800593256977,4.307289298398016,4.333183288574219,283570693
2020-10-19,4.357290919547209,4.392113561242479,4.289431281650195,4.3055033683776855,601869622
2020-10-20,4.295682405301031,4.3340767721349325,4.292111113533607,4.332291126251221,273913000
2020-10-21,4.334968969610209,4.343004800689484,4.301931970956166,4.337647438049316,348894700
2020-10-22,4.323361396789551,4.338540661810201,4.278716850297479,4.323361396789551,257148347
2020-10-23,4.314432126388085,4.345683477855278,4.268895184863825,4.273359298706055,776805715
2020-10-26,4.247466368781859,4.264431281198037,4.201928994704854,4.24121618270874,507147375
2020-10-27,4.2296085479078025,4.259073831874196,4.2260368306117,4.253716468811035,299348813
2020-10-28,4.251929986818476,4.301931464558229,4.238536794675601,4.289431095123291,482829143
2020-10-29,4.245679714630704,4.349254384569997,4.243000820800178,4.328718185424805,371024766
2020-10-30,4.319790331678243,4.327826589686228,4.239430731932496,4.247466564178467,384587845
2020-11-02,4.249251563520916,4.289431570161227,4.249251563520916,4.272466659545898,200166029
2020-11-03,4.285859907411304,4.342111571221966,4.285859907411304,4.3180036544799805,356112935
2020-11-04,4.326039673823239,4.370684218340173,4.312646480772931,4.351040840148926,344738845
2020-11-05,4.393006923920825,4.4224722069950895,4.376934835217961,4.418900489807129,375894391
2020-11-06,4.427829253067438,4.430507721445275,4.382291884548687,4.4206862449646,354123679
2020-11-09,4.446580347327124,4.530511660661061,4.446580347327124,4.507296562194824,597987950
2020-11-10,4.518010796218107,4.5206896903902996,4.4572945879664045,4.483188152313232,384784687
2020-11-11,4.471580772964724,4.489438506992269,4.436758127746715,4.441222667694092,394072600
2020-11-12,4.446580104806499,4.459080476258537,4.425150653310449,4.438544273376465,258032875
2020-11-13,4.420686918037437,4.422472563894535,4.36354199299023,4.393007278442383,432927885
2020-11-16,4.415329285013593,4.442115674281966,4.384970752725199,4.4403300285339355,285050760
2020-11-17,4.43497236034447,4.437650828782202,4.405507078719664,4.432293891906738,298769617
2020-11-18,4.42872192764998,4.448365305715893,4.4055068327712075,4.4260430335998535,360698687
2020-11-19,4.416222301920372,4.4751528718143625,4.409079292852433,4.463545322418213,270079501
2020-11-20,4.4644378761250465,4.482295610599068,4.451937504569429,4.476938247680664,284503346
2020-11-23,4.491224510918911,4.558190906075117,4.472473528574173,4.528725624084473,521147087
2020-11-24,4.526047108666181,4.531404471818505,4.492117709717451,4.500153541564941,346142109
2020-11-25,4.513546700860167,4.533190507517294,4.44300858330155,4.444794654846191,425196010
2020-11-26,4.443007826464613,4.4555081963377985,4.408185185062774,4.451044082641602,395838615
2020-11-27,4.451044009166944,4.518010396885554,4.443901001609023,4.514439105987549,378780759
2020-11-30,4.526046801584444,4.580513252310653,4.4894385106623425,4.492117404937744,535115737
2020-12-01,4.488545717526972,4.598371016781997,4.487652894683252,4.591228008270264,475283650
2020-12-02,4.5939069659898975,4.611764702051818,4.560869962682437,4.581406593322754,292946878
2020-12-03,4.576940990534357,4.595691545182969,4.556404790422615,4.579619884490967,248986842
2020-12-04,4.5715840427400085,4.595691961725007,4.535868575668754,4.589441776275635,330154760
2020-12-07,4.589441922383204,4.591227993826994,4.533190251548053,4.550155162811279,359375330
2020-12-08,4.550155087217498,4.571584112329275,4.528725636343763,4.5358686447143555,361251873
2020-12-09,4.549261425573098,4.559976150037108,4.47425920584887,4.482295036315918,568550630
2020-12-10,4.473367214202881,4.493010595528461,4.457295124520861,4.473367214202881,318844690
2020-12-11,4.482295683417222,4.495688878049827,4.391221363848738,4.423365116119385,403011950
2020-12-14,4.428722383374028,4.466223497839324,4.418007657594808,4.462652206420898,251887731
2020-12-15,4.462651938145453,4.482295317051832,4.434079479705845,4.47604513168335,284133598
2020-12-16,4.482295438995033,4.491224518771182,4.468009422267544,4.484973907470703,284081500
2020-12-17,4.48408100515863,4.5519406478161875,4.476937996921506,4.54836893081665,466230890
2020-12-18,4.544797515286993,4.549261629211891,4.502831864059377,4.522475242614746,460711300
2020-12-21,4.5197960748963055,4.572476447878597,4.49568815811345,4.562654972076416,445896144
2020-12-22,4.552833243356035,4.568905330408737,4.487652498142327,4.493902683258057,515397033
2020-12-23,4.50015327369383,4.5519408305756555,4.497474805158101,4.530511379241943,338687208
2020-12-24,4.530511379241943,4.551048007730412,4.509082353670199,4.530511379241943,383376749
2020-12-25,4.51354673679869,4.570691659918449,4.502832436255479,4.5680131912231445,403356129
2020-12-28,4.564441863333423,4.607300346449193,4.556406030799851,4.580513954162598,447130014
2020-12-29,4.587656890160964,4.6001572631292085,4.559084426621252,4.566227436065674,342717900
2020-12-30,4.562654921616454,4.625156769709697,4.559976027691367,4.623371124267578,340671518
2020-12-31,4.632300605780263,4.726053811833872,4.6305145344209375,4.720696449279785,861799157
2021-01-04,4.714447042386896,4.791235350659007,4.696589306178544,4.762662887573242,506705639
2021-01-05,4.7510546136096385,4.861772731530932,4.736768171363241,4.851058006286621,622830794
2021-01-06,4.863558319274174,4.923381704454062,4.836771506482163,4.894809246063232,374945107
2021-01-07,4.901952660549237,5.000170414578739,4.89570247467334,4.999277591705322,470659227
2021-01-08,5.007313595764731,5.027850225608455,4.9278468223883065,4.974277019500732,697564767
2021-01-11,4.979633998969213,5.01802793546164,4.890345329003376,4.91802453994751,635965163
2021-01-12,4.907309835963343,5.064458151250948,4.903738544606194,5.060886859893799,596280782
2021-01-13,5.075172898936852,5.102852535885061,5.009099325160387,5.041243076324463,552434398
2021-01-14,5.035885262317449,5.035885262317449,4.944810954043989,4.949275493621826,696047994
2021-01-15,4.949275600953803,4.978740881587438,4.875165775097478,4.934096336364746,709049177
2021-01-18,4.931382404059117,5.018230927296823,4.898813884308065,4.987472057342529,396768553
2021-01-19,4.99199634618765,5.002852521202625,4.899719289942989,4.919622421264648,417009672
2021-01-20,4.917812430719363,4.9711882613623235,4.912384343587656,4.9467620849609375,422385751
2021-01-21,4.96033238566907,5.055323269117708,4.96033238566907,5.031801700592041,511620315
2021-01-22,5.027278551693246,5.0390393357170655,4.9811400249255495,5.034515857696533,554309326
2021-01-25,5.029992444675167,5.110508715227195,5.00375704830575,5.094224452972412,450177153
2021-01-26,5.072512432400243,5.07522669197678,4.978426152889621,4.985663890838623,392744995
2021-01-27,4.980235356731409,5.004661533817917,4.930477961858901,4.9947099685668945,591541591
2021-01-28,4.9395244990450795,4.9395244990450795,4.85267554124698,4.871674060821533,469951845
2021-01-29,4.891577356975416,4.906051969355487,4.778492991839773,4.838201522827148,622113874
2021-02-01,4.838201216221235,4.897909743424769,4.836391997634035,4.895195484161377,436288063
2021-02-02,4.903338293748983,4.970284133007761,4.895195946572254,4.9675703048706055,573156921
2021-02-03,4.967569600711967,4.99832847215278,4.943143425409482,4.962141513824463,281969488
2021-02-04,4.93500105251303,4.9847584434804375,4.899718703627668,4.952189922332764,300084150
2021-02-05,4.963046225180282,5.018231273058905,4.953999269720794,4.959427356719971,560000491
2021-02-08,4.993805392313824,5.041753137487406,4.9594276497486804,5.024564266204834,475013428
2021-02-09,5.0435622408830465,5.151218512732839,5.020945714179993,5.149409294128418,418299845
2021-02-10,5.162074615440698,5.276968622877876,5.15393270045127,5.25344705581665,341909857
2021-02-18,5.3583889539806195,5.367435909451602,5.200071115681648,5.214545726776123,470765736
2021-02-19,5.194643111870475,5.248018942132888,5.130411107422047,5.243495464324951,709064650
2021-02-22,5.233544097539173,5.234448706858487,5.051704682878982,5.056228160858154,776075991
2021-02-23,5.020945933822216,5.099652554531325,5.0182316744142526,5.042657852172852,591250364
2021-02-24,5.055323288206787,5.066179463164644,4.85900882376382,4.909670829772949,1011269033
2021-02-25,4.95852294427955,4.996519123399471,4.923240593075653,4.955809116363525,669305438
2021-02-26,4.875292456506882,4.903337499628607,4.813774714868156,4.821012020111084,837070336
2021-03-01,4.868055701612827,4.90333805396626,4.838201436650892,4.901528835296631,558208540
2021-03-02,4.926859174317898,4.931382651963369,4.801109429175328,4.839105606079102,433859754
2021-03-03,4.824631321355037,4.937715681839382,4.809251668874004,4.934096813201904,361154593
2021-03-04,4.885244876354996,4.885244876354996,4.756780852419977,4.783016681671143,644981648
2021-03-05,4.706118705486598,4.804728019280957,4.685310966483974,4.764017581939697,593632850
2021-03-08,4.794776646683858,4.817393171738802,4.586701423947407,4.595747947692871,563722005
2021-03-09,4.593034596531551,4.609318427239418,4.456428665879314,4.504376411437988,931719068
2021-03-10,4.556847691420444,4.578559609760487,4.507994904544467,4.523374557495117,636535760
2021-03-11,4.545087179133878,4.642791895965925,4.536944831809448,4.640078067779541,620676884
2021-03-12,4.654552130477782,4.660884826879817,4.595748212899888,4.651838302612305,448201493
2021-03-15,4.630126437896969,4.631031047279972,4.517042068751588,4.559561729431152,386572405
2021-03-16,4.561370979092881,4.601176811893055,4.5342309718884355,4.589416027069092,323236064
2021-03-17,4.576750634436415,4.63284029902557,4.53513558284361,4.610223770141602,306294597
2021-03-18,4.62107924688821,4.66721777414195,4.619270028213981,4.6464104652404785,319610130
2021-03-19,4.5885113252548395,4.602985937954634,4.507995051887178,4.520660877227783,492195605
2021-03-22,4.518850224036646,4.5885103067254285,4.514326746803568,4.572226047515869,423486762
2021-03-23,4.5677030339068265,4.575845380029324,4.493519897837874,4.531516075134277,491638773
2021-03-24,4.512518366790133,4.550514978671375,4.443763311880812,4.462761402130127,755052862
2021-03-25,4.4383349006916175,4.47904533761752,4.42205063964474,4.459142208099365,284908649
2021-03-26,4.4781406712924,4.574036595662713,4.4745222339012365,4.553228855133057,556534950
2021-03-29,4.563180018966633,4.595748109532784,4.527897669213464,4.562275409698486,639256772
2021-03-30,4.559560694128836,4.617459995320624,4.5505141709702945,4.602080345153809,268283890
2021-03-31,4.598462547921716,4.599367157225114,4.5351351514752585,4.568608283996582,230812676
2021-04-01,4.574036116016988,4.631934990647719,4.570417247622691,4.624697685241699,322996435
2021-04-02,4.640982237520946,4.672645720275711,4.621984147868087,4.669026851654053,280334645
2021-04-06,4.678978180896192,4.683501658599526,4.631935048099707,4.643695831298828,234635544
2021-04-07,4.648218892262655,4.65002811062875,4.583986895058331,4.612031936645508,175217273
2021-04-08,4.596653262394904,4.640982572837015,4.574941343244041,4.621984481811523,140755921
2021-04-09,4.609318314028502,4.609318314028502,4.5459913486475,4.5577521324157715,222329800
2021-04-12,4.546896166555009,4.567703475739752,4.466379895099093,4.481759548187256,663938234
2021-04-13,4.474522064575602,4.517946331304611,4.459142412097307,4.47542667388916,453545245
2021-04-14,4.479949910170025,4.513422609879015,4.4718075640220345,4.500757217407227,527184200
2021-04-15,4.487187457730621,4.491710935681014,4.42747892920976,4.47542667388916,493540700
2021-04-16,4.486282152296484,4.500756761832646,4.449190587900352,4.489900588989258,499764030
2021-04-19,4.486282587433423,4.611127724476395,4.46547484890164,4.603890419006348,567369226
2021-04-20,4.587606935930664,4.628317379252644,4.579464588436679,4.596653461456299,369851557
2021-04-21,4.567703306620519,4.621079138704207,4.565894087988646,4.607509136199951,414321361
2021-04-22,4.614746161520131,4.630125813103734,4.58217807121363,4.603890419006348,448399160
2021-04-23,4.596652874524848,4.659075661350032,4.596652874524848,4.650028705596924,322992630
2021-04-26,4.659980148171056,4.696167107467203,4.587606229578762,4.592129707336426,538061634
2021-04-27,4.595748072892791,4.612032333737329,4.571321897317272,4.603890419006348,317792609
2021-04-28,4.587606421347698,4.640982253248094,4.574036418890042,4.638267993927002,301245972
2021-04-29,4.639173037505611,4.686216177237228,4.631935730942894,4.6798834800720215,380984480
2021-04-30,4.66902681793575,4.678978383036495,4.6084136807932445,4.639172554016113,404241300
2021-05-06,4.6219840960942,4.6518383598950175,4.5550378313303215,4.578559398651123,407574566
2021-05-07,4.589415784621815,4.611128134344471,4.519755688747137,4.523374557495117,338289245
2021-05-10,4.52699299823049,4.545991086750299,4.482663693635028,4.522469520568848,369199148
2021-05-11,4.493520668943769,4.563180770657033,4.461857182429854,4.545991897583008,397926530
2021-05-12,4.536039513022848,4.580368817528907,4.519755252303322,4.574036121368408,253971232
2021-05-13,4.5378486420544855,4.54780020641729,4.501661684313003,4.52427864074707,472543935
2021-05-14,4.541467895332547,4.640077643935263,4.516137109042894,4.638267993927002,848963043
2021-05-17,4.634649865676775,4.717879967362687,4.629221778055292,4.693453788757324,667255521
2021-05-18,4.7034043468415065,4.715165130016331,4.674454693535589,4.695262432098389,283458826
2021-05-19,4.686216074687368,4.70069111887868,4.6617898959585755,4.682597637176514,393359467
2021-05-20,4.678978171229577,4.70973704306006,4.6608846918362,4.695262432098389,270139103
2021-05-21,4.701595084496126,4.72873551902452,4.634649254502851,4.645505428314209,541063511
2021-05-24,4.645505662752979,4.671741057968936,4.610223311776804,4.670836448669434,349612789
2021-05-25,4.670836660362387,4.829154510898153,4.670836660362387,4.8192033767700195,1536160149
2021-05-26,4.822821287747279,4.842724416596454,4.809251286355616,4.820107460021973,486861122
2021-05-27,4.81287078448378,4.879816622342951,4.791158434309942,4.837296962738037,530753500
2021-05-28,4.836392001483836,4.860818177960853,4.794776954266957,4.823726177215576,345621858
2021-05-31,4.821012576010263,4.830059532144026,4.785730223577288,4.8291544914245605,328603031
2021-06-01,4.824631142404433,4.840010362932434,4.76854105320826,4.836391925811768,454422825
2021-06-02,4.840915342052042,4.846343429530324,4.773064895647435,4.797491073608398,577607087
2021-06-03,4.794777083993091,4.815584392473192,4.7585901229456615,4.760399341583252,443276399
2021-06-04,4.749543199914989,4.841820253193395,4.734163547241052,4.790253639221191,558117757
2021-06-07,4.790253412087831,4.79296723993435,4.7504475839941165,4.784825325012207,265277430
2021-06-08,4.784825210132475,4.8309637334762385,4.716069729747057,4.746829032897949,454203706
2021-06-09,4.73416333748513,4.764017600802583,4.7323541189151594,4.754066467285156,259513156
2021-06-10,4.748638365429771,4.816488806801193,4.747733756147597,4.784825325012207,404112579
2021-06-11,4.788443852748856,4.801109244563105,4.736877244891513,4.740495681762695,337555800
2021-06-15,4.740496316516591,4.749543272671047,4.662694305395242,4.6871209144592285,431236597
2021-06-16,4.681691998677849,4.688929303491298,4.608413047216883,4.622888088226318,557301699
2021-06-17,4.61384159093144,4.653647418424207,4.611127763125891,4.632839679718018,342210455
2021-06-18,4.631934870241676,4.663598781566598,4.603890258599541,4.637362957000732,523765660
2021-06-21,4.621078994609596,4.663599082193579,4.602080905419517,4.631030559539795,449263050
2021-06-22,4.650028505198029,4.659980069821054,4.623793111133332,4.654551982879639,678314191
2021-06-23,4.660885286580862,4.707023815905306,4.6464106737721815,4.682597637176514,586465223
2021-06-24,4.686216001808378,4.695262958210081,4.663599473569371,4.6943583488464355,217509708
2021-06-25,4.697976210085061,4.784825169082188,4.696166991579675,4.767636299133301,619258662
2021-06-28,4.774873684341807,4.785729858320712,4.755875595570011,4.775778293609619,445496481
2021-06-29,4.775778200484453,4.775778200484453,4.717879326030251,4.726925849914551,290185647
2021-06-30,4.727830592192571,4.764922592171319,4.726925982916946,4.754971027374268,371170976
2021-07-01,4.770350346553844,4.780301911556856,4.7242122528639445,4.753161907196045,564373863
2021-07-02,4.7224028233026685,4.724212473358418,4.623793503494831,4.625602722167969,442235989
2021-07-05,4.625602899484712,4.642791771686277,4.604795589798161,4.6319355964660645,257570313
2021-07-06,4.631935297354589,4.640982253248094,4.587606421347698,4.638267993927002,381688734
2021-07-07,4.618365431850038,4.706119008535836,4.61112812575018,4.686215877532959,349465134
2021-07-08,4.694358211168447,4.700690907910862,4.632840031035924,4.6464104652404785,328035047
2021-07-09,4.631934990647719,4.639172296053739,4.574036116016988,4.624697685241699,426231921
2021-07-12,4.659075871812836,4.712451705296039,4.633745084772024,4.686215877532959,596692894
2021-07-13,4.6853110939573215,4.71697500796344,4.675359960208556,4.700690746307373,346440364
2021-07-14,4.696167280603689,4.696167280603689,4.639172580350578,4.6491241455078125,382469318
2021-07-15,4.641886808774874,4.716974988843544,4.635554112275838,4.710641860961914,355286695
2021-07-16,4.704308970327576,4.708832448035241,4.66088470592869,4.664503574371338,370235145
2021-07-19,4.656361710322629,4.693453713706753,4.619270138321126,4.684406757354736,332046158
2021-07-20,4.650029085835223,4.685311439668755,4.641887170097727,4.6726460456848145,306679327
2021-07-21,4.686215831226938,4.726926270787462,4.678978525198594,4.70792818069458,578430257
2021-07-22,4.708833065896961,4.7341638541715,4.702500368828327,4.712451934814453,269684073
2021-07-23,4.713356357799356,4.714260967147296,4.654552436357095,4.665408611297607,268144135
2021-07-26,4.647315378137326,4.648219987533529,4.4537147317227355,4.5070905685424805,915273374
2021-07-27,4.504376449332277,4.523374539573021,4.345153558556419,4.350581645965576,807205216
2021-07-28,4.345153588262702,4.381340550316075,4.283635839048492,4.359628200531006,913347342
2021-07-29,4.432002245517468,4.448286075332822,4.3949102453361775,4.438334941864014,640206355
2021-07-30,4.417527217639017,4.418431826922604,4.361437559613287,4.407576084136963,225870235
2021-08-02,4.393101149269353,4.526993248325898,4.364151494571111,4.5170416831970215,375203941
2021-08-03,4.497138886361457,4.540563151771618,4.482663843636345,4.518850803375244,233009764
2021-08-04,4.508899730045225,4.559561301803044,4.507090080066308,4.558656692504883,248645287
2021-08-05,4.5269930288246405,4.575845380029324,4.506185290270008,4.531516075134277,209871649
2021-08-06,4.523374379720144,4.527897857631687,4.4889966378045685,4.5170416831970215,112699204
2021-08-09,4.496234453375647,4.583988036724865,4.479950621260132,4.566799163818359,229090628
2021-08-10,4.555942500083046,4.621079115715071,4.525183626581206,4.618365287780762,324122381
2021-08-11,4.612032785490486,4.635554354109032,4.591225044920565,4.593939304351807,239129600
2021-08-12,4.577654482075687,4.596652570240486,4.555942134811593,4.56498908996582,133971695
2021-08-13,4.553228021013802,4.583082280934893,4.514326806506907,4.540562629699707,202566401
2021-08-16,4.53513512154009,4.563180166673309,4.524278947205774,4.537848949432373,186203629
2021-08-17,4.53242077609256,4.561369995834914,4.428382953881756,4.436524868011475,352300896
2021-08-18,4.436525483453925,4.510709055636575,4.425669740235887,4.48447322845459,384771032
2021-08-19,4.469094023364317,4.484473244618489,4.43381167147636,4.453714370727539,240311000
2021-08-20,4.443763262641712,4.444667871969854,4.3315835096825515,4.372293949127197,418441340
2021-08-23,4.381340291932185,4.442858037518466,4.378626464060403,4.437430381774902,352961261
2021-08-24,4.441953570754246,4.503471749697015,4.441953570754246,4.48447322845459,317705413
2021-08-25,4.491710889842225,4.498948195659435,4.467284713095019,4.497138977050781,207656406
2021-08-26,4.494424976550671,4.495329585907086,4.405766788882644,4.420241832733154,194840259
2021-08-27,4.413908588533328,4.472712071852319,4.411194329418027,4.432002067565918,232236414
2021-08-30,4.442858083140145,4.452809648204045,4.3958153798680755,4.415718078613281,215532211
2021-08-31,4.41662278639522,4.430192788961237,4.351486170142697,4.413908958435059,245032607
2021-09-01,4.414813438978436,4.5125181448159495,4.378626478936202,4.477235794067383,386518269
2021-09-02,4.487187556478144,4.49442486252848,4.451000594843853,4.4736175537109375,224004834
2021-09-03,4.47361774888164,4.495329667979875,4.441049223160344,4.449191570281982,348367264
2021-09-06,4.449191786893007,4.537849549113413,4.445572917842467,4.525184154510498,494535866
2021-09-07,4.523374199485505,4.603890463848925,4.510708806943916,4.582178115844727,457495603
2021-09-08,4.585796495395239,4.607508843127057,4.548704927505527,4.563179969787598,236943077
2021-09-09,4.551419239431906,4.562275413423681,4.525183413721355,4.561370372772217,182545189
2021-09-10,4.556847660856035,4.638268109004654,4.554133401467602,4.6057000160217285,389334975
2021-09-13,4.600271165957391,4.621983511934768,4.555037255632038,4.581273078918457,320015733
2021-09-14,4.58217809510409,4.597557315385302,4.502566871753345,4.521564960479736,327711994
2021-09-15,4.514327562012557,4.5152326027286325,4.448286335460846,4.4736175537109375,270735874
2021-09-16,4.473617517710369,4.482664042354836,4.415718207008393,4.422955513000488,429348425
2021-09-17,4.42205068842859,4.463665735085762,4.403957208637759,4.458237648010254,513992694
2021-09-22,4.396719868830069,4.443763002197166,4.389482563246497,4.4283833503723145,491629600
2021-09-23,4.448286234243875,4.482663976428998,4.438335100419571,4.45461893081665,286973255
2021-09-24,4.458237545947837,4.5007572009137595,4.449191021950816,4.460951805114746,464771190
2021-09-27,4.473616761106709,4.521564498346229,4.451904415419933,4.489900588989258,359893578
2021-09-28,4.482664157536686,4.505281116802906,4.456428760872746,4.481759548187256,263635257
2021-09-29,4.452809859892205,4.477236037680648,4.413004029126815,4.451905250549316,592261073
2021-09-30,4.453713872046981,4.480854305607507,4.4519046536037985,4.464570045471191,312959671
2021-10-08,4.503471135007483,4.536943832177656,4.497138439251907,4.528801918029785,244624120
2021-10-11,4.536040227566029,4.577655279482989,4.524279442646396,4.52789831161499,260322371
2021-10-12,4.51161386323,4.521565428948368,4.444668025427418,4.4808549880981445,330606824
2021-10-13,4.473617199927745,4.545991117472843,4.471807550021315,4.531516075134277,253573666
2021-10-14,4.526088660010666,4.548705620446304,4.497139433801606,4.5070905685424805,199808658
2021-10-15,4.50437574420363,4.538753481952495,4.487186875329198,4.528801918029785,217970095
2021-10-18,4.526088196737632,4.526993237423839,4.447381579349747,4.4763312339782715,251260474
2021-10-19,4.469093841579904,4.523374281188254,4.466379582339064,4.518850803375244,288469796
2021-10-20,4.523374402661174,4.543277101637269,4.49713900712984,4.506185531616211,156696300
2021-10-21,4.505280929443017,4.5478005867762965,4.488996667682633,4.526088237762451,224085516
2021-10-22,4.532420924597535,4.588510578914305,4.532420924597535,4.555942058563232,334597340
2021-10-25,4.543277393763132,4.578559747432038,4.533326259326541,4.571322441101074,265374504
2021-10-26,4.573130927962539,4.602985189259743,4.5441812758891045,4.555942058563232,247909532
2021-10-27,4.545087207060502,4.545087207060502,4.485378672766794,4.49623441696167,278104300
2021-10-28,4.487187359062904,4.50256701120302,4.456428486165264,4.477235794067383,441341200
2021-10-29,4.474522048840014,4.507090140926588,4.46366587435029,4.506185531616211,426484699
2021-11-01,4.484473402076573,4.512518448983596,4.468189570927766,4.491711139678955,195002345
2021-11-02,4.488996692362726,4.518850956729598,4.409385464511932,4.444667816162109,429413513
2021-11-03,4.441953450978135,4.465475018184405,4.41390883729573,4.426574230194092,340635107
2021-11-04,4.44466762356593,4.479045364409669,4.443763014288345,4.4690937995910645,284423300
2021-11-05,4.460047067370305,4.493520200612501,4.452809761404659,4.453714370727539,265600790
2021-11-08,4.4510002627999175,4.476331047777726,4.434716001864507,4.4500956535339355,312485200
2021-11-09,4.464570317647619,4.479949969499942,4.425669530452313,4.448286056518555,262840000
2021-11-10,4.4446677596637505,4.4446677596637505,4.36596114213022,4.4256696701049805,489426383
2021-11-11,4.416622661285007,4.50075736502318,4.414813442696149,4.498043537139893,352364995
2021-11-12,4.501662504750429,4.515232939913648,4.481759803780074,4.49623441696167,272906704
2021-11-15,4.499852626820409,4.51523227853289,4.471807582583566,4.4908061027526855,335915381
2021-11-16,4.492615472735729,4.519755477236366,4.4781404298038066,4.487187385559082,351870307
2021-11-17,4.480854738233784,4.499852827869138,4.46999856376141,4.486282825469971,226981757
2021-11-18,4.4754261108077085,4.479949588188974,4.434715677141411,4.446476459503174,360601200
2021-11-19,4.441953970456721,4.501662504750429,4.4374309234516245,4.49623441696167,275920589
2021-11-22,4.4998522608202975,4.5188503480616085,4.4935195650731945,4.507994174957275,353647489
2021-11-23,4.501661853432395,4.523374201446004,4.492615329348445,4.510708808898926,317267246
2021-11-24,4.5107093113825325,4.537849318040304,4.499853136166372,4.520660877227783,178594706
2021-11-25,4.5215648535445485,4.522469462788805,4.496233637792533,4.503471374511719,137259970
2021-11-26,4.491710909249272,4.492615518557507,4.457333167240746,4.465475082397461,204637800
2021-11-29,4.4329068136759915,4.4672845543140935,4.4329068136759915,4.459142208099365,233856000
2021-11-30,4.46185626168003,4.477235481363422,4.422050435860698,4.44285774230957,183680000
2021-12-01,4.442858146983982,4.459142408763661,4.439239709732453,4.45461893081665,211626158
2021-12-02,4.4510005688594365,4.473617527594485,4.435620916132473,4.463665962219238,161035147
2021-12-03,4.463665971903101,4.505281020768136,4.456428665879314,4.504376411437988,219632143
2021-12-06,4.507090440501936,4.537849316012223,4.4953296559201235,4.499853134155273,332899117
2021-12-07,4.51885145720904,4.531516851811956,4.503472234355208,4.525184154510498,212426758
2021-12-08,4.529706974370379,4.594843588130855,4.513422713084613,4.590320110321045,341191710
2021-12-09,4.593938778282649,4.707927739541291,4.592129559790747,4.6663126945495605,633221175
2021-12-10,4.652743339538574,4.659076036522654,4.634649857957972,4.652743339538574,396126046
2021-12-13,4.674454707669108,4.728735577395938,4.658170878133637,4.664503574371338,429033771
2021-12-14,4.647315048498458,4.663599310622974,4.627411917663178,4.636458873748779,362687781
2021-12-15,4.631934954983773,4.646409997066933,4.591224519237328,4.59484338760376,203583199
2021-12-16,4.597557973692202,4.620174934102209,4.582178751208897,4.619270324707031,377304328
2021-12-17,4.612032776565628,4.614746604609,4.551419636437475,4.553228855133057,622618900
2021-12-20,4.526088273025089,4.5405633162746275,4.475426700108215,4.485378265380859,851825300
2021-12-21,4.4808548433237245,4.51613719549512,4.477235974620527,4.504376411437988,517133515
2021-12-22,4.516137525269792,4.526993700789509,4.496234393022763,4.5070905685424805,666046188
2021-12-23,4.517041965151749,4.54689623101929,4.503471961952673,4.541468143463135,302305260
2021-12-24,4.546896274514646,4.552324362122726,4.503472005032635,4.520660877227783,260396101
2021-12-27,4.520660203802461,4.539658291909354,4.496233597513524,4.52427864074707,504491326
2021-12-28,4.524279447894679,4.556847974501892,4.516137531934196,4.5478010177612305,639914174
2021-12-29,4.545991303820588,4.551419390997235,4.486282776260073,4.487187385559082,403865556
2021-12-30,4.487186799205678,4.538753404954166,4.482663321919136,4.519754886627197,474498019
2021-12-31,4.532421164971238,4.549609603899563,4.517946122475568,4.530611515045166,351416595
2022-01-04,4.545991920989283,4.547801139832922,4.470903731003785,4.5143280029296875,486355276
2022-01-05,4.504376001072236,4.516136784057916,4.455523650634049,4.471807479858398,464073106
2022-01-06,4.453714486203401,4.462761442431982,4.394005955519138,4.421146392822266,517272800
2022-01-07,4.432906676810162,4.460046679667763,4.426573980717884,4.432002067565918,478519700
2022-01-10,4.422050906699253,4.453714390050458,4.395815510691484,4.443763256072998,491122307
2022-01-11,4.44376324614779,4.454618989427809,4.400338547497289,4.403052806854248,412218898
2022-01-12,4.418431740929097,4.462761046022839,4.418431740929097,4.4500956535339355,511332582
2022-01-13,4.460046842436653,4.4618564923737525,4.375007531018238,4.376816749572754,488272297
2022-01-14,4.36505595030345,4.378626383560639,4.334297078075803,4.337011337280273,410029000
2022-01-17,4.340629463434,4.388577202579939,4.339724854224839,4.374102592468262,498349057
2022-01-18,4.371388771858266,4.430192690176596,4.3560095509950685,4.415718078613281,624167062
2022-01-19,4.423987096370036,4.446038276349817,4.3697783106818395,4.391829490661621,522439260
2022-01-20,4.38723565231273,4.453388757613148,4.386316926117724,4.426743507385254,541278488
2022-01-21,4.419393107344624,4.423987176275809,4.377128637029678,4.395504474639893,781436980
2022-01-24,4.37345448319353,4.4092870002876845,4.362428891111667,4.397342681884766,460574013
2022-01-25,4.375291366851851,4.389073136104632,4.296275218026934,4.299950122833252,595270865
2022-01-26,4.313732284559923,4.328432779858748,4.272386539124485,4.323838710784912,521842100
2022-01-27,4.311894593233258,4.317407388753595,4.241147853932293,4.249416828155518,607621674
2022-01-28,4.26044213490032,4.280655425049699,4.180507262361262,4.184182167053223,858391702
2022-02-07,4.249416967095041,4.2843311938272155,4.231959853728952,4.250335693359375,484586760
2022-02-08,4.2503353800551,4.2503353800551,4.148349324283834,4.230122089385986,448141306
2022-02-09,4.2319594738968425,4.275142671246774,4.2172589787577515,4.265954971313477,458938095
2022-02-10,4.272386315840957,4.275142494272491,4.2319592987101755,4.255847930908203,495383095
2022-02-11,4.239310070293092,4.279737092423886,4.220015504542453,4.222772121429443,461743608
2022-02-14,4.208070741321857,4.220933783793391,4.158456023756078,4.177750587463379,329967908
2022-02-15,4.178669698996502,4.220015446819223,4.17683224650669,4.2163405418396,604314440
2022-02-16,4.235635280609131,4.257686025732679,4.224609688990065,4.235635280609131,449800548
2022-02-17,4.2310407332262105,4.26687368288389,4.225527938039296,4.2448225021362305,629040692
2022-02-18,4.226446344076543,4.267792085789314,4.221852275416346,4.266873359680176,304105215
2022-02-21,4.25952349367697,4.260442219868283,4.231040791173572,4.251254081726074,324195053
2022-02-22,4.217259394591226,4.2236909166130605,4.179588550618101,4.196126937866211,315316769
2022-02-23,4.2080715176795875,4.242985746894893,4.199802542597902,4.24022912979126,446903932
2022-02-24,4.217258821395653,4.2282844113958316,4.1244604706562455,4.162131309509277,591236542
2022-02-25,4.183263141106489,4.236553198351925,4.183263141106489,4.194288730621338,384466069
2022-02-28,4.191532509870454,4.201639374232248,4.154780833427894,4.199801921844482,269317076
2022-03-01,4.215420936983092,4.242066185873852,4.201639168520521,4.234715938568115,326162903
2022-03-02,4.216340247674626,4.217258973855434,4.182344750297509,4.2025580406188965,194601292
2022-03-03,4.217259079870304,4.226446780023885,4.166725195624695,4.175913333892822,200689920
2022-03-04,4.139161888229879,4.165806702089431,4.116191979391191,4.129055023193359,405376626
2022-03-07,4.096897211522376,4.096897211522376,3.9765353157370207,3.9930737018585205,583112990
2022-03-08,3.9939922054277415,4.016042947579332,3.9030317440018045,3.9177322387695312,691708074
2022-03-09,3.9250828954923476,3.945296625549177,3.739487048650389,3.880980968475342,786748812
2022-03-10,3.9508090453520945,3.9746976781543277,3.934270660001042,3.936108112335205,552846528
2022-03-11,3.8846561707421072,3.9673472261361216,3.835960176103952,3.96183443069458,397342208
2022-03-14,3.9048694566822237,3.9269206384186344,3.8322848279335178,3.8332035541534424,433100428
2022-03-15,3.7992085238001128,3.8258533368490464,3.6457698528682547,3.6503639221191406,1044477802
2022-03-16,3.7073286745697063,3.831365908407051,3.621881006824095,3.809314727783203,1325138541
2022-03-17,3.8800621610998665,3.9452965430643165,3.8635237745212954,3.886493682861328,1147561626
2022-03-18,3.8681180725181763,3.928758388777121,3.8488235060929825,3.912220001220703,403021732
2022-03-21,3.9168134353540176,3.9324330940868477,3.869954897270043,3.9067065715789795,372016391
2022-03-22,3.888330655307548,3.9342704663162262,3.8874119291856957,3.903031587600708,250422476
2022-03-23,3.9122190662320286,3.9379451486506287,3.895680682628151,3.9260008335113525,308244671
2022-03-24,3.9048696772319906,3.923245517012029,3.87087417648736,3.9011943340301514,220641762
2022-03-25,3.90027496291533,3.9085443742236192,3.8286090681875242,3.83044695854187,356808307
2022-03-28,3.7982888600817186,3.835040533027797,3.7514307618498943,3.8074769973754883,415593846
2022-03-29,3.8175841035724876,3.834122050769879,3.7845073329486487,3.7909388542175293,231033117
2022-03-30,3.8166648964013454,3.906706631268314,3.8166648964013454,3.9039504528045654,500257530
2022-03-31,3.894762580576097,3.89935664977676,3.8681177678184477,3.8754680156707764,424278996
2022-04-01,3.8469855531895627,3.940702643045843,3.8451481006400923,3.9223268032073975,375247241
2022-04-06,3.8984376169212385,3.9223262491482203,3.884655848517831,3.9113006591796875,339893770
2022-04-07,3.8929249111614865,3.9214076128805906,3.860767304778322,3.863523483276367,278398351
2022-04-08,3.866280094753713,3.8920061798260748,3.83595994074285,3.889249563217163,320271297
2022-04-11,3.8635234226497053,3.864442148801303,3.7560245768513276,3.7679688930511475,580058497
2022-04-12,3.7698069271150154,3.8368787579971517,3.744999567618509,3.832284688949585,806475900
2022-04-13,3.81390897744619,3.8469853118343913,3.7992084817435563,3.8028833866119385,387260208
2022-04-14,3.836878596571368,3.8699549284702712,3.815746142710372,3.8433101177215576,573689243
2022-04-15,3.822178098808797,3.8644425732257934,3.8129903981692257,3.84147310256958,532237966
2022-04-18,3.8083962561778986,3.8258533689862584,3.782670169140131,3.823096752166748,279709272
2022-04-19,3.8221776930801283,3.8460663255676053,3.77623831852965,3.7982890605926514,313996240
2022-04-20,3.7964517418313672,3.801964537069673,3.728461184711645,3.733973979949951,390343438
2022-04-21,3.722948545496169,3.749593358502507,3.652201368735123,3.6714961528778076,792508456
2022-04-22,3.6430132305023073,3.709166553103855,3.631068914055221,3.6806838512420654,617378397
2022-04-25,3.6246375558637656,3.637500818117612,3.4978441382074266,3.50335693359375,1654284344
2022-04-26,3.5061132783549986,3.558484395619873,3.4675239302905942,3.4757931232452393,1543759738
2022-04-27,3.4647673939443133,3.5750226384209096,3.4546607489980534,3.5731849670410156,1372583856
2022-04-28,3.5575657186025875,3.615449631970762,3.554809320912934,3.597073793411255,1072926129
2022-04-29,3.6099367745614543,3.6926282657156126,3.5768602219112453,3.688952922821045,763121189
2022-05-05,3.656795061469893,3.70365359907737,3.6476071429860895,3.6751708984375,736095393
2022-05-06,3.606261655298688,3.622800041173407,3.583291966993496,3.5860483646392822,520669718
2022-05-09,3.5630783451684405,3.588804430309976,3.5373520409696404,3.5566468238830566,318700633
2022-05-10,3.5217329037414613,3.6136123191456395,3.498763214183379,3.5979926586151123,547467162
2022-05-11,3.5915610044522133,3.699059857369041,3.5915610044522133,3.648526191711426,629011561
2022-05-12,3.6338254420173617,3.6558766233615647,3.613612151194873,3.630150318145752,307105783
2022-05-13,3.664145569935717,3.6742524343287317,3.6310690172237803,3.65863299369812,279973247
2022-05-16,3.675171187980469,3.688034231059739,3.6200436727345076,3.630150318145752,442584342
2022-05-17,3.638419224502286,3.6760896245687036,3.628312360830023,3.6751708984375,300849564
2022-05-18,3.681602541414286,3.69079067925968,3.6384193450158,3.6623079776763916,264017324
2022-05-19,3.6264751255176653,3.6724147206849707,3.616368480298039,3.670577049255371,324962036
2022-05-20,3.6935469775888605,3.7486744921063613,3.6843592775598806,3.747755765914917,600461424
2022-05-23,3.7477558932753308,3.7477558932753308,3.694465829329756,3.7183544635772705,512091273
2022-05-24,3.7174355353301896,3.7201917138484,3.6384193889859104,3.6430132389068604,415664500
2022-05-25,3.6384194839693618,3.660470446091562,3.6273938933796255,3.65863299369812,457684097
2022-05-26,3.6595514996178182,3.6935467764802192,3.6126929614892376,3.667820692062378,481614068
2022-05-27,3.6953844672028517,3.727542512914626,3.6613891881469502,3.677008628845215,553297211
2022-05-30,3.693547267009296,3.714679723526574,3.6816029493555065,3.69814133644104,450531920
2022-05-31,3.6981410831384944,3.769806984152508,3.6898716711048496,3.756943941116333,452258118
2022-06-01,3.7569442609357977,3.763375783001385,3.7302990082801517,3.751431465148926,377434508
2022-06-02,3.735811465945952,3.7652128947766768,3.7284612182669066,3.761537551879883,290132608
2022-06-06,3.759700081013222,3.837797502741341,3.73489272139676,3.836878776550293,423835904
2022-06-07,3.8230964888722285,3.8607673287140885,3.8175841318419637,3.8423914909362793,380864188
2022-06-08,3.8451480158632214,3.8864937641167887,3.8267721764299214,3.880980968475342,427291052
2022-06-09,3.87271136397586,3.8901684743143883,3.8341218007642968,3.8497414588928223,291614828
2022-06-10,3.8212588291527423,3.9140571772919515,3.82034010303089,3.903031587600708,648069142
2022-06-13,3.8681176931378376,3.880062009960224,3.8313660164711942,3.855254650115967,579900248
2022-06-14,3.826771547798031,3.8956808248243897,3.780831737704126,3.8920059204101562,624902550
2022-06-15,3.889249474722052,4.009611361862021,3.889249474722052,3.9370267391204834,1121885205
2022-06-16,3.9489716814919067,3.9664287953379165,3.903951026499788,3.912220001220703,507512036
2022-06-17,3.896600153512438,3.984803996779977,3.8910873585439023,3.9701035022735596,715647404
2022-06-20,3.979291376803898,4.0316627122508,3.9581593602573113,3.989398241043091,732434457
2022-06-21,3.989398201401173,4.022474534223755,3.95540270429045,3.987560749053955,422401546
2022-06-22,3.987561362642653,3.9939928849621027,3.934271293342501,3.9416215419769287,361964272
2022-06-23,3.942539911387694,4.012368362379936,3.936108389650468,4.010530471801758,405693924
2022-06-24,4.019718439712787,4.066576980462417,4.008692849169987,4.054632663726807,414833849
2022-06-27,4.069332951571072,4.13364860104866,4.069332951571072,4.098734378814697,455981050
2022-06-28,4.097815565106014,4.1584558705894334,4.073008207236843,4.146511554718018,374882378
2022-06-29,4.132729935101523,4.159374746180839,4.082196053306424,4.095978260040283,544835604
2022-06-30,4.0923034582927365,4.175913683450451,4.091384732011928,4.141918182373047,568051561
2022-07-01,4.152943038800999,4.157537107506363,4.110678570563566,4.128135681152344,445571244
2022-07-04,4.11435414551207,4.1556994518518335,4.087708896007754,4.153861999511719,387421725
2022-07-05,4.158456548354932,4.1942895018094095,4.099653685540212,4.144674777984619,392115820
2022-07-06,4.134567468974793,4.143755606978602,4.063820295934877,4.090465545654297,318962717
2022-07-07,4.084033942402781,4.123541795929146,4.0629014882864976,4.105165958404541,403045946
2022-07-08,4.126298812420118,4.146512104221792,4.095059491297666,4.101491451263428,208249030
2022-07-11,4.084953005631948,4.084953005631948,4.015124554407836,4.031662940979004,452207498
2022-07-12,4.026149714378774,4.049119620249156,3.9857226975714832,3.9985861778259277,343539200
2022-07-13,4.001342414701583,4.0233935947576756,3.976535056195739,4.0050177574157715,295600301
2022-07-14,4.0013430298863675,4.032581914358961,3.9838859160104447,4.005937099456787,326414269
2022-07-15,3.996748599104298,4.042688414427442,3.944377700324208,3.9462151527404785,737307108
2022-07-18,3.9618341268958828,4.005017760895673,3.926920342596094,3.9884793758392334,389115108
2022-07-19,3.9848039180260155,3.9848039180260155,3.9370266546526325,3.9682655334472656,353527001
2022-07-20,3.987560373231401,4.005936209315276,3.967346646858995,3.9792909622192383,299838373
2022-07-21,3.9645908540106634,3.985722870409922,3.9370268781480076,3.937945604324341,310492643
2022-07-22,3.9517277902221304,3.982966670623393,3.913138224220369,3.940702199935913,314768801
2022-07-25,3.937026382600895,3.9397829988974564,3.9076249580862825,3.924163341522217,251676078
2022-07-26,3.9296770221405257,3.969185318460829,3.9269208433369256,3.9508094787597656,376254537
2022-07-27,3.941621187861946,3.948052709603588,3.9214078964045798,3.928758144378662,257178619
2022-07-28,3.9434585802218685,3.9783728052098075,3.9278393582793267,3.931514263153076,369581028
2022-07-29,3.935189399103017,3.955402689188836,3.8690362955958912,3.877305269241333,471265353
2022-08-01,3.8644422228308897,3.9030317887389097,3.841472754257353,3.893843650817871,298391483
2022-08-02,3.8681175197427686,3.8681175197427686,3.7964516220209985,3.8286092281341553,543973256
2022-08-03,3.8405534916040462,3.8671987404009593,3.7771570064078923,3.787263870239258,376662823
2022-08-04,3.8028835021324414,3.8240159582257913,3.7872642797382463,3.815746545791626,261750872
2022-08-05,3.8185030471720367,3.880980811088661,3.815746430405818,3.8754680156707764,393385248
2022-08-08,3.8598486779221304,3.8763866255649595,3.852497992175829,3.862604856491089,157282357
2022-08-09,3.86076770004427,3.876386922694679,3.8497421086942327,3.8690366744995117,241824356
2022-08-10,3.8607676130724453,3.8736306566528644,3.8111524531149614,3.827690839767456,203763174
2022-08-11,3.843310398297133,3.9140575742285435,3.8368788766774187,3.9085447788238525,348050252
2022-08-12,3.9067070271700857,3.91957007086682,3.893843983473351,3.90946364402771,205589752
2022-08-15,3.8975190518589296,3.9379456325950044,3.8938437090126787,3.900275230407715,232822800
2022-08-16,3.904869540285082,3.925082831899854,3.883737522430716,3.891087770462036,168483356
2022-08-17,3.8920064663936906,3.9388650091646253,3.8690365581244435,3.928758144378662,281022766
2022-08-18,3.9232452188562834,3.9269205617788066,3.890168885011756,3.8947625160217285,199968110
2022-08-19,3.8910875775954405,3.905788072929433,3.8653610535891416,3.867198944091797,289441065
2022-08-22,3.8589291519950653,3.9030315098818535,3.855254247580832,3.8920059204101562,310932370
2022-08-23,3.8892496642574548,3.9048693238083367,3.8616861261394204,3.879143238067627,275877595
2022-08-24,3.8901686226454526,3.8938435272055822,3.800126889204538,3.8083958625793457,403161100
2022-08-25,3.8157465769267263,3.846066733832081,3.7891017631459425,3.84147310256958,332510691
2022-08-26,3.8396350546244395,3.859848783809483,3.8295286281464693,3.8359601497650146,226855432
2022-08-29,3.8047205386499883,3.823096375884719,3.7900200441080107,3.8129899501800537,234594502
2022-08-30,3.816665434943654,3.8185033256266743,3.772563506499107,3.8047211170196533,232094792
2022-08-31,3.7891018939587813,3.8423919614746755,3.7789950286032163,3.8047211170196533,555279634
2022-09-01,3.7946145404379514,3.815746558487044,3.7652131099271804,3.773482084274292,320251600
2022-09-02,3.7762382471328637,3.7845072204858337,3.733973778001379,3.752349615097046,263737445
2022-09-05,3.74408036333723,3.7514310489806597,3.7119227565767257,3.750511884689331,215865010
2022-09-06,3.762456135337645,3.7817511371706334,3.7431615716191824,3.7771570682525635,264101508
2022-09-07,3.764294459257973,3.7955333428920737,3.7615378423438774,3.7845077514648438,183572795
2022-09-08,3.788182620844394,3.7955328681717013,3.767050166899549,3.7679688930511475,171632183
2022-09-09,3.7734817560984903,3.8286092692188407,3.7725630299303305,3.821259021759033,392975947
2022-09-13,3.827690659451489,3.8543359097110566,3.8240157546670956,3.8341221809387207,327431190
2022-09-14,3.798289479749067,3.8175844835909434,3.779913640278124,3.791857957839966,429913863
2022-09-15,3.798289148341653,3.8102334648613323,3.7348926610384545,3.7578625679016113,588844446
2022-09-16,3.7459180679143174,3.755105767340865,3.6714957748554298,3.6751708984375,725780900
2022-09-19,3.6696584234016605,3.6889529881822827,3.6522013110436076,3.665064573287964,397790449
2022-09-20,3.6806840538814507,3.6963032758709193,3.6567954196720938,3.6669020652770996,301514995
2022-09-21,3.6567951276624084,3.6659830463125247,3.6227998505627044,3.6393380165100098,363488622
2022-09-22,3.6246376270029708,3.6420947397165264,3.601667937852173,3.6126933097839355,279846800
2022-09-23,3.6126931125434445,3.6301502243039026,3.575941436662859,3.6053428649902344,520249045
2022-09-26,3.583292087526786,3.6365819326708997,3.5777792920497755,3.5823731422424316,756033583
2022-09-27,3.5924798567503693,3.635663054419118,3.5759414710108888,3.628312587738037,519160341
2022-09-28,3.6154495370223128,3.618205934639578,3.57410401087787,3.576860189437866,530081606
2022-09-29,3.5979925844053438,3.617287368580329,3.558484508885318,3.5777792930603027,506083627
2022-09-30,3.578697825946103,3.5970736638437075,3.5511340690996964,3.5538904666900635,638378801
2022-10-10,3.5529717367911844,3.5557279153213983,3.4702802472813037,3.4813058376312256,684109248
2022-10-11,3.4831430916990946,3.495087407545798,3.4638485287423837,3.4785492420196533,491380691
2022-10-12,3.479468134762034,3.538270990686949,3.4169903741633934,3.5355145931243896,731512983
2022-10-13,3.506112913266733,3.534595393957182,3.496924995070725,3.5051941871643066,345140276
2022-10-14,3.5391898237181834,3.604424202906345,3.530920630780824,3.5860483646392822,749629133
2022-10-17,3.578697739813206,3.5888043846964592,3.554809107309824,3.5851292610168457,388760090
2022-10-18,3.605342711019698,3.6108555059778085,3.571347434187693,3.578697681427002,431134380
2022-10-19,3.574104345469229,3.5851297179131665,3.5226519502256513,3.524489402770996,288162283
2022-10-20,3.5097883733424466,3.5612407639861177,3.4831433423014384,3.5134634971618652,372305013
2022-10-21,3.5254077381579547,3.5272454095568344,3.476711746188937,3.4932501316070557,327572110
2022-10-24,3.4904940801473736,3.5217329636250474,3.3866705646042377,3.4032087326049805,629793970
2022-10-25,3.3921827282564876,3.435366143168071,3.363700246089378,3.388507604598999,823516971
2022-10-26,3.3903452904963602,3.4620109688251413,3.3894263452851017,3.414233922958374,686287021
2022-10-27,3.4353664445871215,3.4454730902962867,3.3894266281373473,3.390345573425293,512397050
2022-10-28,3.3784009544664975,3.383913749472695,3.3030599338487354,3.3113291263580322,738137151
2022-10-31,3.289278252590545,3.3223548066501545,3.2635521655760042,3.275496482849121,597656387
2022-11-01,3.2938722868614163,3.4041273198498976,3.289278217624924,3.402289867401123,1069157204
2022-11-02,3.3857513943660944,3.4610924192695793,3.379319872845431,3.4335286617279053,751646303
2022-11-03,3.415152770417501,3.428934758503295,3.3894264656764412,3.4059648513793945,488110710
2022-11-04,3.4041272302460177,3.538271113053118,3.4032085040458133,3.5226516723632812,1129245726
2022-11-07,3.5006004911001964,3.541946236911208,3.499681764899992,3.5226516723632812,534073373
2022-11-08,3.522651677641888,3.5309206515706637,3.479468260308486,3.5015194416046143,801257895
2022-11-09,3.5015193509105527,3.513463448393557,3.461092332286281,3.4647674560546875,520923983
2022-11-10,3.4454729557037354,3.460173670106527,3.4243407198229607,3.4454729557037354,506496368
2022-11-11,3.5300017979992706,3.5814541874049386,3.5006003700368136,3.5355145931243896,1376702267
2022-11-14,3.581454468942655,3.6007490343400494,3.5281644039537334,3.5373523235321045,850966866
2022-11-15,3.530001744519417,3.614530684337912,3.523570223323305,3.6062614917755127,767183469
2022-11-16,3.5998300559101133,3.61820589377952,3.575022696692141,3.5796165466308594,537797213
2022-11-17,3.5704287903182594,3.5704287903182594,3.5235704673341997,3.563997268676758,791622815
2022-11-18,3.5667534501677256,3.585129287760131,3.5456212150307334,3.5520527362823486,649194923
2022-11-21,3.525407692433672,3.525407692433672,3.48222449616411,3.5217325687408447,518248908
2022-11-22,3.5162197340430428,3.556646751380294,3.4960064444316767,3.519895076751709,649025638
2022-11-23,3.5097884102740577,3.542864963111412,3.5042756149582863,3.5226516723632812,548791595
2022-11-24,3.5373521722053596,3.5538905581732902,3.5006004954641,3.506113290786743,482148926
2022-11-25,3.5088693872281818,3.541027211144823,3.4960063452844268,3.525407552719116,549215773
2022-11-28,3.4656865943200095,3.490493954960046,3.427097244959242,3.484062433242798,626091449
2022-11-29,3.504275831424828,3.5989116457244523,3.504275831424828,3.5906424522399902,720706845
2022-11-30,3.5814540167463105,3.6080990458765556,3.5786976193150952,3.593398332595825,459485800
2022-12-01,3.6567953681454317,3.684359344965739,3.6338254604809337,3.63474440574646,635412583
2022-12-02,3.6338254659433713,3.6420946590018937,3.6117745035112523,3.613612174987793,1030421029
2022-12-05,3.651282147226608,3.681602299137876,3.6356627082203863,3.6788461208343506,876177074
2022-12-06,3.6678207456013134,3.7211108056122257,3.664145402867466,3.6999783515930176,765807260
2022-12-07,3.6935469919106185,3.7358114636827042,3.675171153666866,3.688952922821045,682075053
2022-12-08,3.6889528210625713,3.7054912064601058,3.6779272307975486,3.6972222328186035,509409492
2022-12-09,3.696302983261856,3.738567452893063,3.6825212148057838,3.7284610271453857,647455186
2022-12-12,3.7165167991163606,3.7165167991163606,3.6861966449253045,3.6898715496063232,466857524
2022-12-13,3.691709541226473,3.7008972412953236,3.6751711553650908,3.679765224456787,363674333
2022-12-14,3.6843592918460133,3.705491308674785,3.6705770845772925,3.688952922821045,621907353
2022-12-15,3.689871609387327,3.6981410212826558,3.6641455237452765,3.687115430831909,530751298
2022-12-16,3.6852780962457725,3.6990598656924125,3.667820983826571,3.690790891647339,908368692
2022-12-19,3.695384456445972,3.7054913208533433,3.6218811032293834,3.637500762939453,745196491
2022-12-20,3.6246374151280856,3.627393812714223,3.558484311175315,3.5796165466308594,815565496
2022-12-21,3.584210656102997,3.5933985751414586,3.566753544212739,3.576860189437866,523055800
2022-12-22,3.5979924031765265,3.6237187077615944,3.5658347962667762,3.5842106342315674,687820977
2022-12-23,3.5685911760988036,3.5943172614985106,3.5575655857519197,3.5750226974487305,1084791027
2022-12-26,3.574104088209033,3.601667845920802,3.5722664167386724,3.583292007446289,651193684
2022-12-27,3.620043574384,3.6319878909351786,3.600748791232029,3.6264750957489014,582048797
2022-12-28,3.6191246517521494,3.624637446972858,3.5989113613525756,3.6145308017730713,649268983
2022-12-29,3.60074897526708,3.6136122377115933,3.579616738677788,3.6035053730010986,721271003
2022-12-30,3.6172875363185635,3.6301505803268435,3.6145311384514622,3.618206262588501,630228576
2023-01-03,3.6172872163023198,3.6393381782310237,3.574104018633571,3.628312587738037,656310782
2023-01-04,3.6273938800641137,3.643013320637389,3.6117744394908384,3.632906675338745,980799721
2023-01-05,3.652201125773272,3.707328638684754,3.6494447282219715,3.7018158435821533,774502293
2023-01-06,3.7027352021656856,3.7321361934363635,3.6990598591995756,3.7165169715881348,541080825
2023-01-09,3.7348926253842554,3.7541871892438845,3.7229483089785997,3.7394866943359375,780959941
2023-01-10,3.7376489612624955,3.7597001426674237,3.732136165911263,3.744999647140503,744262224
2023-01-11,3.7459183733466173,3.771644459576002,3.7385676874686093,3.744999647140503,571511439
2023-01-12,3.7514310489806597,3.7624562012167373,3.7376488419851293,3.750511884689331,325587208
2023-01-13,3.756943556603256,3.811151901801396,3.756943556603256,3.8074769973754883,655908997
2023-01-16,3.8121436004095033,3.904530901673445,3.81027732512749,3.866269588470459,1716375927
2023-01-17,3.8662694257527574,3.874668109155298,3.8466722011555396,3.8625364303588867,601513127
2023-01-18,3.8690689896762476,3.8746682604922826,3.850404901951781,3.854137897491455,445690058
2023-01-19,3.8457386204652804,3.88213365687248,3.8289412536519074,3.880267381668091,607432404
2023-01-20,3.894265262020071,3.913862486256307,3.8867997163567796,3.901731252670288,570082196
2023-01-30,3.9754546297749447,3.9819870381298808,3.9175956472175737,3.9241280555725098,801347080
2023-01-31,3.926927613547601,3.93532629650916,3.874667905712033,3.8812003135681152,1139222231
2023-02-01,3.885866429324978,3.9119960606350355,3.8569369403820373,3.9101297855377197,715651962
2023-02-02,3.9213281723088813,3.9241275848450674,3.884933139417108,3.9007973670959473,1001852833
2023-02-03,3.876534318656147,3.8793341764008296,3.827074466707054,3.8606700897216797,960052104
2023-02-06,3.828941180180423,3.829874317764712,3.786946873978927,3.8074772357940674,731459703
2023-02-07,3.8130764205770875,3.827074374000634,3.7981453295902265,3.8168094158172607,553988104
2023-02-08,3.8186757541022414,3.834540427901724,3.793479259528358,3.8009448051452637,462871301
2023-02-09,3.7953456484134995,3.8550709051122602,3.7916130979866627,3.8513379096984863,595888582
2023-02-10,3.8522711207884077,3.8522711207884077,3.8130766706373524,3.8289413452148438,520522436
2023-02-13,3.8168094435220956,3.8644025745049984,3.810277035544563,3.8588037490844727,828010137
2023-02-14,3.8644024243635036,3.870001694553403,3.8438720636584733,3.8672022819519043,332632366
2023-02-15,3.86440257197293,3.8765342503499585,3.833606807245621,3.8410727977752686,645506758
2023-02-16,3.84480567218496,3.8895998391914883,3.7906796837100427,3.81400990486145,792510051
2023-02-17,3.8121435932966694,3.827074685498821,3.756151330058173,3.7598838806152344,743394922
2023-02-20,3.7645496716787807,3.86066995957901,3.7589504013650936,3.857870101928711,1049525486
2023-02-21,3.857870297363282,3.87280183395183,3.8392062103677986,3.8625364303588867,560902494
2023-02-22,3.847605508901623,3.8578704679615567,3.8186760170339094,3.8252084255218506,452945439
2023-02-23,3.8289414210807973,3.849471784187619,3.8084106129870214,3.8252084255218506,465559533
2023-02-24,3.824275252613483,3.824275252613483,3.7701492649361232,3.788813352584839,808776154
2023-02-27,3.770149187905049,3.7916131330053466,3.7589506465472367,3.774815320968628,456957503
2023-02-28,3.7860138862555934,3.8037448360197064,3.751485124348592,3.7990787029266357,484545431
2023-03-01,3.7953458616384896,3.8597372549752835,3.788813453037593,3.8448057174682617,1180480952
2023-03-02,3.835473700979519,3.8578703386214603,3.8326738431574388,3.840139389038086,439132860
2023-03-03,3.850404673908505,3.8597369397115036,3.820542046320606,3.848538398742676,420175727
2023-03-06,3.849471784187619,3.8513380594736155,3.8074774753440233,3.8252084255218506,929302452
2023-03-07,3.82147518497947,3.842939129340254,3.769215920426127,3.772015333175659,674649418
2023-03-08,3.760817126450559,3.765482814229062,3.7421530403758108,3.7570841312408447,431315362
2023-03-09,3.7626834874102713,3.7664160377182343,3.725355314409106,3.7477519512176514,407936491
2023-03-10,3.7234889075985067,3.7365539464624136,3.694559639564894,3.6964259147644043,498112925
2023-03-13,3.6964259084850024,3.740286490507523,3.6964259084850024,3.7374870777130127,467452924
2023-03-14,3.7328209530393277,3.7328209530393277,3.681494602636866,3.7141568660736084,463541570
2023-03-15,3.73842043072376,3.7477522522301046,3.7122905740281658,3.713223934173584,393301056
2023-03-16,3.6954929267487833,3.713223876822637,3.667496795181714,3.6702964305877686,433143817
2023-03-17,3.6954927546669776,3.736553923714767,3.6721625348673945,3.6898934841156006,1123501196
2023-03-20,3.689893607058536,3.7104241922664856,3.6637639736061205,3.669363021850586,570954757
2023-03-21,3.679628370066968,3.713223771493178,3.6777618723513847,3.7094907760620117,556743661
2023-03-22,3.7188225508048993,3.741219409305394,3.713223503049866,3.726288318634033,581756157
2023-03-23,3.714156881959447,3.7626835972752577,3.712290384257505,3.7617504596710205,534472929
2023-03-24,3.7542842735868303,3.7645496766733615,3.745885590598613,3.7570841312408447,254895254
2023-03-27,3.7561511646372114,3.7561511646372114,3.7178896306971776,3.7374870777130127,491254674
2023-03-28,3.7384203829862415,3.7496189246404223,3.723489068278492,3.7300214767456055,507206125
2023-03-29,3.7496189246404223,3.7505520622804456,3.724422205918515,3.7300214767456055,616336308
2023-03-30,3.7309545582505876,3.7710823685830146,3.7150901061415076,3.7701492309570312,557206977
2023-03-31,3.7748152779697977,3.791613089815173,3.7692160073546725,3.7794814109802246,671162479
2023-04-03,3.7794813283176873,3.817742639195101,3.774815195409315,3.8074772357940674,551339698
2023-04-04,3.807477270604673,3.8280080775944465,3.800011724875178,3.826141357421875,480308724
2023-04-06,3.8121436622116502,3.8196092084476865,3.800945120364116,3.8149430751800537,378286841
2023-04-07,3.814942990152933,3.8532047481103935,3.8130767148822593,3.842006206512451,329585683
2023-04-10,3.85227108788709,3.853204670490571,3.8242751794431413,3.8280081748962402,474361579
2023-04-11,3.8308076741355275,3.837340082585559,3.8056111779729833,3.818675994873047,535954987
2023-04-12,3.8196092084476865,3.824275341715319,3.8074775289440175,3.8149430751800537,335833687
2023-04-13,3.806544193656094,3.8121434642891527,3.7860138313261698,3.7916131019592285,402190738
2023-04-14,3.802811027421281,3.820541976131694,3.7990784771581945,3.8112101554870605,456032644
2023-04-17,3.808410199729973,3.8700017273539915,3.8074770621882315,3.868135452270508,632547999
2023-04-18,3.867202813472815,3.884933764013346,3.859737267189161,3.8746683597564697,416054295
2023-04-19,3.876534589876628,3.876534589876628,3.8401395515578796,3.843872547149658,408573024
2023-04-20,3.842939299556371,3.846672295041353,3.8168096661223343,3.8289413452148438,607308636
2023-04-21,3.82894122872542,3.83174064151378,3.755218018788766,3.760817289352417,683648627
2023-04-24,3.7598839316792234,3.7626837896219976,3.69829261927517,3.713223934173584,594093664
2023-04-25,3.714157070859171,3.721622617059696,3.6618975799750593,3.69549298286438,966426771
2023-04-26,3.693626381525499,3.704824923005841,3.6712295210582875,3.68709397315979,903465326
2023-04-27,3.6842942277706574,3.732820942745089,3.6768286820023444,3.7197561264038086,467769671
2023-04-28,3.7300213439094447,3.7608173323617144,3.7244220732817594,3.7561511993408203,451806234
2023-05-04,3.7449526580854497,3.7580174745544035,3.7290882063026536,3.7561511993408203,337861124
2023-05-05,3.7570841942425255,3.768282735072543,3.7225556566745857,3.7412195205688477,337949905
2023-05-08,3.747752192127918,3.7925463585982815,3.7430865039430485,3.7832140922546387,684815156
2023-05-09,3.787880354097877,3.812143713431215,3.750552177429199,3.750552177429199,566890688
2023-05-10,3.7486854426317358,3.7505517177403385,3.714156683201114,3.7216222286224365,916593316
2023-05-11,3.73095433053872,3.740286373709407,3.714156741828867,3.716956377029419,321615029
2023-05-12,3.716023463004424,3.7290882797306315,3.6674967466002553,3.669363021850586,518774522
2023-05-15,3.671229498006947,3.7290882578029696,3.6609643167100696,3.7281548976898193,810757396
2023-05-16,3.7272216007618435,3.732820871227534,3.6973589732738015,3.7122902870178223,406820310
2023-05-17,3.7057580606313785,3.7160234644861827,3.677761929423996,3.68709397315979,640580508
2023-05-18,3.69362634876622,3.7122904360722737,3.6684298531523942,3.6861608028411865,700600219
2023-05-19,3.6768287695379622,3.701092127602825,3.6600309574191474,3.6805615425109863,341712585
2023-05-22,3.679628438978768,3.7188228892988193,3.6674967598339503,3.699225664138794,500375723
2023-05-23,3.702025069324033,3.705757842099531,3.645099450147212,3.6460328102111816,611757337
2023-05-24,3.641366593234458,3.6422999532768614,3.5947063783852107,3.5965728759765625,767277616
2023-05-25,3.5909737399355093,3.6003057832542136,3.5573783394894805,3.5881741046905518,491856745
2023-05-26,3.586307548316767,3.60310535951151,3.5583114188189873,3.5928399562835693,446203660
2023-05-29,3.600305852665326,3.6115041713675886,3.5639108162726716,3.577908992767334,403013549
2023-05-30,3.570443133132502,3.590040357230221,3.5368477328982246,3.581641674041748,572097944
2023-05-31,3.5723097079778383,3.5723097079778383,3.5321818988438443,3.548046350479126,733875712
2023-06-01,3.5452467702275166,3.583508082265781,3.5405806371775737,3.555511951446533,674975697
2023-06-02,3.5741761188397834,3.6143039294969164,3.5741761188397834,3.6049718856811523,692978097
2023-06-05,3.5993726456703823,3.6031054184991715,3.578842061371847,3.5881741046905518,361154926
2023-06-06,3.5891072868635754,3.615237141976649,3.549912615440697,3.553645610809326,411569703
2023-06-07,3.564843710096756,3.571376117849731,3.530315173762406,3.5424468517303467,372176673
2023-06-08,3.5424471041583336,3.5863076864785626,3.530315425325913,3.572309732437134,383488893
2023-06-09,3.573242758274898,3.590040347097897,3.5667103502607618,3.5872409343719482,527068856
2023-06-12,3.5835080856766206,3.611504216522516,3.569510131500408,3.5909738540649414,459659336
2023-06-13,3.583507986315424,3.62083638223507,3.580708351059114,3.6180367469787598,350388028
2023-06-14,3.6199030221539905,3.6432332417920863,3.6161702493100654,3.6180367469787598,444113622
2023-06-15,3.626435475507718,3.6796283235479263,3.6208364274186926,3.6786949634552,508430549
2023-06-16,3.6852275796806335,3.7216226180279897,3.6852275796806335,3.713223934173584,602148804
2023-06-19,3.713223747187145,3.713223747187145,3.6805614835857927,3.685227394104004,400307379
2023-06-20,3.6777618258559404,3.6945596376034167,3.6730959153661744,3.6786949634552,353892342
2023-06-21,3.6721626478036575,3.675895420788221,3.6255024292629354,3.627368927001953,489353700
2023-06-26,3.6077712470299925,3.611504019774063,3.5751092074025546,3.5863075256347656,640495600
2023-06-27,3.585374650031118,3.6199031898000866,3.5788422416283514,3.6105711460113525,397102074
2023-06-28,3.604971708284825,3.618969884566375,3.580708351059114,3.6180367469787598,462745613
2023-06-29,3.6180367776685056,3.6199030528595673,3.590040424867928,3.601238965988159,300262647
2023-06-30,3.6003059763231113,3.6395006493608966,3.595639843166803,3.6227028369903564,529918250
2023-07-03,3.6301686301421037,3.6758954894203404,3.6283021323682365,3.6646971702575684,473909707
2023-07-04,3.6628302188671746,3.6730956216119277,3.6572309487324817,3.671229124069214,252121289
2023-07-05,3.6656300341526418,3.6712293045626185,3.6404335398012044,3.6460328102111816,271215241
2023-07-06,3.6395005347645353,3.658164621815146,3.615237177100048,3.619903087615967,346743884
2023-07-07,3.61617038403636,3.624569290118205,3.6012390696109042,3.609637975692749,302277670
2023-07-10,3.6264354528144045,3.648832535004218,3.613370636532657,3.6245691776275635,428486811
2023-07-11,3.636701118441398,3.6534987088010267,3.6273690743541644,3.6488327980041504,587438934
2023-07-12,3.6525653305123407,3.658164601094502,3.6217695648039205,3.631101608276367,389410768
2023-07-13,3.6488325375612765,3.692693119391289,3.6488325375612765,3.6898934841156006,572286552
2023-07-14,3.6954926731280784,3.69922544591548,3.686160629912844,3.6880269050598145,363262103
2023-07-17,3.6824277660276024,3.6824277660276024,3.6469658691909115,3.6618971824645996,448612566
2023-07-18,3.662830329991908,3.6693627378494167,3.6441662439723244,3.6562979221343994,266670716
2023-07-19,3.648832771498888,3.6618975886274154,3.63483459422298,3.6544318199157715,501240659
2023-07-20,3.6609641212752866,3.6786948475700076,3.6217694509260077,3.6283018589019775,871507069
2023-07-21,3.628301940282711,3.6553649328569215,3.6161702616285285,3.6301684379577637,727250149
2023-07-24,3.6115041919708624,3.636700909804999,3.605905143834523,3.6143038272857666,454981986
2023-07-25,3.6581647817652287,3.7197563162239735,3.6581647817652287,3.718822956085205,1140982393
2023-07-26,3.7141569577858164,3.716023455525864,3.6964260079825197,3.7104241847991943,588038574
2023-07-27,3.7188227052319704,3.730954383776319,3.6954927082190827,3.706691026687622,602465765
2023-07-28,3.6889603275880942,3.8028111232455912,3.6889603275880942,3.796278715133667,1496488403
2023-07-31,3.8261412465132416,3.864402556631383,3.8018778898555095,3.8112101554870605,1790634998
2023-08-01,3.8074774297344187,3.8308076504777175,3.7841472089911203,3.794412612915039,1135981581
2023-08-02,3.787880082199209,3.807477306795507,3.757084316408759,3.7673497200012207,789439831
2023-08-03,3.7617503569163167,3.802811080302759,3.7617503569163167,3.8009448051452637,737931112
2023-08-04,3.8401395611956195,3.8560042362667972,3.8074775183866767,3.820542335510254,1422357458
2023-08-07,3.8037447808330334,3.8037447808330334,3.7785478404907997,3.7916131019592285,1281422408
2023-08-08,3.7776148319244385,3.8028113281404337,3.765483152636222,3.7776148319244385,1116579062
2023-08-09,3.768282955705065,3.7841471853206716,3.764549960214186,3.7701492309570312,1332507901
2023-08-10,3.768282912674394,3.7794814540322066,3.7458858299587687,3.774815320968628,938250908
2023-08-11,3.774815328791678,3.7776147416434624,3.684294305113193,3.6861608028411865,1288559813
2023-08-14,3.6572310169908957,3.669362695011339,3.6245689780846657,3.660964012145996,1038600330
2023-08-15,3.6646968604237964,3.672162405901133,3.6217694176954693,3.657231092453003,816519410
2023-08-16,3.6413667077121277,3.66003079423859,3.627368754064012,3.629235029220581,855849476
2023-08-17,3.6124374527323986,3.6478991282569027,3.597506138961332,3.641366720199585,1156118339
2023-08-18,3.643233491535865,3.6525655355321223,3.5937736361063526,3.5947067737579346,1275546546
2023-08-21,3.5863075796366126,3.5965729829542026,3.543380136199766,3.54617977142334,1100924357
2023-08-22,3.562977731853316,3.5844414544698626,3.520050286620222,3.567643642425537,1331528873
2023-08-23,3.555511799605628,3.5657772028797226,3.5079184459934587,3.516317129135132,1082419722
2023-08-24,3.522849670956711,3.5648437530884918,3.520050035815465,3.53778076171875,952654779
2023-08-25,3.5237830236516947,3.5545787895921914,3.5163172553213955,3.5312485694885254,1174535468
2023-08-28,3.7430864655382794,3.7430864655382794,3.555512007835562,3.5807085037231445,2822011765
2023-08-29,3.5648439298408743,3.6283019586997405,3.562977654649813,3.601238965988159,2194052531
2023-08-30,3.6059053049681524,3.6245693929058915,3.5928402654169522,3.6003060340881348,1036132286
2023-08-31,3.6003057934642118,3.6068382015564837,3.5741759386016607,3.5825748443603516,838468826
2023-09-01,3.5993728047437195,3.6208365275746695,3.5928401738878017,3.604038715362549,792692488
2023-09-04,3.630168608131368,3.6674967834345638,3.615237293511395,3.6581647396087646,1185523274
2023-09-05,3.6488326233466157,3.650698898578641,3.6255024029985305,3.632967948913574,629770096
2023-09-06,3.620836356147704,3.632967812179691,3.6077713175479,3.623635768890381,715176127
2023-09-07,3.6161703809543018,3.6171035185758873,3.570443300094526,3.574176073074341,941034963
2023-09-08,3.5601780517389536,3.572309730565017,3.5424471023018667,3.5545787811279297,818635834
2023-09-11,3.555512007835562,3.6031055867285278,3.5489795994568163,3.5807085037231445,816650788
2023-09-12,3.5779091499092144,3.5891074691033076,3.569510243643537,3.576042652130127,594936910
2023-09-13,3.5751095239249873,3.5853747055033733,3.5340483526244872,3.5527124404907227,1032133123
2023-09-14,3.551779188840437,3.562977730198118,3.5321819639579646,3.549912691116333,928283035
2023-09-15,3.5564454020832152,3.562977810524644,3.5172507289411654,3.534048318862915,1190622112
2023-09-18,3.525649409775082,3.55644517474093,3.512584371233918,3.54617977142334,985926393
2023-09-19,3.542447057422515,3.5443135551003655,3.5200501977556327,3.5415139198303223,727006269
2023-09-20,3.5321819071225367,3.5396474529118844,3.5247161388397217,3.5247161388397217,634135498
2023-09-21,3.5172504799413074,3.530315295899256,3.49112062553195,3.492053985595703,899197017
2023-09-22,3.486454895156621,3.56297774220727,3.485521535044688,3.562044382095337,1247116554
2023-09-25,3.5517793505688156,3.554578986035716,3.529382489327094,3.535914897918701,700905651
2023-09-26,3.5331149404053988,3.543380121186033,3.5144508539896315,3.516317129135132,862908481
2023-09-27,3.515384381582477,3.5508462832028904,3.514451243906198,3.5256497859954834,1078053958
2023-09-28,3.5321818948532497,3.5377809429290785,3.505118902097302,3.5125844478607178,1120612353
2023-10-09,3.506052141622142,3.516317322968634,3.4649911937427014,3.5032525062561035,875213072
2023-10-10,3.5144509906535446,3.525649531935859,3.475256318658914,3.478055953979492,927932376
2023-10-11,3.494853598665217,3.5107182732304816,3.4780560089696344,3.4855215549468994,893498708
2023-10-12,3.5181837409064998,3.5321819174191664,3.501386151584767,3.5191168785095215,933521569
2023-10-13,3.499519541261219,3.50045267883421,3.475256184415769,3.486454725265503,1135095339
2023-10-16,3.4864545385399555,3.4883208135859847,3.4360613299085436,3.446326732635498,1138980584
2023-10-17,3.4528593429135594,3.464991021398487,3.440727664428632,3.4575252532958984,888060300
2023-10-18,3.451925891831224,3.455658887030828,3.4295290331008816,3.4313955307006836,810270594
2023-10-19,3.415531277368233,3.415531277368233,3.354872883034667,3.3595387935638428,1690368777
2023-10-20,3.3436743886120337,3.3595388406230047,3.3268767989808503,3.3427412509918213,1740446164
2023-10-23,3.3296761911519357,3.331542466256057,3.2774167058477905,3.307279109954834,2710241709
2023-10-24,3.315677972619963,3.3250100155005216,3.284882208864776,3.3119451999664307,1535012975
2023-10-25,3.348340509694108,3.362338463920991,3.3287430622856133,3.3306095600128174,1383351568
2023-10-26,3.3175447552983104,3.346474023966143,3.31101234696988,3.3427412509918213,1143609497
2023-10-27,3.335275359433096,3.4052657957152914,3.326876676174265,3.393134117126465,1647662397
2023-10-30,3.3800694264264037,3.418330961278222,3.3782029286921182,3.4080655574798584,961401373
2023-10-31,3.4015330941177613,3.4061992271312476,3.3800693717413535,3.400599956512451,839660029
2023-11-01,3.434195275531252,3.434195275531252,3.389401334146531,3.398733377456665,811983400
2023-11-02,3.4043327275679327,3.4239299522295497,3.3819358675984468,3.382869005203247,1075381583
2023-11-03,3.3884681438382427,3.4229966812991206,3.387535006269788,3.408998727798462,1057822683
2023-11-06,3.4295292144086176,3.457525344924971,3.428596076806113,3.4537925720214844,1176649562
2023-11-07,3.445393735340772,3.4537926414124627,3.4304626434268397,3.4435274600982666,657529091
2023-11-08,3.436995105286558,3.4491267845256575,3.413664884444144,3.4332621097564697,1135321220
2023-11-09,3.4257964396100027,3.4481932995120026,3.423929941912558,3.4360616207122803,818569445
2023-11-10,3.422996986298968,3.422996986298968,3.3996667650611285,3.410865306854248,784176792
2023-11-13,3.4145981392584583,3.421130547920072,3.3875353669441948,3.4061994552612305,674463335
2023-11-14,3.409932228425941,3.4248635435782657,3.3922012777767123,3.4061994552612305,753317217
2023-11-15,3.434195561772778,3.444460743521493,3.418331109072588,3.4295294284820557,994063130
2023-11-16,3.424863357566474,3.4276629929113236,3.3940675912666025,3.3959338665008545,881556665
2023-11-17,3.3875352418809355,3.3950007879347384,3.370737429519666,3.391268014907837,1198450872
2023-11-20,3.3940675809298404,3.4127316681763467,3.368870862902934,3.4015331268310547,858430360
2023-11-21,3.4108653660937476,3.439794858730591,3.3968674111027126,3.4061994552612305,931605485
2023-11-22,3.397800514517545,3.402466425303026,3.368871022172338,3.3698043823242188,762202706
2023-11-23,3.3679376483085175,3.3894013704007553,3.3548728320332764,3.3875350952148438,774971808
2023-11-24,3.3838021080356726,3.38473546812435,3.3576724754220284,3.3642048835754395,743453294
2023-11-27,3.363271803182392,3.363271803182392,3.3194109980594915,3.3418080806732178,776295648
2023-11-28,3.336208718612088,3.3502066723686723,3.32780981286206,3.345540761947632,727483741
2023-11-29,3.346474081855328,3.3492737172578666,3.30821276884309,3.3203444480895996,759056998
2023-11-30,3.3166113609988517,3.3334091729503643,3.3100789527377534,3.3240771293640137,667810076
2023-12-01,3.3231441861061044,3.328743234590597,3.2839495117537605,3.3110125064849854,860468131
2023-12-04,3.3138119446461025,3.3166113574749105,3.2876820891360024,3.2886152267456055,692522952
2023-12-05,3.2839492214511696,3.2839492214511696,3.226090463949304,3.2270236015319824,1008789571
2023-12-06,3.2232907859305477,3.250353777910231,3.213958742747222,3.231689691543579,1001944865
2023-12-07,3.229823328508781,3.2363557367599944,3.201827197792096,3.2232909202575684,934505826
2023-12-08,3.2242240802255124,3.2410218922680913,3.2195581696537765,3.229823350906372,709198592
2023-12-11,3.2102260694293285,3.2634186949729136,3.1868958495014845,3.2522201538085938,998247834
2023-12-12,3.2438215411946794,3.261552268433703,3.2410219058425236,3.25968599319458,640724215
2023-12-13,3.2494207739576875,3.2531535468858195,3.202760333628898,3.2055599689483643,708815211
2023-12-14,3.2204913964763424,3.2335562134312608,3.185962856312569,3.19062876701355,741533123
2023-12-15,3.2008939090792903,3.223290768096663,3.177563690003327,3.184096097946167,899976785
2023-12-18,3.1710314750671387,3.190628700088454,3.154233885405079,3.1710314750671387,847303752
2023-12-19,3.170098180483709,3.1859626317383425,3.154233729229076,3.1728978157043457,1098536629
2023-12-20,3.1766306064982457,3.181296516896768,3.1402355709172314,3.143968343734741,1034717610
2023-12-21,3.130903509888258,3.183162996517706,3.1281038746676213,3.1728978157043457,1592448074
2023-12-22,3.1700981545163147,3.200893919197597,3.1560999785277954,3.178496837615967,2076526541
2023-12-25,3.1775638038544987,3.191561980300319,3.173831030966769,3.1868958473205566,1004146545
2023-12-26,3.185029537243778,3.185029537243778,3.1588996823288875,3.168231725692749,777169320
2023-12-27,3.1691649995792113,3.1831631764737636,3.1523674097992225,3.1775639057159424,836172465
2023-12-28,3.1738311917622326,3.264351995719693,3.1728980541163914,3.255953311920166,2383299192
2023-12-29,3.2550198497683334,3.270884524211302,3.2494208015752823,3.2652852535247803,2518873484
2024-01-02,3.2680848297267593,3.2680848297267593,3.220491252246078,3.222357749938965,942930578
2024-01-03,3.2158254437157137,3.2288902604997576,3.1990276314275365,3.2130258083343506,1061750273
2024-01-04,3.2120922764334554,3.2120922764334554,3.1607661496714243,3.1850295066833496,1666152481
2024-01-05,3.1766306642756246,3.2092927051397324,3.1514341691823224,3.1691648960113525,1699669666
2024-01-08,3.1626323948503665,3.1756974333053356,3.12250458690183,3.1253042221069336,1730424386
2024-01-09,3.1271707909552036,3.145834877751949,3.11597224987977,3.13277006149292,1131217813
2024-01-10,3.1262375431729192,3.1551670344925267,3.109439953449819,3.1178388595581055,958254057
2024-01-11,3.117838845182066,3.154233882323355,3.11130643684801,3.1355695724487305,1266237158
2024-01-12,3.127170719741489,3.1514340765234126,3.12250458690183,3.1253042221069336,841327273
2024-01-15,3.1253042221069336,3.1253042221069336,3.1253042221069336,3.1253042221069336,0
2024-01-16,3.1169052864941,3.1430351406591015,3.103840470658328,3.142102003097534,1768952352
2024-01-17,3.1327699987185857,3.1327699987185857,3.070245108958241,3.0721116065979004,1286215182
2024-01-18,3.067345629890067,3.121677263161951,3.017780025048381,3.115004777908325,4754351134
2024-01-19,3.0968945951849154,3.1312092286990927,3.0902223368983743,3.1216773986816406,3694452124
2024-01-22,3.112145591989329,3.121677422078221,3.0435163244466072,3.055907726287842,4647056467
2024-01-23,3.0492349824815395,3.094987899387859,3.0368438089463603,3.0768773555755615,1392480372
2024-01-24,3.0873626317577862,3.126443064963587,3.038750141689675,3.1254899501800537,2278936853
2024-01-25,3.1169112866775373,3.183634095015087,3.1083325717142567,3.178868293762207,1648701409
2024-01-26,3.172196232446943,3.1931661228713146,3.156945258429461,3.173149347305298,2183305124
2024-01-29,3.175055607490909,3.188400123707836,3.1436005465471544,3.1445536613464355,1011393030
2024-01-30,3.1273964205704843,3.1436007366788217,3.089269099212245,3.0911755561828613,1889262338
2024-01-31,3.0816435810793474,3.096894554357563,3.047328948017551,3.0711584091186523,1909099700
2024-02-01,3.05018841687757,3.0959411079129717,3.040656587307133,3.06734561920166,1890997581
2024-02-02,3.0673456607601195,3.0806904041449297,2.956776390793632,3.038750171661377,2538694215
2024-02-05,3.0101547335230094,3.0825966859175784,2.96535515590222,3.057813882827759,2660178739
2024-02-06,3.035890700211215,3.1588513755705745,3.033031128481299,3.155992031097412,2008918168
2024-02-07,3.155038553921884,3.1855404995637646,3.1331153231024222,3.183634042739868,3465814670
2024-02-08,3.195072319288231,3.2084168352440035,3.176961774915829,3.204604148864746,2394261979
2024-02-19,3.2160423735054247,3.233199575511005,3.197931829480778,3.230340003967285,1486187642
2024-02-20,3.2246209440136075,3.2455910601226035,3.2141359995874823,3.2417783737182617,980166818
2024-02-21,3.2293870435639978,3.3323309422882357,3.2236679002031927,3.2875311374664307,1600958050
2024-02-22,3.2856247635868163,3.314220251878532,3.279905620477125,3.3123137950897217,944635129
2024-02-23,3.3123140541675333,3.3332841714576977,3.30182910915083,3.315173625946045,1090877384
2024-02-26,3.3132672519462765,3.318986395254186,3.276093047701612,3.2818121910095215,1117236848
2024-02-27,3.274186774200408,3.32279926778318,3.2722805444955214,3.320892810821533,1046884914
2024-02-28,3.3237521436405757,3.34948806086008,3.2846717104193637,3.2865779399871826,2854997884
2024-02-29,3.2789525373719752,3.3428157724477834,3.2760929657895184,3.339003086090088,1483585030
2024-03-01,3.3370968043683207,3.374271009633916,3.3313776609033443,3.364739179611206,1225639313
2024-03-04,3.360926472354087,3.371411417137467,3.3437690420648267,3.361879587173462,1014654993
2024-03-05,3.350441404000458,3.3990536668469513,3.34376891874067,3.389521837234497,2799101870
2024-03-06,3.3847562647700924,3.404773040131789,3.37236486271092,3.3761775493621826,1299527425
2024-03-07,3.37522399976077,3.393334544311847,3.3504414244227245,3.3580667972564697,1058948004
2024-03-08,3.3599731610078805,3.374270791489235,3.3399561601745495,3.367598533630371,862187698
2024-03-11,3.365692160325868,3.416211107415664,3.364739045538601,3.413351535797119,1120761515
2024-03-12,3.415257951419038,3.4305089251298315,3.4009603198041902,3.4181175231933594,1105839572
2024-03-13,3.4171642741231847,3.4171642741231847,3.388568784760002,3.3981006145477295,685870558
2024-03-14,3.393334658827164,3.4190705770805,3.3695051974749743,3.385709285736084,701881148
2024-03-15,3.3761772804090153,3.399053625750972,3.357113621414594,3.3942878246307373,849023790
2024-03-18,3.39428786602558,3.4247895844345906,3.39428786602558,3.4238364696502686,787332932
2024-03-19,3.4181174928709552,3.431462009528235,3.3981007178850353,3.4019134044647217,654875208
2024-03-20,3.3942878142460557,3.4143045879519347,3.391428242679967,3.4047727584838867,537962049
2024-03-21,3.412398193166654,3.4257429364698178,3.398100562333131,3.4028663635253906,619733207
2024-03-22,3.4000067502718725,3.4009600923040457,3.347581801515277,3.3733177185058594,1450637754
2024-03-25,3.364739273526062,3.3885689628763362,3.3523478714250015,3.3552074432373047,630542664
2024-03-26,3.355207431985012,3.372364862801291,3.347582058682283,3.365692377090454,879103283
2024-03-27,3.3609264107464907,3.3666455540714093,3.328518234914283,3.3294713497161865,874647452
2024-03-28,3.327564923501373,3.3780836445755003,3.3180330936243068,3.345675468444824,1031925094
2024-03-29,3.3428158450309957,3.3647390761346947,3.3418627302350625,3.360926389694214,319229143
2024-04-01,3.374270895745108,3.425742957935854,3.373317780952033,3.4162111282348633,1093262535
2024-04-02,3.4152577027217177,3.419070389057589,3.3942878142460557,3.4047727584838867,583191382
2024-04-03,3.4028665303879166,3.404772987312352,3.3818966405029074,3.3914284706115723,598346410
2024-04-08,3.3838027565107764,3.389521899835224,3.3590199536093355,3.363785982131958,709948668
2024-04-09,3.3618794836733428,3.3685517417170563,3.3475818527958836,3.3580667972564697,534537135
2024-04-10,3.3590200581373106,3.3590200581373106,3.317080051214161,3.3332841396331787,681671142
2024-04-11,3.318033145436079,3.348535092421686,3.3123140019691832,3.3304245471954346,539115871
2024-04-12,3.3304245276266697,3.340909699673288,3.295156779463711,3.3037354946136475,740512912
2024-04-15,3.3037353402510483,3.3790368616719313,3.3018288834434437,3.3733177185058594,1099953730
2024-04-16,3.3590199639718388,3.3695051358512553,3.3275649028470866,3.34281587600708,913229847
2024-04-17,3.3428160187295948,3.390475169853927,3.327565044918457,3.386662483215332,996466434
2024-04-18,3.37808380895112,3.4257431879122806,3.37522423712318,3.3923816680908203,930219267
2024-04-19,3.3790371212553687,3.387615609406749,3.35330097503095,3.365692377090454,644275741
2024-04-22,3.364739138130188,3.385709254824329,3.3533008513412472,3.3590199947357178,725182362
2024-04-23,3.3590199957333775,3.3647391391295463,3.3294713911955056,3.335190534591675,942847430
2024-04-24,3.340909687836365,3.3523477474056698,3.3256587144872074,3.3485350608825684,594231908
2024-04-25,3.339003137915361,3.371411313343897,3.33137753782487,3.3580667972564697,664755214
2024-04-26,3.359019922258401,3.4133515560768086,3.359019922258401,3.4057259559631348,1374313959
2024-04-29,3.409538765387418,3.4676830877317895,3.4047729639941027,3.4467129707336426,1530322426
2024-04-30,3.4457597423397743,3.4543384572731064,3.4276491976772117,3.429555654525757,823109014
2024-05-06,3.4695894403296736,3.492465786294666,3.4648234118228953,3.477214813232422,1309061067
2024-05-07,3.474355417860901,3.48484036294835,3.4667300445712583,3.479121446609497,686018359
2024-05-08,3.4724488476206328,3.4734021896933043,3.448619386425371,3.451478958129883,638775858
2024-05-09,3.4505255223820157,3.4905592979015863,3.449572407591971,3.484840154647827,650202324
2024-05-10,3.4915128167299296,3.498185075111562,3.4610108693366746,3.4867467880249023,865095400
2024-05-13,3.4667299923157002,3.4943721405165626,3.4495725617874866,3.483887195587158,741159442
2024-05-14,3.4838871541530563,3.4981850127565224,3.4676830659069635,3.47816801071167,587666800
2024-05-15,3.4762619278196603,3.48007461452262,3.447666436662321,3.453385353088379,855946284
2024-05-16,3.4600576830708887,3.4800744578025715,3.451478967932988,3.4648234844207764,1051197527
2024-05-17,3.464823442800741,3.5067634486543224,3.453385156087605,3.503904104232788,932046931
2024-05-20,3.5096229887942196,3.526780418709742,3.498184929440619,3.5115294456481934,936535896
2024-05-21,3.506763333842512,3.5105762474598885,3.488653016815314,3.500091075897217,496983882
2024-05-22,3.4981850640266865,3.516295382180835,3.4915128056661966,3.5077168941497803,676684556
2024-05-23,3.499138085825271,3.501997657511843,3.4610107663466434,3.4724488258361816,698806053
2024-05-24,3.4619639344922675,3.4791213648760304,3.4295557578874973,3.433368444442749,841274200
2024-05-27,3.436227973980151,3.4638703488656257,3.4324152874717146,3.4619638919830322,669622487
2024-05-28,3.4610107046208576,3.462916934206742,3.433368330314819,3.4400405883789062,531753198
2024-05-29,3.4390875562264633,3.462917017419858,3.432415298002043,3.4409937858581543,615245082
2024-05-30,3.434321517772523,3.455291634458168,3.42002388654889,3.4276492595672607,777925303
2024-05-31,3.4333683930238776,3.446712909395785,3.412398276398916,3.414304733276367,723218340
2024-06-03,3.412398224170197,3.430508768830165,3.398100593206773,3.4190704822540283,707511590
2024-06-04,3.417164499834128,3.454338706638725,3.4114453561323805,3.4429004192352295,681737902
2024-06-05,3.4438533684962134,3.452432083636312,3.4286023951105102,3.430508852005005,583939433
2024-06-06,3.437181110250609,3.46005768395754,3.417164335513797,3.430508852005005,1026699323
2024-06-07,3.4333683512222595,3.440993724125724,3.3885687740867243,3.408585548400879,1028127109
2024-06-11,3.400006834066567,3.401913290921157,3.3675986583357678,3.384756088256836,879916985
2024-06-12,3.3780837265816297,3.389522013614485,3.370458353397564,3.3809432983398438,569835311
2024-06-13,3.388568732434473,3.391428304052309,3.3599732435128553,3.368551731109619,548803711
2024-06-14,3.3618795245780437,3.3914283559960117,3.3523476947915136,3.387615442276001,674103954
2024-06-17,3.371411209645034,3.3866621821001766,3.3666454085847173,3.3780834674835205,393017195
2024-06-18,3.3828494966759983,3.3981004691350876,3.3771303535967476,3.388568639755249,549035200
2024-06-19,3.3904749625979362,3.3942878762602104,3.3742708749318773,3.3790369033813477,530859528
2024-06-20,3.3771303734153286,3.384755973317993,3.3513944566644085,3.3571135997772217,554655780
2024-06-21,3.352347768142796,3.3599733684929216,3.329471421605925,3.3513946533203125,1965867737
2024-06-24,3.338050106289759,3.360926452617684,3.3294713911955056,3.335190534591675,2087545529
2024-06-25,3.331377714519771,3.3399564298553055,3.297063307691149,3.315173625946045,1738458468
2024-06-26,3.307548159681359,3.342815907615399,3.3018290162851898,3.335190534591675,1045489522
2024-06-27,3.3266116117988687,3.3323307548379604,3.31136063944687,3.317079782485962,1433704942
2024-06-28,3.3113607635438638,3.3466285105976445,3.310407648753875,3.3237521648406982,1275543418
2024-07-01,3.323752175003964,3.3428158344025025,3.3046885156054255,3.337096691131592,853604020
2024-07-02,3.3304244852814895,3.346628573298617,3.3256586839855107,3.3323309421539307,599204907
2024-07-03,3.3304244437189947,3.3390031586527966,3.317079927548689,3.3266117572784424,791424029
2024-07-04,3.329471224418795,3.344722196959058,3.310407565557651,3.3123137950897217,1559923712
2024-07-05,3.307547962471423,3.315173335040491,3.267514188341974,3.296109676361084,1636384501
2024-07-08,3.2894375012555317,3.2961097592354114,3.265608040935496,3.273233413696289,942625516
2024-07-09,3.268467467448822,3.32089264508168,3.2579825228249497,3.3085012435913086,1068895639
2024-07-10,3.301828778502463,3.3189862074553695,3.2980160922651733,3.300875663757324,579282100
2024-07-11,3.3266117264697472,3.3542541006070525,3.314220325210153,3.344722270965576,1052437774
2024-07-12,3.3466286453608407,3.3590200471566565,3.340909729133872,3.3542542457580566,872369380
2024-07-15,3.346628531471477,3.3656921909306283,3.3437689598269293,3.360926389694214,1255008224
2024-07-16,3.355207256922801,3.3885687747092685,3.3523476852692893,3.384756088256836,1612508698
2024-07-17,3.3828495792314532,3.4028663532405843,3.3742708644032215,3.389521837234497,2256564400
2024-07-18,3.37522411246892,3.411445202780598,3.366645624558683,3.409538745880127,1961181500
2024-07-19,3.3981007574525934,3.4371811930487537,3.3857093554817608,3.431462049484253,3169662602
2024-07-22,3.426696145741673,3.429555717438574,3.3847561396150465,3.4038197994232178,1716307285
2024-07-23,3.3990536978052153,3.403819726283223,3.3342371194961364,3.337096691131592,919533700
2024-07-24,3.331377569236584,3.3447223127065846,3.303735422011058,3.316126823425293,1491083494
2024-07-25,3.301828913436101,3.313267199872146,3.279905682604843,3.297063112258911,2045552535
2024-07-26,3.2980163196501198,3.319939551096974,3.290390719393051,3.3113608360290527,1357970329
2024-07-29,3.3075480978819165,3.3094543274738553,3.2913440100667013,3.292297124862671,594937600
2024-07-30,3.2846716791648576,3.2846716791648576,3.2570293053838144,3.270373821258545,1525086114
2024-07-31,3.2703740047994683,3.345675530399745,3.2665613182293884,3.343769073486328,1538908320
2024-08-01,3.3380501586285334,3.3504415604289393,3.3180331564280863,3.319939613342285,796540400
2024-08-02,3.298016143413855,3.3199393736891962,3.279905599434935,3.2856247425079346,1299773300
2024-08-05,3.2703739878079947,3.3113608795510965,3.247497641249619,3.248450756072998,2018310938
2024-08-06,3.2675144160811036,3.277046246085156,3.222714837787731,3.248450756072998,1293627530
2024-08-07,3.2417783737182617,3.264654719401056,3.2322465440790356,3.2417783737182617,612543796
2024-08-08,3.237012448509323,3.2684675100476506,3.2246210468574517,3.245591163635254,854107231
2024-08-09,3.2560762649520525,3.2694210093196054,3.233199917439732,3.2341530323028564,604053582
2024-08-12,3.2322464607486783,3.2427314049044917,3.2246208608798455,3.230340003967285,510219975
2024-08-13,3.2322464198559833,3.2389186776213363,3.214135876060462,3.2351059913635254,695806300
2024-08-14,3.236059417804564,3.236059417804564,3.2112766138566595,3.2122297286987305,561099800
2024-08-15,3.2074638643298963,3.2627486147074536,3.203651177779626,3.248450756072998,1904638108
2024-08-16,3.244638007686707,3.26179521046432,3.23891886434192,3.250357151031494,1640761708
2024-08-19,3.2494038599541923,3.2827653784844104,3.247497630313853,3.2589356899261475,747825318
2024-08-20,3.2637017822501573,3.2656082391844645,3.229387148229925,3.243685007095337,1594474848
2024-08-21,3.2322466165882076,3.2465442477394144,3.2160425285636904,3.229387044906616,1055369805
2024-08-22,3.231293439308757,3.2360592405147712,3.213182894761063,3.220808267593384,1250479415
2024-08-23,3.213183141773547,3.245591319687398,3.213183141773547,3.2341530323028564,820342800
2024-08-26,3.236059106113794,3.2474973921439627,3.2198550190755464,3.2351059913635254,1400679914
2024-08-27,3.2284339409385265,3.2312935126297195,3.2093702811684075,3.218902111053467,1214220097
2024-08-28,3.212229574007558,3.218902059351001,3.1884001133060367,3.199838399887085,1995580276
2024-08-29,3.1922128819928135,3.20460428368929,3.183634166836002,3.1903064250946045,1508247743
2024-08-30,3.1855406840337634,3.262748667393042,3.1855406840337634,3.2331998348236084,1785899811
2024-09-02,3.2227147350321346,3.224620964618113,3.174102244481738,3.176008701324463,1133306500
2024-09-03,3.174102327341494,3.195072444131907,3.172196097705753,3.1874470710754395,1293552308
2024-09-04,3.175055762967714,3.1864938228894317,3.1655239327379023,3.1674301624298096,680305800
2024-09-05,3.170289619862929,3.1836341362519374,3.1645704764799962,3.174102306365967,1600555757
2024-09-06,3.1788683149356403,3.1884001447616357,3.145506796916281,3.1474132537841797,793315700
2024-09-09,3.1378814659075074,3.1416941524375264,3.0978476892004276,3.108332633972168,1018897104
2024-09-10,3.1102390908655537,3.1216773777123628,3.0873627444286877,3.108332633972168,866655438
2024-09-11,3.100707375182569,3.1140518921577973,3.089269087914224,3.1016604900360107,780890193
2024-09-12,3.1064265301775094,3.1188179323446135,3.089269099212245,3.0911755561828613,642379317
2024-09-13,3.0930814426288196,3.1045197286695836,3.07592424082441,3.0768773555755615,850468092
2024-09-18,3.075924623449486,3.098800971119947,3.064486335985873,3.086409568786621,1225439069
2024-09-19,3.091175544735659,3.132162437769661,3.0654396256398284,3.1121456623077393,1634887021
2024-09-20,3.10547298976302,3.125489991277638,3.087362672354028,3.1207239627838135,2306561983
2024-09-23,3.1159582236591272,3.1455068282369116,3.1102390802552327,3.129302740097046,897316534
2024-09-24,3.1588513417704935,3.26846749938851,3.1388345671320192,3.266561269760132,3918516217
2024-09-25,3.325658694475588,3.378083645180467,3.3046885778395865,3.3113608360290527,3237346937
2024-09-26,3.305641680352591,3.4724488162389355,3.3046885655452845,3.4695894718170166,4442962141
2024-09-27,3.5267805959671903,3.7488724904355664,3.4981851052608457,3.687868595123291,2559461161
2024-09-30,3.819407832405086,4.041499490526895,3.69454070235157,4.03482723236084,6370234083
2024-10-08,4.438024512927283,4.438024512927283,4.010998155540763,4.205447673797607,8629822438
2024-10-09,4.084392797673702,4.084392797673702,3.8175015646696258,3.833705425262451,5409196572
2024-10-10,3.879458602761544,3.989074532138239,3.811782451913472,3.894709348678589,3779000075
2024-10-11,3.8670671181827667,3.869926462538222,3.7393404194459277,3.7908122539520264,4090077741
2024-10-14,3.8003442578512643,3.8699266400066428,3.76126382278695,3.850862979888916,3104931745
2024-10-15,3.826080095710518,3.8565820421592374,3.743153198670451,3.7469658851623535,2613870743
2024-10-16,3.708838555480421,3.7746082494967963,3.7002598404547853,3.7231361865997314,2161119628
2024-10-17,3.746012876640375,3.7746083670261177,3.6811962954119717,3.6821494102478027,2935435621
2024-10-18,3.677383422872992,3.9252112209419763,3.6659451363943445,3.827986240386963,3620917893
2024-10-21,3.8289398096880913,3.869926472637507,3.79367183546451,3.827986240386963,2529336395
2024-10-22,3.814641889311182,3.856582123375585,3.8136887744823222,3.850862979888916,1666924499
2024-10-23,3.8508628343210307,3.9051944681338213,3.832752289716767,3.8651604652404785,2266629209
2024-10-24,3.848956647574728,3.8527691067884846,3.806063299825484,3.823220729827881,1598248721
2024-10-25,3.8241739466268,3.88708407046665,3.815595004140042,3.850862979888916,1685265820
2024-10-28,3.8460967547370264,3.8575350411259914,3.812735464863784,3.856581926345825,1396308141
2024-10-29,3.860395101119165,3.888037249667798,3.815595067312941,3.825127124786377,1794628159
2024-10-30,3.813688797846898,3.823220855220914,3.7603105037388893,3.785093307495117,1812859109
2024-10-31,3.7831870778257186,3.8194079413686053,3.753638245382483,3.785093307495117,1763649256
2024-11-01,3.7784210286025437,3.829893092761397,3.775561456857232,3.7927188873291016,1817756019
2024-11-04,3.7955782523237267,3.8451436296101345,3.785093080743142,3.8432374000549316,1249314386
2024-11-05,3.8356120087867636,3.945227934410494,3.8222674929378564,3.943321704864502,2763014444
2024-11-06,3.9433216103806474,3.984308271718306,3.8937560072646162,3.918538808822632,2173424760
2024-11-07,3.888990094420037,4.051031424106452,3.885177635306253,4.0491251945495605,2788718924
2024-11-08,4.081533473331488,4.089158846266368,3.982402261637565,3.997653007507324,2808023160
2024-11-11,3.9576193780915,4.021482613704559,3.9366494893193953,4.017670154571533,2304365136
2024-11-12,4.012903979125981,4.068188725150845,3.9509469753492765,3.9738235473632812,2304166776
2024-11-13,3.95571333298263,4.009091399441949,3.951900419158318,3.9986066818237305,1572794347
2024-11-14,3.991934267780884,4.006231898665628,3.9242581180057434,3.9309303760528564,1443885260
2024-11-15,3.921398328638931,3.940461988036026,3.860394891276324,3.8651604652404785,1676993542
2024-11-18,3.8804116454994473,3.925211222126427,3.8251268971782952,3.84895658493042,1610092584
2024-11-19,3.8508628661435846,3.8708796404989236,3.7946250022803962,3.8680202960968018,1670544920
2024-11-20,3.8565819054615686,3.893756108767655,3.8489565327480473,3.877551794052124,1548530434
2024-11-21,3.869926380477173,3.890896268846313,3.8584880942709225,3.8823177814483643,1045470681
2024-11-22,3.8804117196548202,3.883271064073243,3.7612637331307472,3.7679359912872314,1757191250
2024-11-25,3.7698422313705184,3.786046319403667,3.711698137412943,3.7469658851623535,1359085769
2024-11-26,3.7307615907535774,3.7707953648458683,3.729808475997513,3.739340305328369,784707886
2024-11-27,3.732668076765178,3.8051102573658127,3.7183704454147652,3.800344228744507,1451987366
2024-11-28,3.7974845429349258,3.8022505714130457,3.7631699105653986,3.7727017402648926,1072407289
2024-11-29,3.7746083201703673,3.8575352185339398,3.7717487484416146,3.8136887550354004,1529771604
2024-12-02,3.8098760374182286,3.85372272781601,3.8003442074856895,3.8422844409942627,981634781
2024-12-03,3.8413314182972504,3.8623013082976656,3.8175017292660653,3.846096992492676,1524423707
2024-12-04,3.8413312842808662,3.851816001658526,3.8155949119558876,3.826080083847046,1006947918
2024-12-05,3.8184548250765533,3.833705571452944,3.807016538037504,3.8194079399108887,759522918
2024-12-06,3.8194077234931916,3.893756130520723,3.8184546087128624,3.8670670986175537,1776229382
2024-12-09,3.8642075061798096,3.8889903098461582,3.8413313866894567,3.8642075061798096,1246418685
2024-12-10,3.983355304214951,4.0014658486778485,3.8823178647476695,3.893756151199341,2482795311
2024-12-11,3.887083975336961,3.9023347212525032,3.874692573838021,3.8842241764068604,1258715973
2024-12-12,3.8861309123063754,3.929024260721366,3.87564574027881,3.924258232116699,1360180433
2024-12-13,3.9004285351347483,3.9004285351347483,3.824173895679733,3.831799268722534,2346569729
2024-12-16,3.8298931232714937,3.832752467782829,3.7993911759163526,3.8089230060577393,989323074
2024-12-17,3.8060634232031685,3.853722801028036,3.8041569662777417,3.8194079399108887,1364669228
2024-12-18,3.831799383166074,3.8499099287545695,3.827033354429414,3.8356122970581055,1023609617
2024-12-19,3.8127355270760073,3.848956616394252,3.794624982416885,3.8413312435150146,990362211
2024-12-20,3.835612255702242,3.855629030764172,3.8241739686629925,3.829893112182617,1223061986
2024-12-23,3.8289398512724993,3.8632542565676258,3.827033167163024,3.833705425262451,1424702200
2024-12-24,3.8356120986606204,3.8851777041256597,3.8337054145564697,3.878504991531372,1456343427
2024-12-25,3.8813648223876953,3.9023347115980607,3.8642073923900346,3.8813648223876953,1418137500
2024-12-26,3.881364666683423,3.8880369245514896,3.8661139214174085,3.8823177814483643,947023402
2024-12-27,3.885177777338062,3.90710078158422,3.8708796915982178,3.876598834991455,1086963910
2024-12-30,3.875645689025533,3.9013816068314835,3.8746925742199054,3.894709348678589,1311933462
2024-12-31,3.895662432266771,3.902334690366198,3.8317991956664708,3.833705425262451,1843618788
2025-01-02,3.8317992498396416,3.832752364651107,3.699306746262443,3.7259957790374756,2172980338
2025-01-03,3.7259959160650835,3.737434203250325,3.672617621295222,3.687868595123291,1593022599
2025-01-06,3.684055961222898,3.6916813346177206,3.648788211572508,3.6726176738739014,1298673930
2025-01-07,3.664992247943176,3.7002599970880192,3.6564135325544003,3.6983537673950195,968974000
2025-01-08,3.6888216686626416,3.7164640442129313,3.636396716583107,3.6926345825195312,1409796811
2025-01-09,3.6821491926716887,3.6983535074638527,3.6764302767378725,3.6850087642669678,806065805
2025-01-10,3.6840557642391887,3.693587594101438,3.643068873105839,3.644021987915039,826572500
2025-01-13,3.623052006137227,3.6468814665565157,3.6154264060879293,3.6297242641448975,949394700
2025-01-14,3.636396603307468,3.734574473300579,3.630677459957044,3.7231361865997314,1644546233
2025-01-15,3.713604284260668,3.7212298843312612,3.6954939670135913,3.7012128829956055,742049621
2025-01-16,3.713604461305776,3.748872437207265,3.6802431695837665,3.7031195163726807,1109005172
2025-01-17,3.6935876136593904,3.7383871915235085,3.68691535544616,3.715510845184326,847699295
2025-01-20,3.737434045353211,3.764123077982218,3.725042643844958,3.73362135887146,920294300
2025-01-21,3.752685205356994,3.7564978920285523,3.722183257471007,3.7383873462677,743926440
2025-01-22,3.7326679645311174,3.7326679645311174,3.6869152728773877,3.7040724754333496,1099680655
2025-01-23,3.731714850263455,3.7727017407016983,3.7116980760692244,3.714557647705078,1038592839
2025-01-24,3.706931934149675,3.758403994763131,3.701212791052986,3.7450592517852783,1143647489
2025-01-27,3.7517317576950107,3.7603102451308468,3.721229812514787,3.7240893840789795,1305384964
2025-02-05,3.746012802801848,3.7498254893267764,3.6974003110245683,3.7050259113311768,751549710
2025-02-06,3.7021663892160728,3.75268511130417,3.699306817469883,3.7479190826416016,1388636482
2025-02-07,3.7488722386594757,3.8260799902042675,3.74219998066845,3.801297187805176,1930631373
2025-02-10,3.8022506444502953,3.8127355891441193,3.7879527859980344,3.805110216140747,1267264550
2025-02-11,3.8098760697424927,3.810829184566808,3.7774678931482484,3.7898592948913574,999035889
2025-02-12,3.7879527645327418,3.8308461123897084,3.774608248224085,3.826080083847046,978953664
2025-02-13,3.821313921335235,3.8451436086996194,3.810828977068412,3.8165483474731445,1175822696
2025-02-14,3.8127356186134818,3.8508629384385364,3.8098760469009276,3.8451437950134277,1292428680
2025-02-17,3.854675737834023,3.8632542254603566,3.824173791976463,3.851815938949585,1334102006
2025-02-18,3.8460969318006812,3.8680203908077404,3.8089229538386444,3.824173927307129,1246591063
2025-02-19,3.81750156513323,3.8518159704325234,3.8127355366292046,3.8441905975341797,1019076858
2025-02-20,3.840377600516124,3.844190514139327,3.8203608266496505,3.832752227783203,1018603498
2025-02-21,3.843237512687905,3.8889902049480294,3.8317992259944993,3.8842241764068604,1437266514
2025-02-24,3.879458675209646,3.8975692203952845,3.851816072762722,3.871832847595215,1538578218
2025-02-25,3.846096743694186,3.861347943673512,3.8203608266496505,3.832752227783203,892489991
2025-02-26,3.839424702513461,3.8651606210110523,3.8308462145187674,3.8642075061798096,1345658133
2025-02-27,3.8661141175317715,3.8785050646180337,3.839424630192164,3.876598834991455,1128585642
2025-02-28,3.859441322400144,3.8746925226276145,3.7955783133951804,3.807016372680664,1329334000
2025-03-03,3.8079695602521655,3.838471506776573,3.7803274126747186,3.7946250438690186,1145768613
2025-03-04,3.7746081663207263,3.7974845119615765,3.7669825662692804,3.7908122539520264,1012184770
2025-03-05,3.79367185655256,3.8117824011588417,3.78223357001033,3.807016372680664,1191901642
2025-03-06,3.8270331051906408,3.871832681565196,3.8232206460604155,3.8594412803649902,1371007879
2025-03-07,3.8508628972180663,3.8708796717349303,3.8413312946205833,3.849909782409668,1155997084
2025-03-10,3.8480035937417867,3.8527691678344915,3.8117825035562016,3.834658622741699,1442783688
2025-03-11,3.8070165570091006,3.847050107331761,3.803203870396003,3.846096992492676,1002917003
2025-03-12,3.848956657622827,3.860394944320953,3.829892997963784,3.8365652561187744,609231681
2025-03-13,3.8356120895611534,3.8441905772122538,3.806063258408597,3.8175015449523926,641043804
2025-03-14,3.8241739037476496,3.9204453180856857,3.8222676741113033,3.9137730598449707,1903718328
2025-03-17,3.925211503114401,3.929977531908702,3.8966157848621163,3.9023349285125732,1133042029
2025-03-18,3.915679279905016,3.9223515381294134,3.899475419008695,3.9109137058258057,811404323
2025-03-19,3.906147956369326,3.9280709622408367,3.8928034389669226,3.916633129119873,879831286
2025-03-20,3.9166329127234594,3.9166329127234594,3.8775520230459084,3.8851778507232666,875142561
2025-03-21,3.8727862519461658,3.888036997498313,3.8127354754934255,3.822267532348633,1014915677
2025-03-24,3.821313982938124,3.842284326323314,3.8165484089992083,3.8384714126586914,791222086
2025-03-25,3.8394246927883593,3.84990986493249,3.8289399751577378,3.8403778076171875,611531644
2025-03-26,3.836565411949093,3.8508630436457296,3.822267780252456,3.825127124786377,774255385
2025-03-27,3.8232206670271807,3.860394870831664,3.80796946688218,3.8384714126586914,801525164
2025-03-28,3.8384716831748267,3.8403779128847346,3.8127357640369834,3.8203611373901367,704304791
2025-03-31,3.8165485234312357,3.8356121832989567,3.7831870050343475,3.7974846363067627,902172863
2025-04-01,3.80129715725408,3.8155947879037266,3.792718669766989,3.7955782413482666,615015541
2025-04-02,3.796531573903932,3.808922975714697,3.785093286922686,3.7927188873291016,629117600
2025-04-03,3.763170004152795,3.793671950852436,3.7584042028128994,3.7736551761627197,1114330792
2025-04-07,3.622098705267536,3.660226024177182,3.435274797158923,3.5220143795013428,6560988000
2025-04-08,3.5248741054904285,3.5639547681637795,3.4991381868251823,3.5553760528564453,5853533299
2025-04-09,3.5220145321938587,3.597316058482036,3.505810443680426,3.589690685272217,1698201419
2025-04-10,3.638302885923045,3.6668983758349976,3.620192568058535,3.6497411727905273,1429631663
2025-04-11,3.6316306168171737,3.6707112786597875,3.622098786875006,3.6602261066436768,861984187
2025-04-14,3.6783366311784937,3.6840557745632205,3.6621325430929343,3.667851686477661,941570983
2025-04-15,3.6640390206810984,3.676430422332454,3.645928475612693,3.6707112789154053,981793477
2025-04-16,3.6611792625022166,3.687868294080124,3.632583774130141,3.6792895793914795,2177133740
2025-04-17,3.66213263515481,3.689775010704721,3.6611795203189788,3.6821494102478027,1387340598
2025-04-18,3.6764304006086905,3.697400290004959,3.666898343465432,3.691681146621704,1378050739
2025-04-21,3.684055711853489,3.7040724861025587,3.6764303389748187,3.6935875415802,712631513
2025-04-22,3.6935875623581698,3.710744765060068,3.6916811054994043,3.6964471340179443,752043609
2025-04-23,3.7097917539817704,3.7240896126803986,3.6916812087157598,3.7002599239349365,615504094
2025-04-24,3.7002599239349365,3.7202769261130157,3.689774979060446,3.7002599239349365,487361469
2025-04-25,3.705025952586731,3.716464012288879,3.6935876656278284,3.7002599239349365,577193480
2025-04-28,3.701212997291796,3.7040725689994813,3.6831026794854598,3.6945407390594482,624709030
2025-04-29,3.692634623869395,3.6983537674620153,3.6811963366841534,3.687868595123291,494734986
2025-04-30,3.6888214506417594,3.704072423397669,3.6831025347079436,3.6850087642669678,500453684
2025-05-06,3.704072517377267,3.7231361769916504,3.6983536012983507,3.7202768325805664,717825309
2025-05-07,3.765076565853959,3.77651462574217,3.726949245046406,3.7431533336639404,1047081171
2025-05-08,3.734574452653692,3.7803273719473847,3.734574452653692,3.7650763988494873,782005719
2025-05-09,3.7612637535213054,3.7650764400232872,3.747919009879243,3.760310411453247,693374829
2025-05-12,3.7774679028059204,3.8051102780925086,3.771748759331902,3.803203821182251,836500229
2025-05-13,3.8232206877010717,3.824173802494009,3.801297229409549,3.807016372680664,793400917
2025-05-14,3.807969590244118,3.8756457420175305,3.8051102457881374,3.8556289672851562,1214790218
2025-05-15,3.848956647574728,3.8518159919850454,3.816548471690309,3.823220729827881,817722375
2025-05-16,3.8146417979516816,3.821314056107412,3.7908123370036084,3.802250623703003,730283731
2025-05-19,3.7974845536231228,3.801297240062302,3.7793740089660877,3.7965314388275146,556298093
2025-05-20,3.797484831269504,3.8279865522697647,3.793672144551567,3.8155951499938965,549987479
2025-05-21,3.816548677811109,3.842284596947879,3.815595108442673,3.8308463096618652,560603133
2025-05-22,3.829893029517149,3.8384715173546695,3.8155949437699452,3.828939914703369,491932009
2025-05-23,3.841331190264817,3.8422843050473228,3.80034407302267,3.801297187805176,845089070
2025-05-26,3.7955783759917123,3.8060633206571763,3.770795572912661,3.781280517578125,740485719
2025-05-27,3.779373925934908,3.783186839547066,3.7545911237395897,3.761263608932495,578288400
2025-05-28,3.762216847559227,3.770795562583881,3.753638132534573,3.757450819015503,539920166
2025-05-29,3.7603103187575995,3.7927187213674194,3.7545911755172345,3.780327320098877,891039442
2025-05-30,3.7736551761627197,3.778420977502616,3.747919030802975,3.7736551761627197,737030741
2025-06-03,3.761263598523082,3.7860461733930717,3.757450684921476,3.7717485427856445,596786798
2025-06-04,3.773655268307304,3.798437844942054,3.772701926210645,3.7879528999328613,464543350
2025-06-05,3.7917654928950957,3.8070164662406234,3.7812805481448746,3.7974846363067627,531965733
2025-06-06,3.8003441460660836,3.8117824327029703,3.7917654310884186,3.799391031265259,488880795
2025-06-09,3.8022506540213623,3.8222676559049145,3.797484625439695,3.807969570159912,581098178
2025-06-10,3.80987595449686,3.8175015546309727,3.7727017503920233,3.786046266555786,771051770
2025-06-11,3.7879526317331873,3.8356120064619548,3.7879526317331873,3.8165483474731445,1103509525
2025-06-12,3.8108291421517344,3.8251270006410896,3.7936719392212592,3.8184547424316406,690087151
2025-06-13,3.8108290489004073,3.814641735318688,3.7812804450877984,3.7936718463897705,698016832
2025-06-16,3.7879528476704523,3.807016507746012,3.7850932759334426,3.803203821182251,649326744
2025-06-17,3.8041568533150696,3.8098759966647666,3.78795276532876,3.802250623703003,482891300
2025-06-18,3.80420021205606,3.811022985460005,3.7837316594609347,3.8051748275756836,480803410
2025-06-19,3.7993265722221894,3.80030118771681,3.7652124736943486,3.7749593257904053,600788572
2025-06-20,3.7739846822749503,3.789579691989509,3.7730100667875663,3.7798328399658203,423044140
2025-06-23,3.771060666009478,3.8032253014597455,3.7642378927180014,3.792503833770752,749244714
2025-06-24,3.7973771053620458,3.8500102925390403,3.7973771053620458,3.83636474609375,1224554880
2025-06-25,3.8392886613060537,3.9016684693035955,3.835389966878074,3.89971923828125,1724116122
2025-06-26,3.893870938220311,3.9026434070335974,3.8841240863147304,3.885098934173584,937967872
2025-06-27,3.8889976273355376,3.911415409950224,3.857807608293379,3.8626811504364014,1069691383
2025-06-30,3.8607317615095282,3.8841241600503436,3.8558584516558634,3.8812003135681152,1081958996
2025-07-01,3.8792508557459873,3.8909471712247687,3.8685293881459604,3.8870482444763184,640686095
2025-07-02,3.8841240980009797,3.8977698766164726,3.8743772460660733,3.890947103500366,518883509
2025-07-03,3.8928963294967334,3.9182381909718527,3.889972250681659,3.9133646488189697,686381903
2025-07-04,3.9094661823495884,3.9620991361929616,3.902643409250135,3.929934501647949,1052562084
2025-07-07,3.924086547940635,3.9299347058678613,3.9036182275786335,3.9123902320861816,402251440
2025-07-08,3.9143394403985066,3.9533273146090373,3.911415593835172,3.9455294609069824,612248738
2025-07-09,3.945529341928046,3.9659976615539017,3.9377319532277055,3.942605495452881,647660804
2025-07-10,3.9426056090402093,3.9864665607972976,3.941630993520409,3.962099313735962,632387667
2025-07-11,3.9630737934174225,4.025453832212324,3.9620991779310275,3.9757447242736816,1264855146
2025-07-14,3.9747700691223145,3.990364846282134,3.972820838168977,3.9747700691223145,820547885
2025-07-15,3.978668531028989,4.000111930581942,3.9504028231393558,3.9747700691223145,807481346
2025-07-16,3.9757447804576698,3.989390326993158,3.9533272296541018,3.9659976959228516,479181889
2025-07-17,3.9659976467235034,3.99913736191752,3.965023031235426,3.9981627464294434,597822533
2025-07-18,4.004010722212142,4.03130228163908,4.001086875541362,4.027403354644775,713129616
2025-07-21,4.0322765067155295,4.0546940566537515,4.029352195561338,4.051770210266113,767461325
2025-07-22,4.053719837480107,4.0966061753905505,4.0371504434639025,4.094656944274902,1082109050
2025-07-23,4.09758069958206,4.126821489497771,4.081985921471406,4.09270715713501,994731531
2025-07-24,4.0888083452596256,4.120972979032453,4.083934803229428,4.118048667907715,885235951
2025-07-25,4.118048712230975,4.118048712230975,4.086858693575174,4.0966057777404785,820085976
2025-07-28,4.096605761656247,4.116099465143766,4.080035904546907,4.107327461242676,602771297
2025-07-29,4.1014796941209335,4.1287707886478655,4.085884450986547,4.127796173095703,805978553
2025-07-30,4.1199986531982375,4.157036366838309,4.1005044837070885,4.124871730804443,950252156
2025-07-31,4.114150651307552,4.114150651307552,4.037150445010774,4.049821376800537,1122912575
2025-08-01,4.042997694259199,4.056643704874821,4.01375737165877,4.028377532958984,611567102
2025-08-04,4.017656609642401,4.048846165562646,4.012783067242394,4.046896934509277,435567200
2025-08-05,4.0488460247522395,4.079061428861555,4.04592217827387,4.077112197875977,548068072
2025-08-06,4.0751629384565895,4.092706946737527,4.070289396260078,4.087833404541016,408944907
2025-08-07,4.089783060585799,4.103428606790341,4.065415814606305,4.086858749389648,533965616
2025-08-08,4.081985740106492,4.094656671045892,4.069314809167092,4.077112197875977,423062400
2025-08-11,4.077112034667731,4.111225899382616,4.077112034667731,4.095631122589111,688151892
2025-08-12,4.093681552821133,4.129745114319296,4.093681552821133,4.120973110198975,482487210
2025-08-13,4.12682128595225,4.1638589983299035,4.121947743745576,4.155086994171143,758840813
2025-08-14,4.157036412666027,4.1940745914809945,4.140467019089102,4.148264408111572,887934379
2025-08-15,4.1346185749370195,4.19309968570743,4.132668879241417,4.186276912689209,1071833947
2025-08-18,4.189201133216052,4.249631945079078,4.176530201512507,4.217467308044434,1009247534
2025-08-19,4.216492247692879,4.236960566416331,4.188226075846311,4.196023464202881,774332431
2025-08-20,4.186276910794932,4.25450464094626,4.158985818734401,4.253530025482178,1378416563
2025-08-21,4.257429054796003,4.282770916539625,4.247681970386965,4.267175674438477,913002468
2025-08-22,4.264251737756815,4.37049272468808,4.2632771222898445,4.36561918258667,1360263420
2025-08-25,4.387062345824108,4.456265160018168,4.383163883753028,4.449442386627197,1456091826
2025-08-26,4.438720640453083,4.456265113891081,4.412404162679372,4.426049709320068,1114294146
2025-08-27,4.42604983498033,4.468936171901945,4.359771330910497,4.361720561981201,1412690404
2025-08-28,4.355872080483182,4.445543209807767,4.339302688079659,4.443593978881836,1276415694
2025-08-29,4.43482228035045,4.496227241644888,4.425075195516459,4.484530925750732,1355057364
2025-09-01,4.490378761184556,4.506948618305607,4.464062284696132,4.499151229858398,1193986671
2025-09-02,4.496227270722312,4.525468060646803,4.434822309030764,4.473809719085693,1034412186
2025-09-03,4.475758669331975,4.492328526710627,4.405581242682989,4.433846950531006,918862472
2025-09-04,4.430923059041625,4.4396950629960745,4.304213753218713,4.343201160430908,1420822833
2025-09-05,4.337353252629643,4.447493172351148,4.329555863691518,4.438720703125,1060332474
2025-09-08,4.4387207427462245,4.457239832118689,4.409480417775606,4.439695358276367,1034021993
2025-09-09,4.4299485732101544,4.448467661892855,4.388036853608974,4.413378715515137,680354536
2025-09-10,4.41142942855513,4.446517909721077,4.3929103401074,4.423125743865967,608658332
2025-09-11,4.412404324424879,4.543987182883438,4.402657704224204,4.542037487030029,978341822
2025-09-12,4.543986994605292,4.545936225611343,4.498176347830508,4.504024505615234,915858027
2025-09-15,4.504999450580495,4.543986858129997,4.497201597257348,4.51182222366333,721191518
2025-09-16,4.514746165930336,4.534239870118928,4.474784142058708,4.503049850463867,788903361
2025-09-17,4.498176247247101,4.541062581787257,4.48258147001426,4.535214424133301,715407882
2025-09-18,4.537164054011874,4.55763237312037,4.438720455571186,4.477707862854004,1187372710
2025-09-19,4.473809345302342,4.515720598464774,4.470885034170923,4.487454891204834,731613811
2025-09-22,4.487455033491481,4.504024426284219,4.466011633736318,4.5020751953125,629276623
2025-09-23,4.509872715174833,4.538138888919943,4.442619597028251,4.50499963760376,1055000135
2025-09-24,4.480632183849725,4.545936067953356,4.4796575683804996,4.544961452484131,1004485867
2025-09-25,4.5449618264251885,4.598569399775622,4.53911366836212,4.5761518478393555,771336231
2025-09-26,4.558606974965326,4.580049909476834,4.532290498366391,4.533265113830566,715305937
2025-09-29,4.530341136661047,4.6346329000478494,4.522543747606249,4.608316421508789,1195436520
2025-09-30,4.61416464170296,4.629759420022815,4.600518629714843,4.620987415313721,740380927
2025-10-09,4.633658115091488,4.7135821633224335,4.629759188323351,4.694088459014893,897090608
2025-10-10,4.66582253486887,4.672645307822958,4.58492341010863,4.599543571472168,1174642559
2025-10-13,4.481607039793001,4.584923721339508,4.47965780874996,4.573227405548096,965836187
2025-10-14,4.605392001158428,4.620012163386046,4.503049936031949,4.527417182922363,1161909516
2025-10-15,4.530341170098334,4.595645523926555,4.5098728493909475,4.5868730545043945,997401276
2025-10-16,4.570303339587754,4.6268352200214,4.570303339587754,4.6014933586120605,812463337
2025-10-17,4.59564546799222,4.604417472541022,4.495252631997034,4.506948947906494,840058205
2025-10-20,4.533265130005655,4.55958160669849,4.506948653312821,4.522543430328369,764417805
2025-10-21,4.538138721155375,4.603442605859393,4.534239794476075,4.590771675109863,959868519
2025-10-22,4.571278305325699,4.588822779514905,4.549835368938845,4.5761518478393555,554484198
2025-10-23,4.568353778408316,4.599543798351158,4.524493292154221,4.593695640563965,699342841
2025-10-27,4.686291014268529,4.708708564809472,4.674594698870401,4.703835487365723,758524912
2025-10-28,4.693113740819558,4.72722760641963,4.670695725734824,4.680442810058594,725949138
2025-10-29,4.688240302324676,4.740873257490489,4.688240302324676,4.738924026489258,679278356
2025-10-30,4.735024910062461,4.75062015174737,4.694088272076863,4.700911045074463,816461854
2025-10-31,4.697012200636919,4.7038354385204455,4.634632627105599,4.6356072425842285,1432568620
2025-11-03,4.631708605013666,4.646329232405406,4.585898421292701,4.642430305480957,775988137
2025-11-04,4.639506482369601,4.652176949213428,4.586873060072525,4.609291076660156,1201524329
2025-11-05,4.573227287855499,4.630733785044521,4.549835121641256,4.615139007568359,763353285
2025-11-06,4.6219618158721,4.6911646290765,4.6219618158721,4.683366775512695,732664905
2025-11-07,4.668746681642076,4.690189617339432,4.653151903819741,4.673620223999023,539255553
2025-11-10,4.675569477891046,4.689215024743939,4.642430226281652,4.685316562652588,448348844
2025-11-11,4.692139416126371,4.701886036287607,4.636582147477579,4.642430305480957,565193563
2025-11-12,4.633657904163696,4.661923611454653,4.611239889608896,4.644379138946533,523690675
2025-11-13,4.636581792868934,4.693113672733596,4.631708250777752,4.690189361572266,645956059
2025-11-14,4.66387328807662,4.674594988650642,4.619037719448793,4.620987415313721,593631715
2025-11-17,4.61026537897325,4.6200119985216626,4.572252586724662,4.590771675109863,752466929
2025-11-18,4.581024902977212,4.597594761535227,4.545936419538572,4.564455509185791,856823933
2025-11-19,4.559581593174799,4.597594384899827,4.559581593174799,4.578100681304932,856961494
2025-11-20,4.604417242826221,4.609290785006452,4.554708135074298,4.5576324462890625,561939501
2025-11-21,4.527417164910772,4.53618916925913,4.446518035691081,4.44846773147583,1496400410
2025-11-24,4.463088081819984,4.468936239887653,4.418252513145583,4.44164514541626,1155747722
2025-11-25,4.464062447420208,4.505974167097368,4.463087831924599,4.480632305145264,895940577
2025-11-26,4.483556394882231,4.52839196347872,4.477708236824725,4.5088982582092285,914079306
2025-11-27,4.511822410969839,4.55568289770896,4.501100710780324,4.50499963760376,479369411
2025-11-28,4.504024619720905,4.524493404869292,4.486480610688837,4.517670631408691,519234054
2025-12-01,4.528391629811175,4.5693287331973345,4.521568856707908,4.568353652954102,578301370
2025-12-02,4.567379122132671,4.567379122132671,4.533265255984046,4.547885417938232,383444900
2025-12-03,4.5469108874813795,4.565429976527431,4.517670563026144,4.527417182922363,395034780
2025-12-04,4.530341052381712,4.552759068359618,4.510847347724071,4.539113521575928,402618836
2025-12-05,4.538138697982191,4.590771651667918,4.525467767297363,4.579075336456299,687203054
2025-12-08,4.591746246133689,4.633657964655816,4.58979701519619,4.6122145652771,826343751
2025-12-09,4.607341452872112,4.61903730317466,4.57517635404881,4.588822364807129,700105499
2025-12-10,4.581024738113295,4.589797207232192,4.540088098113695,4.582974433898926,620776436
2025-12-11,4.588822614250067,4.602468160983589,4.543987047225676,4.549835205078125,619944253
2025-12-12,4.559581937703173,4.582974569691248,4.530341147718079,4.57517671585083,867153920
2025-12-15,4.555682846378804,4.592721024101104,4.434822158179574,4.5488600730896,691785514
2025-12-16,4.542037258841051,4.54886003206873,4.48453076176972,4.503049850463867,769355001
2025-12-17,4.502075175876768,4.595645233613784,4.499151329431813,4.580049991607666,1085613318
2025-12-18,4.564455367325959,4.573227371721344,4.543011966944786,4.549835205078125,678018855
2025-12-19,4.561530931507821,4.594670646689332,4.54788538514676,4.569328784942627,831788937
2025-12-22,4.582974163252964,4.615138797000772,4.582974163252964,4.610265254974365,837121964
2025-12-23,4.615139205633866,4.642430299771671,4.606366736256293,4.620012283325195,808340536
2025-12-24,4.6200120401574365,4.644379286397909,4.606366493806748,4.636581897735596,533429378
2025-12-25,4.629759017135123,4.656075493738906,4.623910859582443,4.6453537940979,427244304
2025-12-26,4.645354066808817,4.679468398663265,4.634632831304963,4.662898540496826,816080091
2025-12-29,4.6590001639516245,4.672645711037309,4.628784758395273,4.642430305480957,852905033
2025-12-30,4.625860378751051,4.6687467152207915,4.621961916650719,4.652176856994629,477224225
2025-12-31,4.656075909429322,4.6677722255789185,4.6219620412984925,4.632683277130127,666829236
2026-01-05,4.661924025925011,4.725278683864781,4.659000179296988,4.72137975692749,1017132485
2026-01-06,4.727227695707889,4.795455892963294,4.725278464712942,4.79448127746582,1052301545
2026-01-07,4.795456097445426,4.802278870985237,4.752569760361899,4.776937007904053,933402554
2026-01-08,4.76426592842614,4.770114086245327,4.720404977165528,4.739898681640625,682719778
2026-01-09,4.7340504907572365,4.77888605721347,4.721379559698593,4.7613420486450195,1134855258
2026-01-12,4.769139641385,4.8042281247890735,4.7379496201554945,4.788633346557617,1333075333
2026-01-13,4.7974051172753445,4.839316836974305,4.752569551088037,4.772063255310059,1271783195
2026-01-14,4.77206344906887,4.8237217905930265,4.718455876473338,4.742823123931885,2136722288
2026-01-15,4.726253157877158,4.770114109350218,4.720405000029645,4.7515950202941895,5217148860
2026-01-16,4.780835626303356,4.794481172502387,4.71553127697005,4.736000061035156,5320166468
2026-01-19,4.736999988555908,4.769000053405762,4.7179999351501465,4.73799991607666,2913439864
2026-01-20,4.735000133514404,4.750999927520752,4.688000202178955,4.723999977111816,2886765633
2026-01-21,4.709000110626221,4.763999938964844,4.709000110626221,4.730000019073486,4903973986
2026-01-22,4.741000175476074,4.760000228881836,4.703000068664551,4.7270002365112305,4316344208
2026-01-23,4.73199987411499,4.742000102996826,4.686999797821045,4.703999996185303,6769378109
2026-01-26,4.711999893188477,4.760000228881836,4.693999767303467,4.711999893188477,5939852882
2026-01-27,4.711999893188477,4.742000102996826,4.678999900817871,4.710000038146973,4339135015
2026-01-28,4.724999904632568,4.743000030517578,4.703999996185303,4.724999904632568,8497782253
2026-01-29,4.723999977111816,4.7789998054504395,4.703999996185303,4.76800012588501,3545664739
2026-01-30,4.736000061035156,4.757999897003174,4.642000198364258,4.710999965667725,1670274801
2026-02-02,4.679999828338623,4.718999862670898,4.591000080108643,4.599999904632568,2651134391
2026-02-03,4.639999866485596,4.668000221252441,4.585000038146973,4.664000034332275,1052944612
2026-02-04,4.6519999504089355,4.709000110626221,4.64300012588501,4.706999778747559,1052505916
2026-02-05,4.679999828338623,4.695000171661377,4.644999980926514,4.678999900817871,933982876
2026-02-06,4.64300012588501,4.690999984741211,4.610000133514404,4.64900016784668,881673740
2026-02-09,4.695000171661377,4.730000019073486,4.685999870300293,4.7270002365112305,701119504
2026-02-10,4.732999801635742,4.738999843597412,4.71999979019165,4.732999801635742,680461663
2026-02-11,4.7270002365112305,4.73199987411499,4.714000225067139,4.7230000495910645,372078690
2026-02-12,4.729000091552734,4.735000133514404,4.716000080108643,4.7270002365112305,398012411
2026-02-13,4.714000225067139,4.714000225067139,4.666999816894531,4.671000003814697,1367357151
2026-02-24,4.724999904632568,4.736000061035156,4.704999923706055,4.716000080108643,624245587
2026-02-25,4.7170000076293945,4.7779998779296875,4.716000080108643,4.75,873403106
2026-02-26,4.750999927520752,4.754000186920166,4.711999893188477,4.735000133514404,766372132
2026-02-27,4.71999979019165,4.73199987411499,4.699999809265137,4.724999904632568,606245261
2026-03-02,4.693999767303467,4.743000030517578,4.673999786376953,4.738999843597412,1242367525
2026-03-03,4.741000175476074,4.750999927520752,4.664999961853027,4.677999973297119,966557866
2026-03-04,4.639999866485596,4.650000095367432,4.586999893188477,4.610000133514404,829224020
2026-03-05,4.646999835968018,4.677999973297119,4.638999938964844,4.6539998054504395,568420959
2026-03-06,4.639999866485596,4.682000160217285,4.624000072479248,4.666999816894531,504375859
2026-03-09,4.623000144958496,4.638000011444092,4.559999942779541,4.629000186920166,838098260
2026-03-10,4.642000198364258,4.689000129699707,4.640999794006348,4.683000087738037,546012517
2026-03-11,4.685999870300293,4.718999862670898,4.682000160217285,4.710999965667725,593712221
2026-03-12,4.710999965667725,4.710999965667725,4.664999961853027,4.693999767303467,343383626
2026-03-13,4.671999931335449,4.716000080108643,4.670000076293945,4.677000045776367,325112905
