Date,Open,High,Low,Close,Volume
2016-10-03,110.80374394417855,110.9252264643628,110.35518048638225,110.7850570678711,19216400
2016-10-04,111.1121360430759,111.35510822441807,110.19632220858595,110.61685180664062,21239700
2016-10-05,110.94394649016049,111.36446903760981,110.89721859392125,111.00936126708984,14481300
2016-10-06,110.86919168348699,111.18692571261725,110.41128821617204,110.95330047607422,11987100
2016-10-07,111.05607262569472,111.21494318164407,110.16829970976328,110.71031188964844,19984200
2016-10-10,111.28036429742163,111.65416606795301,111.23363640247679,111.41119384765625,19687300
2016-10-11,111.31771646191255,111.3364033372629,109.3365725801033,109.822509765625,27774400
2016-10-12,109.92531686597397,110.10287428384838,109.39265174202541,109.72907257080078,14267800
2016-10-13,108.98147068129113,109.6356182982966,108.34600994062538,109.33657836914062,22821000
2016-10-14,109.87860511638254,110.31782163049742,109.40200771493075,109.46742248535156,21313300
2016-10-17,109.373987336995,109.61695956984886,109.02821943369052,109.16839599609375,14182700
2016-10-18,110.4673173210022,110.65422172261428,110.08417577462677,110.14024353027344,19276700
2016-10-19,110.05612813643756,110.28975327712172,109.93464562996425,110.13088989257812,13702900
2016-10-20,110.01879319259433,110.24307141044736,109.36463829014865,110.0000991821289,18132200
2016-10-21,110.0842038967131,110.47669254585269,109.7197491325584,110.4112777709961,15707800
2016-10-24,111.12147637777228,111.81300486659589,111.10278237204305,111.73824310302734,19143000
2016-10-25,111.8036783429247,111.82237235207813,111.2149453887505,111.3831558227539,20341800
2016-10-26,110.66357106906938,111.23361706585709,110.29911636681814,110.62619018554688,20463700
2016-10-27,111.10278773062508,111.19623637475578,109.96269573507676,110.1215591430664,19099800
2016-10-28,109.80386315146382,110.37390930926256,109.09364042328109,109.43006134033203,35369300
2016-10-31,109.83184825347546,109.83184825347546,109.2711493506725,109.32721710205078,18749400
2016-11-01,109.51416073582605,109.53284761642448,107.56105018336045,108.50489807128906,23498700
2016-11-02,108.43015053966923,108.68246980380178,107.36481996365299,107.63582611083984,26960100
2016-11-03,107.45822924183655,107.81334405676732,106.4583138176156,106.57980346679688,36205200
2016-11-04,106.31813679778503,107.03770629756465,106.01909687220335,106.20600128173828,26997500
2016-11-07,107.92549288386554,108.84130678360829,107.74794258417698,108.72916412353516,26591200
2016-11-08,108.61704907538066,109.93469171375493,108.3647298250543,109.43940734863281,20777900
2016-11-09,108.15912314009101,110.12157344032181,108.02829359538732,109.94402313232422,70234400
2016-11-10,110.4766515458735,110.62616792019632,106.71995549921658,108.1684341430664,72825400
2016-11-11,107.70120882087117,108.44881225457792,107.31806010043591,108.2151870727539,41115200
2016-11-14,108.24323914024184,108.34603480788952,106.56113469662135,107.12183380126953,35906000
2016-11-15,107.93483957527472,108.98148301056648,107.77597615455436,108.60768127441406,31796600
2016-11-16,108.09367846239863,109.32721892095722,108.09367846239863,109.2524642944336,16538100
2016-11-17,109.19641483190533,110.06550084340634,108.9721366407785,110.04681396484375,20598600
2016-11-18,110.1776398929105,110.36453719111175,109.53283209366889,109.63562774658203,16428700
2016-11-21,109.90664785376192,110.87852961379308,109.86926696341351,110.7757339477539,20268500
2016-11-22,111.21494776312139,111.383158200716,110.84114599850275,111.11215209960938,18850600
2016-11-23,110.74767535629496,110.86915787556953,110.17762938258298,110.66356658935547,22926000
2016-11-25,110.79440670310485,111.06541277632387,110.66357716840257,111.01869201660156,7162800
2016-11-28,110.87851533726999,111.28035094468096,110.65423715373304,110.76637268066406,13479000
2016-11-29,110.86918301900005,111.68220134531548,110.55145614437673,111.1495361328125,18553000
2016-11-30,111.28969344145797,111.3270743278742,109.7664597507908,109.80384063720703,30405300
2016-12-01,109.76646151441815,109.77580851859116,107.73859651906264,107.90680694580078,39796600
2016-12-02,107.9722029679207,108.55159592156595,107.673163053385,108.12171936035156,32876800
2016-12-05,108.6824454817342,109.39266095368785,108.18715407067604,108.9627914428711,21419700
2016-12-06,109.27117704882362,109.41135359247477,108.76654576948458,109.22444915771484,27293300
2016-12-07,109.00017845611367,110.74769761041293,108.67310458490142,110.6075210571289,26622400
2016-12-08,110.65424029715345,111.08410979850873,110.43930198163825,110.80375671386719,18578400
2016-12-09,111.21491774991661,111.71020192426344,111.20557074766279,111.67282104492188,21863100
2016-12-12,111.17757515488655,111.40185337849312,110.71032469672846,111.16822814941406,23259300
2016-12-13,111.50463124374532,113.17738847239373,111.50463124374532,112.56996154785156,54477900
2016-12-14,112.7101359542063,113.07459067609409,112.00926039216439,112.33633422851562,28746000
2016-12-15,112.48587450032738,113.17740316141528,112.21486838713766,112.51390838623047,22762300
2016-12-16,112.79039064691894,113.01533924385402,111.87187557042613,112.09681701660156,26283900
2016-12-19,112.20926998775437,113.2496338108711,112.04993679161245,112.5560531616211,21138700
2016-12-20,112.91220740231309,113.19338234218522,112.78099100022123,112.98719024658203,11461800
2016-12-21,113.03406370901888,113.10904656293836,112.64978909650901,112.90284729003906,7079300
2016-12-22,112.9122314437289,112.94034822862702,112.1436750032242,112.58419036865234,16645000
2016-12-23,112.39670112600268,112.70599997308766,112.29360151030768,112.65913391113281,9007500
2016-12-27,112.90285680166758,113.89635467214411,112.85599787708912,113.24027252197266,16110600
2016-12-28,113.48396678669019,113.58706643504559,112.28426958847398,112.35924530029297,17975200
2016-12-29,112.33112182182236,112.59355467445148,111.84374754561956,112.19990539550781,13267500
2016-12-30,112.41546288748869,112.42483038031364,110.72838458047349,111.04705810546875,41749000
2017-01-03,111.787530596057,112.4623621610265,111.43137267043885,112.04059600830078,22307600
2017-01-04,112.16241410466426,112.85599481690608,112.15304661045805,112.64979553222656,19749100
2017-01-05,112.56544236837887,113.36211560291271,112.56544236837887,113.28713989257812,20644300
2017-01-06,113.40895325370556,114.58053334930169,113.1184036782401,114.28060913085938,24074300
2017-01-09,114.37435071284692,114.86173210779549,114.29936785966123,114.65553283691406,18909200
2017-01-10,114.70238533538934,115.25537490822626,114.43995251469035,114.90858459472656,16176600
2017-01-11,114.95546265972615,115.2178955078125,114.36498160077308,115.2178955078125,20686000
2017-01-12,114.80549412195688,115.11479303563243,113.97132952502002,115.03981018066406,19622500
2017-01-13,115.0960711824096,115.63031160438898,115.0960711824096,115.43348693847656,16930800
2017-01-17,115.13355173808637,115.31163425656706,114.74927706491607,115.0866928100586,14538500
2017-01-18,115.25539855626614,115.43348107146136,114.96484889527144,115.32100677490234,12499700
2017-01-19,115.48969665634634,115.89272055112734,115.0210645531479,115.26475524902344,12710700
2017-01-20,115.77089576657131,116.0614525936525,115.20853855563082,115.51783752441406,22091000
2017-01-23,115.44281866349914,115.78023431501649,114.88046162788946,115.61152648925781,17434200
2017-01-24,115.83650612394639,116.5675783774812,115.63968145402704,116.38949584960938,17640900
2017-01-25,117.12054269201711,117.58917482850121,117.0174430499299,117.5610580444336,15036200
2017-01-26,117.72039853582088,117.92659783274902,117.47670780756405,117.68290710449219,16052200
2017-01-27,117.9359536953912,118.02030403937732,117.52355516721492,117.9078369140625,15053000
2017-01-30,117.51419984624097,117.51419984624097,116.3426194265118,116.98933410644531,25006700
2017-01-31,116.57693000856985,116.78312929683204,116.08018107817043,116.75501251220703,19091100
2017-02-01,117.57980018355903,117.79537411267565,117.02681769487207,117.5610580444336,22861900
2017-02-02,117.35488525894932,117.81414285419145,117.02684411949066,117.4579849243164,15101400
2017-02-03,117.5797980840101,117.91721378831434,117.46733094974788,117.79537200927734,16957200
2017-02-06,117.59855838519472,117.95471626163949,117.4860840896419,117.93597412109375,11630100
2017-02-07,118.17965405258867,118.61080193018088,118.0671869112683,118.36711120605469,17541100
2017-02-08,118.2077536458861,118.73261926598569,117.98280510805104,118.56391143798828,12569100
2017-02-09,118.68578009398479,119.25751191004488,118.6201718766054,118.99507904052734,17542700
2017-02-10,119.25748598634263,119.55741022213202,119.05128673347035,119.38870239257812,13915700
2017-02-13,119.75426962469734,120.2135271799535,119.70741069500339,120.0635757446289,19120200
2017-02-14,120.1104106230484,120.47594311672336,119.72613599028502,120.4665756225586,16333500
2017-02-15,120.3822582924752,121.23517244551817,120.31664291076956,121.17892456054688,17891400
2017-02-16,121.25386269424449,121.49756053462625,120.8320966724899,121.14139556884766,15098300
2017-02-17,120.9633116372805,121.67564156030669,120.94456234943341,121.666259765625,15563700
2017-02-21,121.90059602473964,122.34111140234646,121.83499495866982,122.26612854003906,18479600
2017-02-22,122.15365507016921,122.39733863390724,121.94745578488399,122.31298828125,12110900
2017-02-23,122.50042857813187,122.50042857813187,121.36634690036684,121.85371398925781,17489000
2017-02-24,121.30072946871469,122.08802795410156,121.26324519387002,122.08802795410156,18624500
2017-02-27,121.86312941559822,122.24739697605777,121.65693008973177,122.23802947998047,12008700
2017-02-28,122.2098889812788,122.26612254987464,121.52569006083276,121.86310577392578,16598600
2017-03-01,122.64107100266186,123.41898798693742,122.4067548672357,123.19405364990234,25813800
2017-03-02,123.16589761456285,123.18463260233179,122.42545085368559,122.5754165649414,19951400
2017-03-03,122.49105511553817,122.83783827756477,122.1630069395828,122.80035400390625,13722700
2017-03-06,122.3973403949808,122.73475611198252,122.04118968924207,122.52855682373047,12026200
2017-03-07,122.28485764473868,122.85658936162478,122.10677516384553,122.32234191894531,15500900
2017-03-08,122.39735037230118,122.92221613008468,122.27551572950668,122.53794860839844,15776000
2017-03-09,122.50981820278041,122.80036783628904,121.97557070773469,122.63165283203125,20855300
2017-03-10,123.1940447339001,123.34401048208454,122.61294533658652,123.14717864990234,21922600
2017-03-13,123.10029004164831,123.38147219266466,123.03468897727153,123.35335540771484,10731600
2017-03-14,123.07220846331661,123.11907455214578,122.55671008924047,123.05345916748047,14019700
2017-03-15,123.30651412459913,124.10319466240824,122.91286475463548,123.8126449584961,22709100
2017-03-16,124.04695990678876,124.04695990678876,123.44711121040112,123.72827911376953,18457300
2017-03-17,123.8822701687357,124.01375950167302,123.61929150286105,123.68504333496094,21234500
2017-03-20,123.64751285332575,124.07955758331056,123.46907423810563,123.79779052734375,10105200
2017-03-21,124.2673843357559,124.3800854136873,121.84421084136714,121.91934967041016,35841900
2017-03-22,121.9569059035525,122.86794434821238,121.79722696143514,122.74584197998047,29177900
2017-03-23,122.58617545781942,122.92429296119734,122.22926966779173,122.43589782714844,20311700
2017-03-24,122.83039051014312,123.30938443136498,122.21990721851134,122.68951416015625,22967600
2017-03-27,121.81601569059974,123.1027482224659,121.53424871049147,122.88671875,18472400
2017-03-28,122.88669545870934,124.00436185816844,122.61432983936125,123.63806915283203,23721900
2017-03-29,123.7226034506578,124.25796208138418,123.59111411997692,124.21099853515625,13710000
2017-03-30,124.16404135900939,124.5491223940674,124.05134030729015,124.41763305664062,16092400
2017-03-31,124.23923326297714,124.6712780313025,124.09835688812596,124.33316040039062,19841400
2017-04-03,124.43644853052311,124.73698951119407,123.56297219506392,124.25799560546875,23700300
2017-04-04,123.90106756086514,124.47398848175952,123.85410401037934,124.4552001953125,13400000
2017-04-05,124.63365819901115,125.36624375658617,123.71323276305402,123.94803619384766,32011200
2017-04-06,124.07011301899263,124.34247863687952,123.69441900831622,124.01374816894531,18832200
2017-04-07,123.97621145904176,124.32371595061186,123.5066045974545,123.94803619384766,16743100
2017-04-10,124.07015683404146,124.51158849543845,123.65690044198757,123.9950180053711,15619300
2017-04-11,123.88225318819967,124.07010735058593,122.56736003905878,123.45960998535156,33778400
2017-04-12,123.44087748041817,123.54419158390955,122.83039417059346,122.96188354492188,15955200
2017-04-13,122.79280852657982,123.51599278197841,122.45469100968357,122.47346496582031,23683000
2017-04-17,122.82098972963122,123.50661177463739,122.77402617449054,123.48782348632812,13325500
2017-04-18,123.07459416572097,123.65691658110167,122.99006834665973,123.30001068115234,12841100
2017-04-19,123.83538633013866,124.24862850091968,123.32820268443237,123.49726867675781,17764800
2017-04-20,123.9949673543714,124.80269151854586,123.80712752505974,124.53031158447266,21977900
2017-04-21,124.64306504092993,124.69001426416136,124.18284513689099,124.5021743774414,22454900
2017-04-24,125.88277285316487,126.12696318178669,125.66675778048943,126.00487518310547,22469900
2017-04-25,126.41816486519451,127.14134906772642,126.30544948029274,126.91594696044922,19384400
2017-04-26,126.96292046093338,127.27286274898076,126.66237948332939,126.73751831054688,25398500
2017-04-27,127.04744953466202,127.4982681274414,126.97231071398802,127.4982681274414,16136500
2017-04-28,128.00543123907684,128.0523947911998,127.51705042453744,127.72367858886719,22771900
2017-05-01,128.14632539519872,129.02918860667114,128.0899748636178,128.86012268066406,24815500
2017-05-02,129.01977557217293,129.13249095635578,128.69105939073597,129.0761260986328,18345100
2017-05-03,128.78499088002198,128.83195443598694,128.31538398290257,128.66290283203125,23827600
2017-05-04,128.64414711357242,129.07617754279542,128.25906592093583,128.7098846435547,14630100
2017-05-05,129.03856703975177,129.179443359375,128.5595732217693,129.179443359375,19330700
2017-05-08,129.24522748796642,129.46124267578125,128.98224873812214,129.46124267578125,13279900
2017-05-09,129.65847185225854,130.20321759237902,129.5457564476113,129.9120635986328,28426100
2017-05-10,129.98712158203125,130.03408511566533,129.5269162136889,129.98712158203125,20499400
2017-05-11,129.63027272921127,129.92142666937903,129.02917656301437,129.88385009765625,27232100
2017-05-12,129.9402453593378,130.20322409787815,129.8275299490588,130.175048828125,19738600
2017-05-15,130.2313654017237,130.66339564610428,130.1092630437949,130.5882568359375,20481300
2017-05-16,130.92639794061964,131.15181441179442,130.5413311745191,131.13302612304688,21786000
2017-05-17,130.0905210480236,130.33472585077564,127.78006272114087,127.7988510131836,55642200
2017-05-18,127.75187263864413,129.34853332675064,127.61098196155861,128.91648864746094,41319900
2017-05-19,129.37671686288854,130.00598846653494,129.2921910499958,129.46124267578125,36730100
2017-05-22,129.75236757453732,130.6164567943917,129.70541835431237,130.5507049560547,19509700
2017-05-23,130.93579693437277,130.94518391294784,130.34408766504706,130.6822052001953,19687500
2017-05-24,131.07666650961832,131.34904651816416,130.71037372636974,131.28329467773438,15891900
2017-05-25,131.7810555371262,132.73905740453517,131.49928859597512,132.40093994140625,23928600
2017-05-26,132.4291749946029,132.69215377007654,132.25072204025972,132.63580322265625,13851600
2017-05-30,132.5700212073434,132.90813874622168,132.4854954054401,132.74847412109375,20306400
2017-05-31,133.21806269113492,133.21806269113492,132.02527165610584,132.7014923095703,33229400
2017-06-01,132.9739186522966,133.27445967735324,132.4103845248216,133.21810913085938,20120700
2017-06-02,133.68770991523283,134.7678145541644,133.47169471995352,134.73963928222656,37222900
2017-06-05,134.73018354779694,134.94619865581905,134.52355541620648,134.71139526367188,15727500
2017-06-06,134.5517662199516,134.99319786029778,133.97884521851924,134.17608642578125,22393000
2017-06-07,134.55177922007175,134.81475796765258,133.93190893292663,134.70205688476562,18842400
2017-06-08,135.00262119810603,135.05897174329942,134.1103564616509,134.84295654296875,25417400
2017-06-09,135.00261441008536,135.1528777459565,129.71483543920323,131.47116088867188,109783700
2017-06-12,130.36288381952915,131.0015423515318,129.11372769294832,130.76673889160156,104454000
2017-06-13,131.49927248341345,132.0158427570183,130.81365066458895,131.8280029296875,51193000
2017-06-14,132.36336156937804,132.36336156937804,130.19378051521633,131.25509643554688,60093800
2017-06-15,129.93080377048034,130.81366683243834,129.13248082284107,130.67279052734375,55145200
2017-06-16,130.60497312058422,130.6991560968704,129.62553627060893,130.1058349609375,48087400
2017-06-19,131.3678212861165,132.40376217805004,131.1700427832148,132.28134155273438,39626500
2017-06-20,132.14953032884713,132.31904248909214,131.1983308619992,131.24542236328125,40935100
2017-06-21,131.5467834842929,132.6109910691298,131.46202740328164,132.54507446289062,35743400
2017-06-22,132.752240009071,132.9970956527188,132.16833136605544,132.5073699951172,24099100
2017-06-23,132.35672359251026,133.18548813355685,131.9894328291483,133.01597595214844,21654300
2017-06-26,133.77878537510276,134.00480157620677,132.10243148881148,132.39437866210938,34411100
2017-06-27,131.89524338764485,132.05534299050032,129.9834463348948,129.99285888671875,65957800
2017-06-28,130.47318568769998,131.98002778068528,129.71977901151854,131.8670196533203,57427200
2017-06-29,131.3207144485453,131.3207144485453,128.31645890950725,129.57843017578125,88769400
2017-06-30,129.9457178825553,130.5955429685504,129.20172420327125,129.62551879882812,68898300
2017-07-03,130.21883648601553,130.36950910544044,128.17519268761055,128.25994873046875,32797000
2017-07-05,128.66488043080457,129.87034738861365,128.23167337706363,129.5218963623047,42116600
2017-07-06,128.5331261128877,129.07935596949966,127.89272761429369,128.35418701171875,48430500
2017-07-07,128.78735584536474,130.08700615550086,128.77794329612615,129.73854064941406,36970400
2017-07-10,129.82334819535308,130.8969682980151,129.49372206379465,130.586181640625,24853500
2017-07-11,130.3978184024748,131.11356028376812,129.90809270984934,130.95346069335938,31517700
2017-07-12,132.07416275094752,132.65805702365708,131.81046763615572,132.5073699951172,36045800
2017-07-13,132.66749933685338,133.11956052388894,132.41323108574375,132.79934692382812,31073600
2017-07-14,133.39260367067877,134.01417672419706,132.96880908702622,133.8446502685547,34544800
2017-07-17,133.98594225944765,134.38148488068504,133.65631622326447,133.9105987548828,25343200
2017-07-18,133.8164188319865,134.83353461134126,133.39262418316483,134.80528259277344,25748500
2017-07-19,135.20086229059837,135.79418358380033,135.1443582379712,135.59640502929688,33752300
2017-07-20,135.94484082206378,136.0295968824157,135.16316806810605,135.7753143310547,36139400
2017-07-21,135.27620730853178,135.71884155273438,135.00309959438755,135.71884155273438,39697100
2017-07-24,135.69999555509412,136.434576952649,135.53989595514577,136.3404083251953,26712700
2017-07-25,135.8883478094808,136.31215693106213,135.624652658897,135.991943359375,28120900
2017-07-26,136.33099001533034,136.50992910019622,136.11438635116525,136.43458557128906,18610600
2017-07-27,137.32925765583727,137.46110521643945,134.01421479887432,135.5775604248047,80665900
2017-07-28,134.7676817360473,135.69061497628863,134.55106366421552,135.46458435058594,38013200
2017-07-31,135.8506262197417,136.0201383009885,134.59806759497786,134.8900146484375,33848600
2017-08-01,135.35155375801037,135.38921833755384,134.78648447269623,135.20086669921875,20149400
2017-08-02,136.0767109390131,136.1049629638156,134.30617407641668,135.56814575195312,41769700
2017-08-03,135.69997875860585,135.77532227342775,134.79588532135529,135.04074096679688,27112800
2017-08-04,135.3421019044602,135.58695752616265,134.729941294747,135.28558349609375,29472900
2017-08-07,135.53044717290422,136.14259338378906,135.34209559803995,136.14259338378906,17933900
2017-08-08,135.8789135064686,136.99962490220176,135.5210354149758,135.90716552734375,30810400
2017-08-09,134.78648366921567,135.79418720228009,134.47569700117643,135.72825622558594,36169500
2017-08-10,134.95595738311238,135.05012597970858,132.68628296168683,132.81813049316406,63331700
2017-08-11,132.99711753498627,134.1178291423972,132.69574342832087,133.8258819580078,45862500
2017-08-14,134.89006330984552,135.7564922350411,134.85239873497054,135.54930114746094,34161000
2017-08-15,135.88837990463648,135.89780682886752,135.2762333826943,135.64352416992188,25509200
2017-08-16,135.9825170482009,136.51933421705485,135.4268747778586,135.87892150878906,31913000
2017-08-17,135.35149713821355,135.55868816480333,133.1006622314453,133.1006622314453,70191000
2017-08-18,133.17605729015517,133.92005126800873,132.46030096834784,133.00653076171875,60751900
2017-08-21,132.9970899285135,133.28903705230283,132.01763865546593,132.8369903564453,37111500
2017-08-22,133.55278345381467,135.00312145013257,133.50569194504652,134.86184692382812,36294200
2017-08-23,134.18375219842173,134.68289051256536,134.08958356329236,134.38153076171875,25702300
2017-08-24,134.68284894733011,134.83353596140358,133.23252595521078,133.98594665527344,38160800
2017-08-25,134.50395782242174,134.84298213316367,133.52450635702883,133.7034454345703,26380400
2017-08-28,134.10838618920243,134.42859973183414,133.68459147638316,134.11781311035156,15362100
2017-08-29,132.96886396499207,134.87124847288263,132.8464289392922,134.6452178955078,24498300
2017-08-30,134.75822367280463,136.45341704808237,134.67346759661774,136.22738647460938,33642700
2017-08-31,136.61346831657102,137.69651493136402,136.53812481873564,137.6870880126953,38480700
2017-09-01,137.86606998182833,138.05442159995437,137.13148861192167,137.498779296875,22293600
2017-09-05,137.09379409031868,137.38574119018864,135.23850159790828,136.26502990722656,44794300
2017-09-06,136.613436131493,136.9901535319182,135.6905036484753,136.6793670654297,30722700
2017-09-07,136.93368757109414,137.3480696850641,136.5004803576201,136.99961853027344,22721100
2017-09-08,136.82069253112516,136.88662349658733,135.67172905846573,135.81300354003906,27890100
2017-09-11,136.8772197275818,137.6118011710329,136.83955514830865,137.37635803222656,27126300
2017-09-12,137.76243665009633,137.88487163493446,137.05610749812894,137.7059326171875,30256700
2017-09-13,137.4705076951573,137.91314183838588,137.24447716341123,137.89430236816406,28450900
2017-09-14,137.35750313265925,137.77187089601594,136.9996250408044,137.08438110351562,35296400
2017-09-15,137.05609873057037,138.0543749022421,136.8300682430909,137.55523681640625,46422400
2017-09-18,137.71481130628624,138.148966846336,136.95974128673905,137.37503051757812,24858200
2017-09-19,137.62044084631634,137.80920477640248,137.14852382021868,137.6110076904297,20871200
2017-09-20,137.56377653911153,137.71479340374174,136.12914512864626,137.18624877929688,34236200
2017-09-21,137.09184420614426,137.10127735846143,135.86485752222623,136.34622192382812,28841800
2017-09-22,135.91209280117604,136.4123236572615,135.77052346521359,136.21412658691406,21702400
2017-09-25,135.6760885591034,135.75159698007778,134.11876878156326,134.77944946289062,54947700
2017-09-26,135.4684427998655,135.723281918173,134.65674528379148,135.128662109375,29628800
2017-09-27,135.8459768158326,136.85588578238153,135.50621051130318,136.34622192382812,33249400
2017-09-28,136.0159191834665,136.44064160582226,135.70445223326857,136.299072265625,24149400
2017-09-29,136.57273385407416,137.3844314141916,136.21408684036604,137.28060913085938,43102400
2017-10-02,137.4882313579122,137.9601481324235,136.78978934700297,137.40328979492188,27351300
2017-10-03,137.58266739561665,137.85637288140643,137.28063364407845,137.6959228515625,19715200
2017-10-04,137.431655453042,138.1206501710477,137.29951928244142,137.82806396484375,26381100
2017-10-05,138.32826017336873,139.2532131361553,138.18669088377447,139.17771911621094,31562400
2017-10-06,138.70582008200233,139.3665008544922,138.70582008200233,139.3665008544922,23561100
2017-10-09,139.54580484521725,139.69680727731458,139.0266934799385,139.20602416992188,13704800
2017-10-10,139.67793949823647,139.81950877738092,138.696344490309,139.30984497070312,19223100
2017-10-11,139.24385422475254,139.75353274255494,139.0645234278134,139.72520446777344,12439100
2017-10-12,139.51750096065697,140.01773165701672,139.3287227039666,139.47030639648438,14513500
2017-10-13,140.03662990464943,140.1687660734185,139.47977136496266,140.00831604003906,18409900
2017-10-16,140.35754888557656,140.52743207870034,140.05551511767285,140.48968505859375,21809400
2017-10-17,140.44246494709694,140.68785653757993,140.2253872169866,140.66897583007812,13138200
2017-10-18,140.81058190557923,140.82946261608078,140.29147038000445,140.49911499023438,17218200
2017-10-19,139.6779763850197,139.99887643699702,138.99841486214913,139.97999572753906,27680300
2017-10-20,140.54633840134747,140.6690270403735,140.18767683704374,140.35757446289062,30173300
2017-10-23,140.65010737272564,140.6595405254522,139.24378992143696,139.44200134277344,29297100
2017-10-24,139.71571027044246,139.97054941800727,139.15885180874477,139.67796325683594,20289500
2017-10-25,139.40428380149635,139.85732010486748,138.11123578477907,139.14944458007812,36179100
2017-10-26,139.06444227089406,139.41367050388263,138.66803387825888,138.70579528808594,28230200
2017-10-27,141.0370862445603,143.00970994971303,140.82000849008844,142.7454376220703,60165100
2017-10-30,142.64162283745128,143.64208447363524,142.50948666666778,143.06634521484375,31733400
2017-10-31,143.52886080274075,143.8119995158713,143.11357148779504,143.60435485839844,26319300
2017-11-01,144.180063603308,144.24613889017317,142.99083805559897,143.55714416503906,29481600
2017-11-02,143.39667220328835,143.45331433267094,142.30183586517634,143.28341674804688,31017400
2017-11-03,143.8025304428072,144.6802890378117,143.3117327930212,144.6614227294922,26199200
2017-11-06,144.54810772643395,145.20880275708583,144.50092756860818,145.15216064453125,28693900
2017-11-07,145.0389558995962,145.42593126092845,144.72748897962848,145.23716735839844,21333100
2017-11-08,145.16161548053623,145.8600431510841,144.99171793786357,145.82229614257812,17373500
2017-11-09,144.62361525114605,145.13329344869675,143.56652625142237,145.0577850341797,40594500
2017-11-10,144.71808284702826,145.16168602177328,144.46324361005944,145.0484161376953,20150800
2017-11-13,144.50091968157398,145.4164393608422,144.50091968157398,145.2276611328125,12522400
2017-11-14,144.71806894491533,144.87851899670002,144.00076028956667,144.69918823242188,25173800
2017-11-15,144.07618947780273,144.40653698978954,143.25505887603103,144.01956176757812,24808000
2017-11-16,144.74634473138818,146.19040921929457,144.71803087097905,145.8600616455078,34790600
2017-11-17,145.8978119655653,146.00163424642352,145.161622847392,145.30319213867188,28725800
2017-11-20,145.40703440876305,145.53917056604212,144.98231207477752,145.18995666503906,21143900
2017-11-21,145.87896812879674,146.8322496035427,145.812907243423,146.76617431640625,20147800
2017-11-22,146.89828577834433,147.0870496499255,146.6151327700925,146.9454803466797,17299000
2017-11-24,147.09654422919257,147.53069983244617,147.0115882183257,147.48350524902344,8280600
2017-11-27,147.43628488338078,147.7666180737775,147.07762342923948,147.4174041748047,22653400
2017-11-28,147.74775781548598,147.88934154676244,146.95494076668422,147.79495239257812,25227300
2017-11-29,147.62507169105783,147.6628187123115,144.51984992814866,145.21829223632812,71986300
2017-11-30,145.83176842272445,146.71897457912547,145.49198764797006,146.43582153320312,56595500
2017-12-01,145.53916161677614,146.52075678342857,143.70812183438537,145.81288146972656,59015800
2017-12-04,146.72841662202384,146.88886664827334,143.99128981663378,144.13287353515625,51319100
2017-12-05,144.1045766273518,145.86955610368108,143.55716554891816,144.22727966308594,40604200
2017-12-06,143.68928394392313,145.1050348512992,143.51938634612125,144.87850952148438,28647800
2017-12-07,144.86904721961432,145.7845671076593,144.71803036345514,145.36927795410156,32666200
2017-12-08,146.4358460964723,146.79450764158693,145.7846127039033,146.01112365722656,28081700
2017-12-11,146.07715440703302,147.19087132595112,146.06770685234918,147.1436767578125,20821500
2017-12-12,147.07761649696252,147.3796358111403,146.63401347777867,146.9454803466797,20310300
2017-12-13,147.54010457339572,147.70055458905787,147.01154555492195,147.2286376953125,24418500
2017-12-14,147.4834486482318,147.86099076895684,146.9643516350938,147.1248016357422,24594700
2017-12-15,147.70052832640462,148.95582876877342,147.4551223681659,148.7953643798828,49816200
2017-12-18,149.778067526078,150.16585204207112,149.50378971712937,150.0428924560547,26844500
2017-12-19,149.7591706517143,149.91050333008323,148.73769672054195,149.1538543701172,31415000
2017-12-20,149.67405514745127,149.70242822136493,148.40667640637812,148.99307250976562,38972600
2017-12-21,149.20113676765683,149.6740405292025,148.84172529068132,149.01197814941406,18638700
2017-12-22,148.78497444056515,148.89846672154422,148.44448316575097,148.8417205810547,23330400
2017-12-26,148.00946871725304,148.22700047164858,147.49872442029437,148.037841796875,21918700
2017-12-27,148.0472640383217,148.4539688151975,147.91485155019723,148.0567169189453,22388200
2017-12-28,148.5296177218067,148.55800522686135,148.05671392636657,148.23641967773438,25393800
2017-12-29,148.36883198725894,148.39720506040143,147.2622388390666,147.31898498535156,33186000
2018-01-02,148.07563064083277,149.93887270564983,147.7067662663292,149.9010467529297,32573300
2018-01-03,150.0429177293244,151.49000220897162,150.01454465575316,151.3575897216797,29383600
2018-01-04,151.8777628007533,152.0763742843806,151.40485907342446,151.6223907470703,24776100
2018-01-05,152.34121392278462,153.24918099903687,152.0574687995021,153.1451416015625,26992300
2018-01-08,153.1451644275135,153.81669417164292,153.0884182807744,153.74102783203125,23159100
2018-01-09,154.04367105386726,154.20445660554563,153.28703655935206,153.75047302246094,24782400
2018-01-10,153.0694659354106,153.41942448659,152.38848345382567,153.3910369873047,34004000
2018-01-11,153.6559407165807,154.4504158006818,153.41948876784477,154.44094848632812,20473500
2018-01-12,154.30851919988947,155.73669805142413,154.10990766639293,155.57591247558594,37762700
2018-01-16,156.60683583087373,157.40131081053218,154.66792721975415,155.13137817382812,41231800
2018-01-17,155.86907972821922,157.04187179815207,155.11243083775716,156.805419921875,33849900
2018-01-18,156.55955471827025,157.19324417495895,156.19069027536545,156.83384704589844,26432200
2018-01-19,157.29724948697668,157.58099463502512,156.56897364109042,157.32562255859375,38937600
2018-01-22,157.2688729043459,159.0091552734375,157.08916716686454,159.0091552734375,26081400
2018-01-23,159.5009589450297,160.4656865314527,159.4252926214009,160.3238067626953,37989700
2018-01-24,160.66433354848627,161.0142921766789,158.36602799127022,159.28346252441406,54287400
2018-01-25,160.3805707746578,160.43731691062956,158.71594048281494,159.2266845703125,28925000
2018-01-26,160.1157614965889,161.6858055688131,159.80365769011843,161.66688537597656,32038200
2018-01-29,161.32642775015762,161.64799890736447,160.54140562035477,160.88189697265625,37277800
2018-01-30,159.41591962620913,160.23876785620394,158.7254839209478,159.5577850341797,44987700
2018-01-31,160.45625475820032,160.77784031281502,159.21724910210466,160.2198028564453,42449200
2018-02-01,158.99026160638084,160.5319181639635,158.34710494078755,158.85784912109375,38037900
2018-02-02,158.23358586712925,158.61190306623956,155.5569491093894,155.68936157226562,68478100
2018-02-05,154.2328296460673,156.76758671512576,149.4375788898333,149.5510711669922,105372200
2018-02-06,147.36630297968512,153.70321200804395,146.6947875601262,153.51405334472656,118537900
2018-02-07,153.02222605995914,154.68685689869648,151.51839523513854,151.52786254882812,91028300
2018-02-08,151.91564110502628,152.08589401011625,145.1342010498047,145.1342010498047,94184800
2018-02-09,147.18659637474352,148.71881473236652,141.99412110111467,147.64059448242188,113836600
2018-02-12,149.15381364548193,151.28188014641205,147.98102178803575,150.26040649414062,63050600
2018-02-13,149.39979790019976,151.33869223389138,149.17279884569479,151.03604125976562,31785600
2018-02-14,150.14695108876924,154.10041978698618,149.4375954143341,153.8639678955078,52107400
2018-02-15,155.2448187138129,156.72027587890625,153.6369490962592,156.72027587890625,51633900
2018-02-16,156.20963598825534,157.72291996680622,155.75563780599518,156.02047729492188,62256300
2018-02-20,155.4718911756691,157.6472375756691,155.40567770219832,156.3325653076172,36785600
2018-02-21,157.0986329446888,158.63083649035647,155.79341396467427,155.88800048828125,41161800
2018-02-22,156.56899856121026,157.40131394612618,155.47187260967928,155.86911010742188,37074400
2018-02-23,157.12700135058583,159.0564422607422,156.48384475928248,159.0564422607422,50096900
2018-02-26,159.80363773420396,161.16558837890625,159.6712252646408,161.16558837890625,39266700
2018-02-27,161.2128847885682,161.47770973286805,159.09428523416946,159.16993713378906,42209900
2018-02-28,160.0779551754268,160.59815230314103,158.04447436840246,158.1485137939453,42936300
2018-03-01,158.23363676318942,158.9619127591976,154.16666062116298,155.5664520263672,76809900
2018-03-02,153.6937398243718,157.26889151004377,153.18301005436683,156.99461364746094,57445100
2018-03-05,156.25685242391265,159.14155355031636,155.67044200152188,158.73486328125,38540200
2018-03-06,159.5104725360732,159.94555045456846,158.4038791915792,159.40643310546875,29480900
2018-03-07,158.18627341659231,159.9076496570053,157.91199564529677,159.7752227783203,34609400
2018-03-08,160.4373297675793,160.76835373123373,159.7941731673151,160.6548614501953,25828400
2018-03-09,161.7993123413519,163.7760467529297,161.5628604424011,163.7760467529297,38310500
2018-03-12,164.25837941918783,165.02448115069518,163.8895150880222,164.6461639404297,37635000
2018-03-13,165.0245247863293,165.7149748038529,161.98849012669046,162.40464782714844,55638900
2018-03-14,163.2558291611975,163.37878875139225,161.66686509546645,162.376220703125,40536400
2018-03-15,162.48971652499102,163.1801518959179,161.63848119371912,162.23434448242188,28810400
2018-03-16,162.5086171096814,162.86801406977787,161.6763020680124,161.75196838378906,31176700
2018-03-19,160.19557246941577,160.30924890819497,156.91776208343228,158.30088806152344,71395100
2018-03-20,158.36716403234098,159.19134696552334,157.83665481303777,158.82188415527344,34075700
2018-03-21,158.40503202246236,159.87340027867438,157.43873931894785,158.1302947998047,43863500
2018-03-22,155.94199721790406,157.04091761872232,154.02836196203705,154.22731018066406,66607300
2018-03-23,154.04728553117377,154.7009538339199,150.08738839445158,150.16317749023438,80110400
2018-03-26,153.2041569861628,155.9325067070187,150.7789636588653,155.74302673339844,57481500
2018-03-27,156.89879713349825,156.89879713349825,149.3768983952921,150.70318603515625,78889100
2018-03-28,149.8410657479299,151.36628677658678,147.8232228865548,148.96951293945312,89369700
2018-03-29,149.7747729124009,153.19467804051973,148.38217904451952,151.6978759765625,68692600
2018-04-02,150.61794355804298,151.32845021736497,145.77702427431737,147.32118225097656,85549400
2018-04-03,148.60949542626693,149.60420715301368,146.30746191649595,148.9789581298828,64090000
2018-04-04,146.09908307674579,151.79260324141256,145.92855400153442,151.3284149169922,65768700
2018-04-05,152.83469081720614,153.0715263237495,151.08210228666832,152.19049072265625,43054900
2018-04-06,150.51369098067502,152.01049296984712,147.67166518092083,148.38217163085938,59870900
2018-04-09,149.66106031427293,152.40836033223124,149.16845296370607,149.42422485351562,41810400
2018-04-10,151.7736511483028,153.21360041890176,150.69368196770853,152.7209930419922,48296800
2018-04-11,151.76417673006156,153.46939512248065,151.66945120871605,151.8399658203125,41622100
2018-04-12,152.75889555100161,154.19885942011132,152.6736382413594,153.66835021972656,30467900
2018-04-13,154.43569682508254,154.66304965360396,152.20943734386535,152.87257385253906,44604900
2018-04-16,153.94307129945756,154.59673957659112,152.97677843520398,154.03781127929688,28180800
2018-04-17,155.59147397391501,157.69457462296768,155.2788493417268,157.35353088378906,35536100
2018-04-18,157.353474892144,158.20607670905952,156.60506679358878,157.67556762695312,29573900
2018-04-19,156.87986468065344,157.24932753825345,155.68620432895037,156.2261962890625,34705700
2018-04-20,155.8282667888082,155.94194318561048,153.2135940200399,153.7535858154297,49197100
2018-04-23,154.50199605418163,155.10829432749375,152.54100572303585,153.3651885986328,33040600
2018-04-24,154.0946319096829,154.33146737697726,149.1021362116363,150.1157989501953,70256800
2018-04-25,150.38106338581866,150.9210407699349,148.23059315418115,150.29579162597656,52089300
2018-04-26,152.23783605039904,153.9714734120585,151.74521422911852,153.4599151611328,43005500
2018-04-27,155.71456457826937,155.75246634463178,152.6830737572587,153.55462646484375,51043400
2018-04-30,153.91462652917028,154.8714365627038,152.08624930127704,152.46519470214844,35615300
2018-05-01,152.06737064368883,154.22730965571378,151.70737598991985,154.20835876464844,36513500
2018-05-02,154.47359936280984,154.95675308159954,153.1189071084388,153.2989044189453,38646800
2018-05-03,152.52204607343174,153.84831895282375,150.83577864593752,153.27992248535156,60337100
2018-05-04,152.6167792797447,156.54824221280677,152.5030884270583,156.18824768066406,41543200
2018-05-07,156.9177340167131,157.99770335783379,156.7945749265343,157.48614501953125,32500200
2018-05-08,157.15457467121945,157.6661330262725,156.1788135001553,157.32510375976562,26040200
2018-05-09,157.6092688694604,159.15344080775236,157.05034061208383,159.03976440429688,29122700
2018-05-10,159.5512879398375,160.80178592676808,159.42812889271298,160.68809509277344,27067600
2018-05-11,160.49868879910824,160.91552161505294,159.83555225342008,160.53659057617188,24688800
2018-05-14,160.90604979970078,161.82497272649246,160.5460552021104,160.81130981445312,21821700
2018-05-15,159.54187675269043,159.62713406719502,158.1871701159616,159.03030395507812,49361600
2018-05-16,159.2387143373074,160.45131094870143,159.1629252421838,160.08184814453125,22941200
2018-05-17,159.5229484472082,160.67870705841537,158.6892827065881,159.4661102294922,27480200
2018-05-18,158.85030869131194,159.3997688173194,158.4050712247587,158.64190673828125,26217900
2018-05-21,159.87340754037453,160.574445722655,158.8502765940556,159.53236389160156,22954600
2018-05-22,160.26184841675524,160.52710302697128,159.03978356649503,159.323974609375,19477700
2018-05-23,158.11138483153272,160.68815640418816,158.09244839804765,160.66921997070312,26557800
2018-05-24,160.62184143066406,160.90604692603907,159.0018802257309,160.62184143066406,27696500
2018-05-25,160.6028854006124,161.36076187891558,160.299743482466,160.7828826904297,27460500
2018-05-29,160.05340629282395,160.97232906456742,159.11554709145983,160.07235717773438,41220500
2018-05-30,160.65023149696773,161.50283337369206,160.30918785522013,161.2186279296875,22665800
2018-05-31,161.218604110666,162.18489669540222,160.6975777381402,161.11441040039062,35670900
2018-06-01,161.91966031420353,163.73855485346175,161.8722903326798,163.64382934570312,45543300
2018-06-04,164.06068645303847,165.1596066813699,163.95649270641496,165.12171936035156,20459600
2018-06-05,165.51014088186494,165.90802282016807,164.90384252988503,165.63328552246094,24779300
2018-06-06,165.80381497906035,166.62799796341386,164.9701493225142,166.59957885742188,25036600
2018-06-07,166.62796807911636,166.66585539521304,164.41119147755686,165.24484252929688,39600300
2018-06-08,164.46802274999106,165.6711509732579,164.06065822884048,165.2543182373047,31780300
2018-06-11,165.13115879888608,166.10691976709765,165.10273969925194,165.69956970214844,22319700
2018-06-12,165.92695163290557,166.73219814469857,165.7469687887176,166.57115173339844,22511800
2018-06-13,166.8269764760798,167.8122060585193,166.19224444613545,166.5617218017578,37858600
2018-06-14,167.32897166756788,168.52261702400392,167.20581261898374,168.24789428710938,35916000
2018-06-15,167.61324401388285,167.9921895569005,166.83643094746188,167.66061401367188,49615700
2018-06-18,166.6048475290733,167.70610506523656,166.08269144205784,167.56370544433594,31633200
2018-06-19,165.44667515190667,167.1270492276976,164.9150303943977,167.08908081054688,38236000
2018-06-20,167.85806234778866,168.96882321143573,167.70615971184563,168.27578735351562,33038000
2018-06-21,168.70298759429926,168.87388166787392,166.49095452311354,166.81375122070312,43469400
2018-06-22,167.3739056082841,167.4403539642102,165.8454195871741,166.4435272216797,30073200
2018-06-25,164.93399452491315,165.1808399189997,161.21246702572145,162.6934814453125,77799700
2018-06-26,163.29161515964665,164.29794488876325,162.69350751503666,163.3580780029297,39008100
2018-06-27,164.0510768785065,164.7915840396623,161.02258540561564,161.13650512695312,52843500
2018-06-28,160.9371677450945,163.07324973129164,160.60488253052617,162.52261352539062,46407700
2018-06-29,163.3010784843733,164.16500839654643,162.72196238224134,162.9593048095703,36408500
2018-07-02,161.4307717474644,164.09851201823145,161.07950969342593,164.05104064941406,31770000
2018-07-03,164.66818309541756,164.66818309541756,161.99096788683866,162.15235900878906,25512700
2018-07-05,163.2060896740289,164.29785864032544,162.3706400040948,164.16494750976562,31626200
2018-07-06,164.54476082949816,166.84223372985434,164.24095557677413,166.71881103515625,37005600
2018-07-09,167.58276550854725,168.25680997177864,166.91820952851847,168.21884155273438,27362100
2018-07-10,168.5321104195037,168.72198145912458,167.76312329298847,168.3422393798828,23902500
2018-07-11,167.0225509730554,168.10484599184497,166.89914280214487,167.4877471923828,30280600
2018-07-12,168.22825619878563,170.37384033203125,168.11433650541952,170.37384033203125,27930100
2018-07-13,170.36436326407653,170.7915766653683,169.8896784879235,170.51626586914062,28049800
2018-07-16,170.5542676800112,170.8390814987292,169.8232634116552,170.10806274414062,21405300
2018-07-17,168.30424762021644,171.50361865241143,168.30424762021644,171.1428680419922,31034100
2018-07-18,171.1618572905148,171.30427143762964,170.29794187077246,170.82008361816406,23220800
2018-07-19,170.20297960546438,170.77260715619605,169.76627770463645,169.96563720703125,31094100
2018-07-20,170.47827884080849,171.04789181823932,169.7377573435605,169.92764282226562,35897300
2018-07-23,169.42452828334063,170.54477761064553,168.74098091927132,170.4688262939453,22184700
2018-07-24,172.2251724781491,172.83276854806272,170.46883261909116,171.17137145996094,36900300
2018-07-25,171.24727210390964,173.6681526983406,171.16181784084355,173.56373596191406,35026600
2018-07-26,171.20928599087642,171.75992201940454,170.7061213328854,170.93397521972656,40873500
2018-07-27,172.01630152442945,172.1302212549966,167.65869799544916,168.62704467773438,59456100
2018-07-30,168.63655649608893,168.7314847811326,165.4466734967147,166.244140625,60193000
2018-07-31,166.8991814131475,168.16184474094996,165.96880324548331,167.51626586914062,47285100
2018-08-01,167.90551286194773,168.65550849356518,167.1839971602505,168.15234375,37101900
2018-08-02,166.96561172072714,170.6396815889837,166.88966042129186,170.4403076171875,47178200
2018-08-03,170.76315037151713,170.97201289752303,170.01315456357543,170.9625244140625,28934400
2018-08-06,170.84856184575557,172.01628241302913,170.6396993720994,171.96881103515625,24808800
2018-08-07,172.4529685698198,172.91816485251178,172.0827150342011,172.5953826904297,29895700
2018-08-08,172.35804015947278,173.11753867671194,171.89284387718433,172.8042449951172,22680700
2018-08-09,172.6998291015625,173.3833763791455,172.4434952509112,172.6998291015625,18852900
2018-08-10,171.53212191727272,172.0447897018576,170.7346547926217,171.38023376464844,33818500
2018-08-13,171.69354878921055,172.7948068417339,171.11443258229764,171.1903839111328,26089200
2018-08-14,171.84538236703568,172.4624812854372,170.9244927160395,172.2631072998047,20913000
2018-08-15,170.89604006822128,171.43718776830173,169.10173185601806,170.15553283691406,58528000
2018-08-16,171.4656480936295,171.8264131857617,170.38336730346373,170.7156524658203,27711800
2018-08-17,170.26944305347547,171.18082975450466,169.24412215014482,170.7536163330078,36092600
2018-08-20,171.13335974878976,171.19982257451744,169.93715926176668,170.60171508789062,24939000
2018-08-21,171.11436703666578,172.2536075603362,171.0099358102993,171.22828674316406,26258700
2018-08-22,170.86750156919697,172.09219621474747,170.6491506620457,171.892822265625,18042400
2018-08-23,171.5890820068392,172.83275397584777,171.3612280674955,171.6460418701172,25776200
2018-08-24,172.21567619052726,173.3834114764124,172.17770777241157,173.24099731445312,23136100
2018-08-27,174.11439559229066,175.00680541992188,173.83908475575194,175.00680541992188,29343600
2018-08-28,175.47196975266584,175.65235227888496,174.89285376722884,175.2631072998047,20277000
2018-08-29,175.56689212313236,177.38019131840272,175.50044379193974,177.28526306152344,29175600
2018-08-30,176.9435201914384,178.02580101414424,176.38338108780488,176.9720001220703,29315500
2018-08-31,176.7536090126749,177.7029785258668,176.56373800728235,177.19981384277344,28653200
2018-09-04,176.65870435461625,176.9624951065848,175.49098375352744,176.4403533935547,29063500
2018-09-05,176.12705199818757,176.15553192724872,173.56375697907146,174.16184997558594,42623300
2018-09-06,174.2377750209072,174.4466374600297,171.43713802423673,172.6048583984375,46091400
2018-09-07,171.3611612384128,173.42129091218396,171.30420139734855,171.94027709960938,46629500
2018-09-10,172.9277228392129,173.02266562444737,171.57961930904688,172.51950073242188,26132000
2018-09-11,171.82642420247043,174.13338557959165,171.3802192924028,173.84857177734375,30116500
2018-09-12,173.59221027329434,173.71561845154756,171.8453594702635,173.33587646484375,36204000
2018-09-13,174.4181772783848,175.51944944819235,174.342225974995,175.18716430664062,31133200
2018-09-14,175.31063659575625,175.5859474730021,173.98151013965605,174.674560546875,31224100
2018-09-17,174.3802129434846,174.5036356354081,171.99730030170542,172.15869140625,33071200
2018-09-18,172.30107774753583,174.42765618075597,172.21562348202107,173.5827178955078,31877300
2018-09-19,173.61123547385804,174.01947198491868,172.3200920795739,173.44984436035156,31843400
2018-09-20,174.64603802981574,175.6048961109917,174.22831308792348,175.3675537109375,33295800
2018-09-21,175.84224963702727,176.08908053365826,174.19034121308673,174.40870666503906,38605400
2018-09-24,173.14374260024607,174.96030495615975,172.43043414227662,174.8937225341797,34945600
2018-09-25,174.81764276641997,175.2646505820556,174.21845898965339,175.13150024414062,25277500
2018-09-26,175.2836733901306,176.89099748705306,174.91275356101755,175.25514221191406,36210600
2018-09-27,175.9684596905686,177.36654554386618,175.87334608345083,176.73883056640625,33113300
2018-09-28,176.24424655078823,177.16679329164666,175.92088354182474,176.7007598876953,28076800
2018-10-01,177.72793122554646,178.35564615321272,176.61517176957318,177.0621795654297,27371300
2018-10-02,176.91004059629824,178.02280028490787,176.25380886632394,176.6627655029297,25618600
2018-10-03,177.4045933372029,177.82307001492705,176.5771600504391,176.85296630859375,29128700
2018-10-04,176.13967449940594,176.25381374837673,172.20221144899236,173.4576416015625,80557300
2018-10-05,173.438589260613,174.0187474364925,169.70084507508136,171.33670043945312,83325600
2018-10-08,170.73755048599747,171.8027533509364,168.27424709237533,170.29054260253906,66864500
2018-10-09,170.4141358916284,172.16413030560366,170.00517934916675,170.84213256835938,49097900
2018-10-10,169.77688893796943,169.8815080740484,163.10983893815956,163.32858276367188,114471100
2018-10-11,162.65341641978873,164.91697292616286,159.60044866340192,161.30288696289062,143084500
2018-10-12,165.64924549308768,166.3054916032614,162.56774769795376,165.7919158935547,102078400
2018-10-15,165.21177331519297,165.5256162987121,163.16694681437016,163.78515625,64885300
2018-10-16,165.5066020492009,168.95900541315746,165.20225011515902,168.550048828125,71979700
2018-10-17,169.36798271932776,169.5391698042776,166.88566840145822,168.6166229248047,66987600
2018-10-18,167.97939814511517,168.03646050533132,164.0038989188648,164.7076873779297,82486200
2018-10-19,166.03925234463597,167.4563642445074,163.95638853325906,164.55557250976562,82923700
2018-10-22,165.5446487052957,166.67643394535193,164.14656276314386,165.40199279785156,52909300
2018-10-23,162.29196442688817,165.6112321798895,160.56100985236623,164.79330444335938,77567000
2018-10-24,164.60307948751299,164.87888572723162,156.96590965414728,157.25123596191406,102997400
2018-10-25,159.69550126861623,163.66149455880162,158.98219280968436,162.69139099121094,83481100
2018-10-26,157.1181029056029,161.64524405574141,156.1955559659638,158.50668334960938,130970900
2018-10-29,160.9319022472343,161.55009709422822,152.25806169357074,155.24444580078125,111871900
2018-10-30,154.78797092957865,157.91701169844154,154.08416786497892,157.80288696289062,92584000
2018-10-31,160.37077966605455,162.87211963637685,160.29469167890903,161.5120849609375,73828600
2018-11-01,161.74985054513357,163.81368816725455,160.52295173666067,163.64248657226562,52706800
2018-11-02,163.1384093215102,164.10851295174766,159.99034344143138,161.09359741210938,75966800
2018-11-05,161.30285751678815,161.35991988292568,158.9061365529082,160.6941680908203,39573500
2018-11-06,160.70361094094926,162.81500473797192,160.46584149995385,161.91148376464844,34410400
2018-11-07,163.85176470533617,166.99032592773438,163.4618191280882,166.99032592773438,51169600
2018-11-08,166.21043699968058,166.72402740398513,165.1357283986415,165.9251251220703,40296500
2018-11-09,164.37478538507182,164.7742363377484,161.83540928515174,163.12887573242188,50602700
2018-11-12,161.98763223764374,162.29196968940957,158.0501548921141,158.1928253173828,62578400
2018-11-13,158.93469355316307,161.18874445554428,157.87899607123077,158.3260040283203,64128100
2018-11-14,159.89521834821545,160.44684529392293,156.21455137081102,157.11807250976562,75270700
2018-11-15,156.83278798328425,160.2947120200697,155.46324757777145,159.86672973632812,73254300
2018-11-16,158.30696798650297,160.07597406926885,157.66974731586984,159.30560302734375,65390700
2018-11-19,158.54471565074388,158.7349283674239,153.63714919397944,154.1317138671875,67280500
2018-11-20,150.62222117098972,153.48497529502265,149.4428937157246,151.3735809326172,102652800
2018-11-21,153.45649654688862,154.04616047599148,151.44020059006232,152.52442932128906,42965800
2018-11-23,151.30701859116004,152.9714053447567,151.30701859116004,151.42115783691406,23503700
2018-11-26,153.5420063408302,154.99715425163086,152.8952658736433,154.9210662841797,42012600
2018-11-27,154.0746590205919,155.83415938840167,153.29476797816355,155.4442138671875,36608100
2018-11-28,156.56648348554862,160.44688415527344,155.4727493964774,160.44688415527344,70141000
2018-11-29,159.77163612088694,160.97949501686253,158.65887633995794,159.92379760742188,44885700
2018-11-30,160.1425331668902,161.17920480028232,159.3436165432954,161.08409118652344,36722800
2018-12-03,164.64108577142682,164.83129843732405,161.21719973609206,163.8992462158203,50771700
2018-12-04,163.0433663175489,163.49989440728848,157.42250389356568,157.6127166748047,70594700
2018-12-06,154.43609092407365,158.74447423684867,153.855932610912,158.72544860839844,71715500
2018-12-07,158.03112170688837,158.94414844696675,152.99040547639026,153.48497009277344,80432200
2018-12-10,153.19964992193061,155.76755768552016,151.61135136255376,155.09230041503906,73960800
2018-12-11,157.6221770210107,157.6602282737266,154.29340351111153,155.60589599609375,59058300
2018-12-12,157.878939238218,159.40066975868623,156.88982455852212,156.9754180908203,53780000
2018-12-13,158.0025888912095,158.65883501700927,156.005319335497,157.02297973632812,46378500
2018-12-14,155.2254622407828,155.79610039029404,152.83824693491567,153.1996612548828,56547400
2018-12-17,152.54342340838417,153.76080227549264,148.52987246728253,149.7282257080078,74834100
2018-12-18,150.88858956005447,152.12499444155412,149.35735268244525,150.6698455810547,63642100
2018-12-19,150.44156877636158,152.85731594981507,145.83835297373756,146.9701385498047,81856500
2018-12-20,146.60866628560294,148.24452158862832,143.0326182692885,144.83966064453125,99002100
2018-12-21,145.56252090962968,146.55163584880017,139.54219418295008,140.35061645507812,141129400
2018-12-24,139.33095071341143,141.14316287543625,136.83200215120905,136.87014770507812,56163300
2018-12-26,138.37717212895583,145.49250510821778,137.43290580136298,145.4162139892578,98982100
2018-12-27,143.42275393039563,146.10292684705445,140.28476155936477,145.97894287109375,85824300
2018-12-28,147.0281402500792,148.40161342100717,144.71041518950375,145.9026641845703,77856600
2018-12-31,147.33339143173828,147.81982387629003,145.6547097618723,147.13308715820312,53015300
2019-01-02,144.01411817450807,148.55419623582395,143.90919970095283,147.72439575195312,58576700
2019-01-03,145.5497693316976,146.17926576697104,142.58345312361666,142.89820861816406,74820200
2019-01-04,145.30179077976715,149.74649928325783,144.72951989696583,149.01206970214844,74709300
2019-01-07,149.38398616337503,151.5205010403314,148.897553940621,150.78607177734375,52059300
2019-01-08,152.16910517649836,152.7127776606438,149.9372187289762,152.15003967285156,49388700
2019-01-09,152.74137795572858,154.05762529049682,152.1023343442476,153.3899688720703,46491700
2019-01-10,152.22634456551222,153.9145585202011,151.367916629777,153.82872009277344,38943400
2019-01-11,152.92262292701332,153.42813532364886,152.40756322421691,153.2659912109375,30176600
2019-01-14,151.96881619500888,152.5697143004367,151.26299960377335,151.91159057617188,30710200
2019-01-15,152.60783766859092,155.08772085223254,152.52199925281855,154.8778839111328,40874200
2019-01-16,155.13544759992672,156.21324544722813,154.79207927580197,154.8493194580078,33812200
2019-01-17,154.35328834572982,156.7663985643334,154.10530585405408,156.07012939453125,39329000
2019-01-18,157.16703911631194,158.34975542467646,156.25139998723492,157.61532592773438,57183200
2019-01-22,156.4803171523973,156.55662284593933,153.33277642444799,154.45826721191406,56711700
2019-01-23,155.2498582842268,155.95566018877258,152.91305378077112,154.6584930419922,38106100
2019-01-24,155.16399365556114,155.88889011339802,154.57264301159174,155.65997314453125,32417800
2019-01-25,156.90949708847936,157.99682756616335,156.37537187892516,157.51992797851562,36515900
2019-01-28,155.48838029800257,155.58375150450294,154.2770510002407,155.57421875,33491200
2019-01-29,155.66001409612232,155.698174211214,153.5521261826264,154.10533142089844,30784200
2019-01-30,155.8507755007113,158.59772171367456,155.3643431729241,158.0254364013672,41346500
2019-01-31,158.99833109918475,161.18253951856764,158.77896134808628,160.39088439941406,37258400
2019-02-01,159.59921757955053,160.81054660596206,159.27492935321055,159.7136688232422,32143700
2019-02-04,159.74232483036644,161.69761657714844,159.59926073706566,161.69761657714844,26718800
2019-02-05,161.91695154621317,163.31903757429606,161.85019316830605,163.12828063964844,28156400
2019-02-06,163.16640756447123,163.45253563132246,161.90738585505278,162.64181518554688,27970000
2019-02-07,161.22066857074765,161.6212624658246,159.23676459954268,160.45762634277344,42036200
2019-02-08,159.05552814293827,160.8009821926445,158.87431854431162,160.77236938476562,29020700
2019-02-11,161.3542109625185,161.74527213239173,160.21918757152207,160.61978149414062,21434100
2019-02-12,161.7929237388512,163.23315494240134,161.5067811374405,162.9947052001953,29722100
2019-02-13,163.71960746929653,164.20605431813237,162.92796703441215,163.1091766357422,26094100
2019-02-14,162.52741727540376,163.89135803018007,161.98375916754,163.30953979492188,30326800
2019-02-15,164.54942103207952,164.58756659152394,163.2331736470539,163.9962158203125,32521700
2019-02-19,163.49074065239117,164.81652109031685,163.46212783784634,164.32054138183594,19487700
2019-02-20,164.43491886693752,165.08350966455137,163.4048288978247,164.29185485839844,32593000
2019-02-21,163.85315363454333,164.30144041045597,162.82306333438285,163.69100952148438,25207400
2019-02-22,164.04393028817512,165.01679499722442,163.95807729893593,164.90234375,27735400
2019-02-25,166.16137393392538,166.590580686146,165.38878431534232,165.5032501220703,32608800
2019-02-26,165.10262552813538,166.1994886416893,164.8260156465415,165.67489624023438,21939700
2019-02-27,164.91186831890695,165.7702962919532,163.8245378627712,165.5699920654297,25162000
2019-02-28,165.05493001764663,165.77981206287885,164.7210945255765,165.18846130371094,25085500
2019-03-01,166.38076172614547,166.58105144044777,165.1789652250391,166.33306884765625,31431200
2019-03-04,167.4299143235754,167.6683641366198,164.50175818737736,166.36166381835938,38063500
2019-03-05,166.4856414794922,167.0006866073332,165.66537364343446,166.4856414794922,22319900
2019-03-06,166.64780772829297,166.67642054176264,165.27433446646182,165.54139709472656,27194600
2019-03-07,165.12171918102456,165.17894480660846,162.89936521331418,163.50979614257812,39407400
2019-03-08,161.67850010886704,163.3476487393869,161.51635598836077,163.26181030273438,39303200
2019-03-11,163.9390143335815,166.77179917684217,163.91040152133206,166.65733337402344,30518400
2019-03-12,167.0961136216267,168.00222011053305,166.69551963349411,167.57301330566406,33953500
2019-03-13,168.4409540991371,169.70949429975377,168.20250428560706,168.83200073242188,42426100
2019-03-14,168.9464006688496,169.14669028398362,168.4981140298903,168.54580688476562,23751500
2019-03-15,169.20398646275163,170.61561987600592,169.08953520636638,170.110107421875,38192000
2019-03-18,170.03744552620398,171.03121006307765,169.69345235271794,170.5152130126953,32935100
2019-03-19,171.212756389836,171.9963020979407,170.36233081267514,171.0885467529297,36893300
2019-03-20,171.09811138333055,172.8180774664263,170.3145801889976,171.76698303222656,50105000
2019-03-21,171.2510233238873,174.7005060518851,171.23190853699714,174.4520721435547,42428500
2019-03-22,173.69717027482332,174.16538772533093,170.43879206647975,170.62034606933594,70794500
2019-03-25,169.99921193867974,170.8878523677577,169.06277726981511,170.29542541503906,46336500
2019-03-26,171.6140939254015,172.655623588832,170.2190063930497,171.0885467529297,33248100
2019-03-27,171.34649618178764,171.72870424478853,168.74744052853305,169.9896240234375,37096700
2019-03-28,170.42921887383764,171.02164589315964,169.3590243665962,170.38143920898438,30368200
2019-03-29,171.70012790318577,171.83390225224474,170.6490333175006,171.6714630126953,35205500
2019-04-01,173.43915476829955,174.15580602725447,172.73206819086062,173.94558715820312,30969500
2019-04-02,174.13673179809436,174.77693860194688,173.69717921170565,174.6049346923828,22645200
2019-04-03,175.5891310644331,176.69755531971228,175.06359840471245,175.60824584960938,31633500
2019-04-04,175.65598032171602,176.29618694744408,174.5284415714045,175.54132080078125,28530800
2019-04-05,176.04774328097375,176.55417557719048,175.83752445081157,176.44906616210938,25674700
2019-04-08,176.16245774189454,177.04154831481108,175.46492117713743,176.89822387695312,22697500
2019-04-09,176.2961686112773,176.87904541591425,175.90439584842375,176.2770538330078,25631900
2019-04-10,176.50638663106005,177.2803674739713,176.31528259014308,177.22303771972656,24563000
2019-04-11,177.51926344289933,177.51926344289933,176.47773395463796,176.8026123046875,20654100
2019-04-12,177.58616189907744,177.6817066381513,176.83128118477705,177.56704711914062,24989100
2019-04-15,177.57661886031178,177.79640240560744,176.41086500728213,177.59573364257812,21073000
2019-04-16,178.24552089895994,178.5990788199297,177.66264387283064,178.20730590820312,27195700
2019-04-17,179.4016959718589,179.5736852730449,178.3028365556854,178.828369140625,29651600
2019-04-18,179.12455739743243,179.43987104614257,178.00656886715427,179.0576629638672,28580900
2019-04-22,178.27421465595705,179.6310729313695,178.14042572681183,179.56417846679688,17936000
2019-04-23,180.0227642486884,182.06760829378263,179.76478033078712,181.84783935546875,33665600
2019-04-24,182.00075274319687,182.23008639226714,181.21720704410373,181.27455139160156,24977100
2019-04-25,182.63140617044485,182.71740081973726,181.0260998154526,182.0102996826172,29517500
2019-04-26,181.72359646405098,182.2109285305695,180.20429967146598,182.17269897460938,26359500
2019-04-29,182.1727178169316,182.81293901290226,181.8765043389689,182.52627563476562,21716200
2019-04-30,181.0548070612115,181.40836500264936,179.84128784533158,181.1121368408203,31495300
2019-05-01,182.29696616346737,182.8129632285239,180.40501094564308,180.5292205810547,34797100
2019-05-02,180.47188308279468,181.40831784065404,178.5608131643482,179.7456817626953,44110100
2019-05-03,181.23628644594044,182.7460332018985,180.91140810841006,182.6122589111328,30386200
2019-05-06,178.7328281104636,181.74275758634585,178.45571479015138,181.49432373046875,38371800
2019-05-07,179.51638999569118,180.28082105743428,176.3057912006181,177.95887756347656,58818100
2019-05-08,177.3759607950994,178.8474782306468,176.73575411610557,177.50973510742188,37165300
2019-05-09,175.5317849800862,177.16575632357845,173.99337297328762,176.55421447753906,55351700
2019-05-10,175.92354600739012,177.62439710784426,172.98049651506432,176.7739715576172,58526400
2019-05-13,172.27337602530127,173.2002460195443,170.14253733867795,170.63941955566406,67185800
2019-05-14,171.53763294568552,173.55381221038922,170.90697639912094,172.51226806640625,43360600
2019-05-15,171.37520677410234,175.38845082740988,171.3369772094222,174.9488983154297,40944500
2019-05-16,175.02534070882623,177.79640090173126,174.81512184659528,176.7070770263672,39281200
2019-05-17,174.9584216039611,177.32814374274412,174.74820278887597,174.9010772705078,44702300
2019-05-20,172.464544509365,173.12385151554648,171.36567033844398,171.94854736328125,38608300
2019-05-21,173.42963623862923,174.22273219255325,172.87542408117713,173.74496459960938,31613800
2019-05-22,172.77985842639774,173.97427726438477,172.7129639729226,172.97096252441406,24332600
2019-05-23,170.98346405002442,171.05990861254506,169.2634978440837,170.3241424560547,45351300
2019-05-24,171.24142803581208,171.85296983213837,170.02789454392942,170.2381134033203,25903300
2019-05-28,170.7158745118306,171.6714094441745,169.57878560949246,169.597900390625,24763800
2019-05-29,168.54679770708913,169.1296745698925,167.30459944107972,168.2028045654297,42178800
2019-05-30,168.65192883363795,169.38769487194207,167.95439236060804,168.90992736816406,30354800
2019-05-31,166.92243327246365,167.49574559911812,166.1388874716343,166.21533203125,45446200
2019-06-03,165.76616996171487,166.21527247584942,161.74337669293996,162.55557250976562,75842300
2019-06-04,164.38069895209682,167.18997442537776,163.7500422988484,167.1326446533203,47797800
2019-06-05,168.72837544473595,168.75704032888817,166.62620131849806,168.3748321533203,34412700
2019-06-06,168.6614455405294,170.12341264620207,167.91612954862978,169.71253967285156,29913200
2019-06-07,170.62032853441633,173.68760232253328,170.40055956527,172.99005126953125,45888300
2019-06-10,174.14624993689034,176.63064671461476,174.1080349530622,175.0062255859375,41385300
2019-06-11,176.83132422005693,177.15620265652257,174.65270534681542,175.24513244628906,41260300
2019-06-12,174.7673513127545,175.1304592901809,173.90737561710063,174.2322540283203,27758100
2019-06-13,174.95848804929506,175.69423960121165,174.61449481945144,175.26425170898438,23715800
2019-06-14,174.36600130036484,174.96799294212124,173.8500188790774,174.51889038085938,22844100
2019-06-17,174.90112115549545,176.05732492857044,174.71001707027756,175.57000732421875,20379500
2019-06-18,177.64353980726776,179.37305606253875,177.1848724462973,178.12130737304688,48177300
2019-06-19,178.36018850485334,179.1914993912538,177.31865872620995,178.79017639160156,31672900
2019-06-20,181.28413074323313,181.32234573409073,178.8379630796846,180.45281982421875,40922000
2019-06-21,180.24252567535837,181.3318347138979,179.8029732723006,180.18519592285156,39980400
2019-06-24,180.5453039459508,180.7272593310687,180.09520839725167,180.19097900390625,19375200
2019-06-25,180.0664764566091,180.17181827675842,176.82962290342388,177.09776306152344,33921100
2019-06-26,178.2756652012719,179.3961110422141,177.63404311864045,177.92132568359375,22595700
2019-06-27,178.56301887611042,179.02268573801575,178.1129232318847,178.601318359375,19709200
2019-06-28,179.03222880892415,179.2237554202281,178.18950879667798,178.8311309814453,21179200
2019-07-01,182.25950352556603,182.49891543250112,180.40166478974282,181.244384765625,31025600
2019-07-02,181.18693893934298,181.98178827078343,180.66981561936234,181.96263122558594,18035800
2019-07-03,182.4222994557674,183.33206176757812,182.23075824271842,183.33206176757812,15792100
2019-07-05,182.0775839268733,183.2937861321253,181.36891928253704,182.9586181640625,21415600
2019-07-08,181.77109474081703,181.82855126074557,180.92836014841646,181.6753387451172,17598800
2019-07-09,180.81348966133245,182.81497017677037,180.66026249710026,182.58514404296875,19193500
2019-07-10,183.6959674460844,184.91216936248847,183.36078494508146,184.4046173095703,28374500
2019-07-11,184.68238025044124,185.15161831069452,183.68641837604093,184.2705841064453,23736100
2019-07-12,184.4716952367902,185.34314360491146,184.29931103908194,185.3335723876953,20211900
2019-07-15,185.76446302660247,185.96557543660745,185.2473397920122,185.92726135253906,15606100
2019-07-16,185.69745656500137,185.86982612542462,184.40462641165396,184.96963500976562,20190900
2019-07-17,184.9696378336719,185.29524914034786,184.04071844376068,184.05987548828125,16765100
2019-07-18,183.18843743884077,184.62490910909295,182.61385753826718,184.2705841064453,28877000
2019-07-19,185.53463048552024,185.62081525284842,182.72871573354956,182.9202423095703,29387900
2019-07-22,183.3320830129603,184.76855460203484,183.3320830129603,184.37591552734375,18954900
2019-07-23,185.3814674476852,185.60172235560228,184.14609357220408,185.5825653076172,23786700
2019-07-24,184.8738670751042,186.8945040406573,184.8547100321132,186.88491821289062,20422900
2019-07-25,186.2528688623358,186.28159711853715,184.7589264771587,185.11326599121094,23434700
2019-07-26,186.29122066085566,187.26802548370264,186.1954500382557,187.01902770996094,20431200
2019-07-29,186.84661768140214,186.91364541267765,185.19946269451825,186.3773651123047,20451700
2019-07-30,184.95050237806154,186.30077451055368,184.81643228644728,185.57296752929688,18705000
2019-07-31,186.07097027860263,186.1954545559485,181.30188833082906,183.00650024414062,41627500
2019-08-01,183.3224827702536,186.7221348529471,181.21566086109848,182.09669494628906,63251600
2019-08-02,180.72727110581008,180.98584007058932,178.32358069262207,179.41529846191406,55214000
2019-08-05,175.66134522980798,175.7379588144182,171.61049875166844,173.07569885253906,75040000
2019-08-06,174.67489669348296,176.01561194978993,173.40123838817587,175.49847412109375,41897200
2019-08-07,173.59276305862767,176.69553154658306,172.27120485817798,176.44654846191406,49990600
2019-08-08,177.2414306200777,180.34421429818417,176.7530355741208,180.2867431640625,38418100
2019-08-09,179.42486938420234,180.03776331310692,177.1935485428272,178.5917205810547,33608900
2019-08-12,177.49042026435274,178.02670063548544,175.72835201276126,176.5423583984375,24642900
2019-08-13,176.38910751074357,181.64658329579416,176.22630917803676,180.41122436523438,40241900
2019-08-14,177.5095272105299,178.07453568404122,174.69404144416507,175.01963806152344,51000500
2019-08-15,175.2495267936558,175.81453542220947,173.48745855585585,174.81858825683594,36685000
2019-08-16,176.4082489037585,178.07454616866505,176.30290709634733,177.62445068359375,32781400
2019-08-19,180.19096960387927,180.83259171987305,179.55891870303446,180.44952392578125,22494100
2019-08-20,179.9994834244698,180.6506769018108,179.00352154877166,179.05140686035156,19902900
2019-08-21,180.62191046179072,181.21564728476403,179.99944538045042,180.6410675048828,20418500
2019-08-22,180.97624884437633,181.4359302375064,178.63958623986724,180.05691528320312,24243700
2019-08-23,178.83114572484195,180.46871519092247,173.87052279160073,174.3589324951172,55372400
2019-08-26,176.34120848913582,177.04028706637504,175.3261044862167,176.99241638183594,27598900
2019-08-27,178.22776705361952,178.52463542436286,175.9294190244436,176.61891174316406,28012800
2019-08-28,176.04439140852605,177.54789080972168,175.16335721315144,177.2510223388672,21792400
2019-08-29,179.4536294507585,180.47831966099048,178.77369304992135,179.961181640625,25358900
2019-08-30,180.92841597015573,180.96673007029125,178.51515371333517,179.53025817871094,26319800
2019-09-03,178.33315869214982,179.2524923157097,177.19355557306363,177.78729248046875,27964200
2019-09-04,179.50145405463053,180.50698687631967,178.9843162091714,180.353759765625,21592100
2019-09-05,182.34568128511157,184.18436290608233,182.27863893973,183.65765380859375,33932600
2019-09-06,183.96410235727765,184.03113008804183,183.07348252681194,183.47569274902344,19487800
2019-09-09,184.05031432872238,184.12692789844735,182.1637471853096,183.09266662597656,24407600
2019-09-10,182.1062512623935,182.6616885633223,180.9091918929455,182.56591796875,23744700
2019-09-11,182.91070693957352,184.3759067214472,182.48933962222924,184.28013610839844,25063600
2019-09-12,185.4101295912763,186.46354766658786,184.79723578724256,185.0462188720703,28689900
2019-09-13,184.7781065630711,185.20904507237648,184.14605562273354,184.38546752929688,27669800
2019-09-16,183.19800871619995,183.94497275639182,183.0160533144145,183.56190490722656,20319000
2019-09-17,183.58107090324958,184.44296264648438,183.18843181841632,184.44296264648438,20953400
2019-09-18,184.05984827339097,184.4429160444452,182.05836848695952,184.36630249023438,29781300
2019-09-19,184.69191705331212,185.82193420932788,184.31843507314082,184.67276000976562,26039400
2019-09-20,184.9313101252673,185.1228367036039,182.10625291031369,182.71914672851562,29086100
2019-09-23,182.66546420936822,183.34677176118836,182.05133421762096,182.7998046875,22485900
2019-09-24,183.6346331372919,184.0376545703299,179.58520848465395,180.3720703125,40820700
2019-09-25,180.18970956107947,182.876533184182,178.6831784282538,182.39674377441406,34704900
2019-09-26,182.1568594448668,182.319986096438,180.38163267080733,181.7250518798828,26826000
2019-09-27,182.0608762343886,182.15683996835182,178.2417568232152,179.4700164794922,40773500
2019-09-30,180.19929559700967,181.46594663546347,179.82506045237747,181.17807006835938,26307700
2019-10-01,181.84020478570434,182.88614229123309,179.40288077881934,179.70034790039062,32367600
2019-10-02,178.48164928563085,178.51043547705805,175.6221086817851,176.6104736328125,48544300
2019-10-03,176.59132451614954,178.68321437744967,174.47066309784645,178.5488739013672,39392500
2019-10-04,179.51800285160743,181.4371604429541,179.32609002087486,181.17807006835938,31887600
2019-10-07,180.6599202283045,182.07050235631786,180.31447124507648,180.63113403320312,21216000
2019-10-08,179.49881860268616,180.26648461649594,177.7811788915719,177.92510986328125,32379300
2019-10-09,179.43165197835742,180.47758939646837,178.89427553041818,179.6619415283203,20147400
2019-10-10,179.70994008698938,181.77302892105075,179.5564039447489,181.0533447265625,25177700
2019-10-11,183.11645090405915,184.84369592471464,183.0108966349632,183.3851318359375,40976700
2019-10-14,183.12601106644976,183.95124940385548,182.9436887553237,183.36590576171875,14975000
2019-10-15,183.93208698432832,186.129530989827,183.81694219522373,185.69772338867188,23234200
2019-10-16,185.0643891476273,185.7073052602141,184.65176260252704,185.2371063232422,20457100
2019-10-17,186.3502065912057,186.63808316974118,185.0163925979353,185.7264862060547,19045200
2019-10-18,185.3906243909831,185.84162760602985,183.0012825091512,183.94166564941406,27700800
2019-10-21,184.92043047886057,185.69768693676926,184.37346355395593,185.57293701171875,15801200
2019-10-22,186.3022191227195,186.56130949981684,184.03761255737552,184.09519958496094,22392300
2019-10-23,183.72098165866203,184.48863306096672,183.4234999019552,184.45025634765625,14828400
2019-10-24,185.76488520815508,186.35983411305676,184.94925188677715,186.2446746826172,18998500
2019-10-25,185.2850657763721,187.82795836508814,185.2466890671056,187.73199462890625,21507100
2019-10-28,188.6052251110987,189.83348486262688,188.6052251110987,189.58399963378906,18818700
2019-10-29,189.26733579009644,189.55519772866606,188.0870432739165,188.11582946777344,18569700
2019-10-30,188.48046835214672,189.34409806749397,187.39613960997087,189.02743530273438,21764300
2019-10-31,189.5743632015891,189.66072176940105,188.0198504129391,189.11376953125,26801800
2019-11-01,189.92944490607204,190.84105657591633,189.64158294929177,190.83145141601562,22131900
2019-11-04,192.09809259132643,192.42434588669738,190.83144147939979,192.01173400878906,19015900
2019-11-05,192.25161949979673,192.44353233245576,191.48395352715008,192.11727905273438,15048900
2019-11-06,191.89653327789375,191.91572895055108,190.75463234791667,191.6854248046875,19725500
2019-11-07,192.64506246502015,193.56626468867074,191.77185675872033,192.32839965820312,17832400
2019-11-08,191.98293853255674,193.11523449422114,191.4743482952887,193.09603881835938,15258800
2019-11-11,192.11726054542848,192.91369799213936,191.85817019319202,192.83694458007812,10147600
2019-11-12,193.00009272292039,194.0364396054053,192.702625631487,193.3935089111328,14778300
2019-11-13,192.7218288637373,193.6238354010179,192.5970935593562,193.44151306152344,15774600
2019-11-14,192.71221011970334,193.41269853652037,192.1268664722233,193.28794860839844,16945400
2019-11-15,194.4586300340992,194.7081298828125,193.83490969633576,194.7081298828125,18427900
2019-11-18,194.4010554760469,195.16872140455794,193.61420851478013,194.86166381835938,18365900
2019-11-19,195.60056992888565,195.60056992888565,194.40109623969946,195.14956665039062,16923300
2019-11-20,194.64099366422968,195.22633741831274,192.51072719146924,193.9788818359375,36629000
2019-11-21,193.767726596798,193.90208167579584,192.94250294244785,193.54702758789062,17883600
2019-11-22,194.0268687643325,194.142028199651,192.62589163907566,193.6718292236328,17189600
2019-11-25,194.50666103498816,196.00360193737149,194.47787483625106,195.96522521972656,17752800
2019-11-26,196.08996176881578,196.58893227415294,195.80208515911352,196.33944702148438,14780600
2019-11-27,196.8480394026569,197.72125982416628,196.6081446478695,197.71165466308594,16963100
2019-11-29,197.21263742445134,197.51010450723888,196.71365235286652,196.8096160888672,9854600
2019-12-02,196.81922188156807,196.88638478837302,193.62382249927535,194.7945098876953,28007000
2019-12-03,192.11730702251805,193.34556690076715,191.17690911416116,193.268798828125,31104100
2019-12-04,194.25713323499036,194.7081364391479,193.96925666863294,194.24752807617188,15300100
2019-12-05,194.93846635497877,194.93846635497877,193.68142021826483,194.63140869140625,14962300
2019-12-06,196.05155705862748,196.85759979728383,195.89802092497533,196.7136688232422,16555300
2019-12-09,196.35865094744108,197.27983856676485,195.73491582655268,195.8212890625,13984100
2019-12-10,195.91724778515723,196.598555335421,195.21675919664273,195.6581573486328,21799800
2019-12-11,196.0995694761221,196.89602182123906,195.79249716098664,196.6945037841797,18780800
2019-12-12,196.49297030247928,198.93989936174515,196.22428938888265,198.16262817382812,32612000
2019-12-13,198.05712509908525,199.50609894547608,197.63492258432495,198.81520080566406,32519400
2019-12-16,200.12012212661477,201.0605050650413,200.05294459572335,200.81101989746094,21296600
2019-12-17,201.0701394622622,201.23328074660083,200.590350052353,200.92620849609375,15996100
2019-12-18,201.09895336783669,201.63631519913883,200.8686491649879,201.0797576904297,15443300
2019-12-19,201.16608948169898,202.40393963235968,201.1468938068487,202.33677673339844,17865900
2019-12-20,203.2963662667182,203.92969179226816,202.73021828570108,203.15243530273438,27672600
2019-12-23,203.8717281960179,204.01597119080623,203.5159190263712,203.6890106201172,23774700
2019-12-24,203.87179535365837,203.95834117904053,203.33326843071416,203.79486083984375,7089000
2019-12-26,204.1217869125618,205.61236168328026,204.0929383089919,205.59312438964844,17067500
2019-12-27,206.31436472693062,206.3336020201802,204.87187588207618,205.42002868652344,18134100
2019-12-30,205.31423383027519,205.439254218607,203.06395488282948,204.07369995117188,21815500
2019-12-31,203.41973472725795,204.60257123298078,203.10238548450258,204.4583282470703,18170900
2020-01-02,206.1797389919156,207.8722686767578,205.77584386451167,207.8722686767578,30969400
2020-01-03,205.1219048119995,207.20870345937038,205.10266751986234,205.96815490722656,27518900
2020-01-06,204.35258272492132,207.32410617084366,204.10255661213913,207.29525756835938,21655300
2020-01-07,207.37220156223603,207.85303119066577,206.61249720576953,207.26641845703125,22139300
2020-01-08,207.23756319064205,209.77634296018044,206.9106025755228,208.8242950439453,26397300
2020-01-09,210.54566410604605,210.99764509645493,209.3628274183027,210.59375,23547000
2020-01-10,211.4207752385872,211.43999785696082,209.68015980798006,210.05520629882812,21898500
2020-01-13,210.92070875003898,212.5074405203136,210.58412216906947,212.4785919189453,22756900
2020-01-14,212.37283882640196,212.72866274980547,211.3150223880236,211.64198303222656,24418100
2020-01-15,211.75736422864225,212.71902348006546,211.03611979007482,211.728515625,25742100
2020-01-16,212.78634358842757,213.7960887225449,212.3343625729061,213.7576141357422,18805000
2020-01-17,214.7192579011785,214.98852129437338,213.60372974436868,214.8154296875,24325200
2020-01-21,214.21918667408207,215.25778031549086,214.12302956346804,214.71925354003906,21146300
2020-01-22,215.80595582365405,216.5175742774816,215.0173881952168,215.28665161132812,20736400
2020-01-23,215.16163291482707,216.0752062125364,214.1614991377784,215.97903442382812,26496100
2020-01-24,216.9887948546252,217.21959835959345,213.17100641825775,214.16151428222656,37436500
2020-01-27,209.32436342107036,210.8726353726684,208.85314511449516,209.73788452148438,42264400
2020-01-28,211.2187958077449,213.44985187516596,210.66103179088964,212.9593963623047,26731900
2020-01-29,214.14231834351736,214.38273320496307,212.3632571730743,213.30567932128906,28924500
2020-01-30,211.93048380648497,214.16152577925908,211.26693653361582,214.06536865234375,39568100
2020-01-31,214.95966099511418,214.98850959468982,209.92056194543707,210.67066955566406,52015800
2020-02-03,211.69965315972127,214.34421592797486,211.55541015095477,213.85377502441406,25408600
2020-02-04,216.77722234834454,219.1236732225691,216.03674063094454,218.74862670898438,30691200
2020-02-05,221.38357098297035,221.42203089453463,218.15239548264063,219.46986389160156,38534800
2020-02-06,220.01798725310113,221.42201604801144,219.239045700798,221.36431884765625,22467100
2020-02-07,220.37384782386522,221.60477054901676,219.77760908210755,220.4123077392578,25884900
2020-02-10,219.68140957690264,223.08567637203146,219.62371237806624,223.07606506347656,21478900
2020-02-11,224.30699509049882,225.0474767392129,222.52791980656025,223.11453247070312,30198000
2020-02-12,224.43205714045064,225.39371646192143,223.8742929731468,225.28793334960938,24471300
2020-02-13,223.72041157839433,225.92260484623094,223.45114815718523,224.99942016601562,22773200
2020-02-14,225.3552218286464,225.8552887399871,224.5955174887056,225.6437225341797,23438500
2020-02-18,224.54743362348628,226.15340280118477,224.30701881232625,225.7302703857422,24394500
2020-02-19,227.0765956619837,228.36521549138124,226.8073322550575,227.8939971923828,22230500
2020-02-20,227.3939152164574,227.865118780057,222.98951481684853,225.7783203125,42604000
2020-02-21,224.65320713921074,225.0378649511475,220.5276956122324,221.44126892089844,66017200
2020-02-24,213.18057755727614,215.6520484333361,211.81502342615175,212.90170288085938,84522600
2020-02-25,214.6904126277907,215.40204570583873,206.50669826213408,207.11253356933594,97743000
2020-02-26,208.4011543208731,211.83426974841416,206.66053898797708,208.17996215820312,79537700
2020-02-27,202.81390650435685,208.12226905920852,197.6209530243144,197.75558471679688,121822600
2020-02-28,191.02394191188347,199.2268919538263,190.57196101096736,197.909423828125,148173700
2020-03-02,200.87136523994843,208.26652635156574,198.0440850292582,208.1222686767578,112933900
2020-03-03,208.78582861847096,211.18997660833233,199.65967756640546,201.4483642578125,131953500
2020-03-04,205.141117448592,209.9590240502057,203.2658705450946,209.85324096679688,73086200
2020-03-05,204.53533975245276,208.06462798302158,202.0446454327985,203.47750854492188,78705500
2020-03-06,196.82279300712034,201.1310222524558,195.1302780434631,200.0443572998047,89828400
2020-03-09,186.06183123737765,193.44738205285324,184.7443627345918,186.1483917236328,116424000
2020-03-10,193.3992634045086,196.46695830060617,186.2541286162111,196.28424072265625,100599200
2020-03-11,191.70676455474796,193.0530815453381,185.34057076673108,187.735107421875,89168800
2020-03-12,175.10855868427896,183.46538131639008,170.15601858552034,170.52145385742188,137820700
2020-03-13,179.89761172445756,187.0234959628267,171.300375261894,184.96554565429688,134882000
2020-03-16,167.47292135743254,177.59919020190503,162.67425198399243,162.8088836669922,92054400
2020-03-17,168.74238013758142,177.3203804303922,163.27053567259,175.15664672851562,121257100
2020-03-18,165.0303701010659,172.3485987167,160.40479073822738,169.8290557861328,114156300
2020-03-19,168.95390365488956,176.45484819243686,165.0495697325168,170.84837341308594,120896500
2020-03-20,174.77193753424189,175.85860238520996,163.57822572210722,164.15521240234375,118983900
2020-03-23,164.7170709112178,167.8876804162375,158.94445114673107,164.27377319335938,124639800
2020-03-24,173.38081330180987,177.15854915217318,171.49193802411529,176.99472045898438,94881800
2020-03-25,177.72715500911454,182.63242871653205,173.4482860687637,175.68409729003906,88754900
2020-03-26,177.19709029439093,185.7259170321689,176.9465313596692,184.9356689453125,79887600
2020-03-27,180.1460148394738,183.59609288072798,177.95840722932618,178.57518005371094,58845000
2020-03-30,180.27136719030483,185.5043136619981,179.57749567245568,185.0706329345703,49356900
2020-03-31,184.76219935570143,188.16408926824647,182.33364975836622,183.49009704589844,62659300
2020-04-01,178.06443992386247,180.84955715500794,174.29633581554035,175.69371032714844,53715400
2020-04-02,174.6625356672166,183.20099365504453,174.40233025207831,179.25941467285156,56465300
2020-04-03,178.81611742344936,180.2809584797586,174.71070974925732,176.71522521972656,47487600
2020-04-06,183.5672349200551,190.47702475508743,182.32405712757156,189.3494873046875,64763500
2020-04-07,195.02572681505686,195.3052105755976,188.88690704180706,189.2723846435547,69904500
2020-04-08,190.9588583276287,193.86926249506448,189.0507193658785,193.29104614257812,45940400
2020-04-09,195.00642660661492,195.84484832072718,191.80690723386783,193.57049560546875,68252600
2020-04-13,192.74169244119133,196.0375736173328,191.5370568634339,195.66172790527344,42853900
2020-04-14,199.70931984823298,204.78806805336356,198.92871827104543,204.17129516601562,63959600
2020-04-15,200.91394762276386,204.142377038588,199.60330345068607,201.8294677734375,47036000
2020-04-16,204.00745086145673,206.59018253422357,202.08003389789064,205.51083374023438,64657400
2020-04-17,208.3248595465445,208.65251689926393,204.38329540788433,207.47679138183594,62863200
2020-04-20,205.61687330541665,208.04542316357862,204.85554996007437,205.01937866210938,38249100
2020-04-21,202.95698966571965,203.49666400293916,196.23994111527955,197.45420837402344,72932800
2020-04-22,201.51148343212782,204.64353652652227,200.7694236585099,203.31361389160156,40089100
2020-04-23,204.10379716123938,206.6576332642163,202.4751423047279,202.87989807128906,43278500
2020-04-24,203.31359836320192,206.5227496686499,201.89694558768815,206.07943725585938,34231900
2020-04-27,208.3441558687106,208.76818998777122,206.71548605005756,207.7370147705078,36451700
2020-04-28,209.43316251538852,209.43316251538852,203.5449023107595,203.82437133789062,46862800
2020-04-29,208.34413609811057,211.98695293159466,207.33223926547072,211.05215454101562,48716400
2020-04-30,211.96768924856667,212.05441948747637,209.46205588157096,210.96543884277344,43359500
2020-05-01,206.71550055231882,208.8067465089209,203.99783516496643,205.01937866210938,48795000
2020-05-04,203.78579382357987,207.63098109987024,203.45812177714723,207.40933227539062,32841000
2020-05-05,209.54877092522312,212.15078083900826,208.98018646023408,209.7607879638672,37783100
2020-05-06,211.43763204629545,213.01811334598153,210.19445459249738,211.05215454101562,36455200
2020-05-07,213.7698516845703,214.64681534695148,212.42065080278329,213.7698516845703,38624800
2020-05-08,215.4370527987556,216.83442727798635,214.40587757506572,216.6995086669922,31852300
2020-05-11,215.37927114473774,219.6581255891407,215.14797575381257,218.6365966796875,35714100
2020-05-12,219.23403851155837,219.82190124870135,214.03000410774558,214.0589141845703,41054100
2020-05-13,214.5793875691559,216.4586166360453,208.8453236142768,211.37986755371094,65521200
2020-05-14,210.05953421880275,213.817991331083,208.15139558526235,213.77944946289062,51549300
2020-05-15,210.8401343013037,215.2250107061697,210.40646843819033,215.1671905517578,55747200
2020-05-18,218.067995191492,220.38089010178686,217.28739352689314,219.17625427246094,42398100
2020-05-19,219.43641894628385,221.50840101065856,218.4823569579896,218.6269073486328,36237300
2020-05-20,221.1711448707909,223.3491212214602,221.15186657953822,222.9925537109375,37417000
2020-05-21,223.04074909543598,223.71534226020222,220.0532461735779,220.5640106201172,43642900
2020-05-22,220.15922352357873,221.52768795105138,219.24370330791353,221.3253173828125,28762400
2020-05-26,224.89105752385854,225.09344281630445,220.4869018101662,220.7278289794922,33055300
2020-05-27,220.39052438773797,222.04810437344563,215.81290848994647,221.9324493408203,55665600
2020-05-28,220.79527281052464,224.99704279722127,220.73745264867057,221.64334106445312,42784300
2020-05-29,222.0191744446622,225.12231706806375,220.45795663650625,224.89102172851562,50691800
2020-06-01,224.02368799113012,225.94145852582582,223.58037560377372,225.56561279296875,25776000
2020-06-02,225.98961809187367,227.13643343200926,223.58997890020282,227.07861328125,33383400
2020-06-03,227.6858020984865,228.85189604412668,226.80883839609248,228.10020446777344,37228700
2020-06-04,227.75322065950635,229.1602267672925,225.19938443382833,226.50039672851562,38716100
2020-06-05,227.64729282890454,231.57922647879383,227.07870816881777,230.99136352539062,47365600
2020-06-08,230.8467497942778,232.90908559417898,229.27591478780462,232.7838134765625,32937300
2020-06-09,231.92610117579662,235.31834465497798,231.74299420006872,234.4702911376953,35046300
2020-06-10,236.1567949798613,238.8262719148472,235.63638410190856,237.28433227539062,58084400
2020-06-11,233.3716873354403,234.74978362953368,225.46927944389233,225.527099609375,72919400
2020-06-12,230.41307632417286,231.67553218630007,223.3298272237187,227.319580078125,72034800
2020-06-15,224.00440518483518,230.7599964486435,223.06960676722227,230.0854034423828,45307400
2020-06-16,234.93289359770932,235.52075646260337,230.42274417264193,234.03665161132812,48890100
2020-06-17,235.5303780617495,236.59046341322872,233.92098644997756,234.7786865234375,34749300
2020-06-18,234.46067228292986,235.65567630933816,233.68971712269445,235.4147491455078,30578600
2020-06-19,237.775768908861,238.03597429371408,233.65109814203578,235.3761444091797,49422100
2020-06-22,235.2448856932494,238.32446457639657,234.95528213043164,238.198974609375,24068700
2020-06-23,239.79180681571628,242.4562621932351,239.24154542203755,240.22622680664062,32767400
2020-06-24,239.47326298317702,240.69930535245086,233.77750065197648,235.2738494873047,46032400
2020-06-25,235.3607162310961,237.81278608984616,232.79279022923097,237.51351928710938,36940800
2020-06-26,237.27219848695387,237.44597535485494,231.38334721283258,231.9046630859375,52824600
2020-06-29,231.66334141690083,234.44365375200687,229.13403850296953,234.43399047851562,34377800
2020-06-30,234.3664114347601,239.56983357240492,234.18298601328073,239.0292205810547,38909200
2020-07-01,239.06781638060323,242.81351294483457,238.52720341887877,241.8191680908203,34689200
2020-07-02,244.2616133855801,245.46834412455829,242.9969619280269,243.46034240722656,31956500
2020-07-06,246.6074617777872,249.96699563419133,246.5881499636739,249.44570922851562,34589000
2020-07-07,249.19469817272315,251.84950546754382,247.42802809280906,247.727294921875,36578200
2020-07-08,249.04986240461662,251.01922524430316,247.62108297673345,250.99026489257812,30426300
2020-07-09,252.90184593164318,253.77068632057137,248.71207962223886,253.1045684814453,40312900
2020-07-10,252.95970174425446,255.08355944878045,250.2855972600443,254.83255004882812,32885300
2020-07-13,257.67076287873977,260.45107476314644,248.76991721658544,249.5904998779297,64108100
2020-07-14,247.0708528547164,251.7626369364563,244.01058569743407,251.35716247558594,72230500
2020-07-15,252.76660542732458,253.59685139991987,248.5768403196032,251.86880493164062,54523900
2020-07-16,249.08850751890424,250.78759373084495,246.7715905233838,250.1504364013672,47594100
2020-07-17,250.6041928831756,251.29927099610236,248.2679785738946,250.44009399414062,35137900
2020-07-20,251.07719984118611,258.1727821487989,249.83187498850995,257.5452880859375,40610100
2020-07-21,259.1091816789686,259.1188449510955,254.02161621010976,254.8614959716797,43243800
2020-07-22,255.3538019322339,256.68603693469544,253.46162755655726,255.75924682617188,29865500
2020-07-23,255.35384085608533,256.05855262336553,247.66935970613696,249.07884216308594,51363500
2020-07-24,245.24626504091694,248.03622557867962,242.62043282649148,246.71365356445312,54054500
2020-07-27,248.35482864976262,251.50196212102415,247.57286955299298,251.11581420898438,36445700
2020-07-28,250.33387159187504,250.8551875111058,247.63080656845466,247.92041015625,31302400
2020-07-29,249.45529080566754,251.6370686950799,248.9822619384265,250.77786254882812,27556900
2020-07-30,248.81822852444105,252.65080673660347,247.66941844207392,252.0908966064453,41774500
2020-07-31,256.705441055947,256.74406469187164,251.8205969841483,256.589599609375,53686300
2020-08-03,258.72303208186116,260.7986027529654,258.59752738982127,260.0552673339844,32081600
2020-08-04,259.5532571357138,261.11720474062406,258.8099216921895,261.0206604003906,24911300
2020-08-05,261.5032900919459,262.12112069150885,260.61512361991197,261.6673889160156,21612100
2020-08-06,261.4743937794816,265.46143641822897,260.8372364837335,265.1332092285156,28048200
2020-08-07,264.5926072803421,265.36493266355205,259.9298124653407,262.0729675292969,44969400
2020-08-10,262.3624863067631,262.5652382262268,257.4390498387172,260.9530334472656,35088400
2020-08-11,259.79460563922686,261.0785835075991,255.46970198457473,256.01031494140625,43104300
2020-08-12,258.16315203041364,263.39551984799675,258.11486512568837,262.4494323730469,38773400
2020-08-13,263.221705230733,265.3165728103605,262.1115191001237,263.0479431152344,31895700
2020-08-14,263.6657437927086,263.93605020646163,261.3488274660845,262.7389831542969,30799500
2020-08-17,264.4477742287283,266.2916621954299,262.7776778659631,265.7896728515625,24803000
2020-08-18,266.85165741102384,268.8210210288325,265.39391705544284,268.3479919433594,23529500
2020-08-19,268.3092735080976,269.361538946348,266.0309805139832,266.5426330566406,31999400
2020-08-20,265.7510796690975,270.72280461950794,265.34560516171996,270.2401123046875,27723400
2020-08-21,270.43312516462856,272.56661634860194,269.78630468125954,272.1128845214844,34748900
2020-08-24,275.3758992103282,276.09993750798907,271.5336587047118,273.8119812011719,36418500
2020-08-25,273.03963883710674,276.1578408489772,272.59557029160055,275.9647521972656,34866600
2020-08-26,277.21017083084166,282.1046776263631,275.93585613948716,281.8536682128906,42216700
2020-08-27,282.8286178151576,283.678160647664,278.7160715856099,280.9750671386719,49482700
2020-08-28,282.2107504866727,283.03133294967665,280.8592184976478,282.4038391113281,28021000
2020-08-31,282.92526370273447,286.47787185846335,282.4908288606767,284.672607421875,36321000
2020-09-01,287.3178053997639,289.6540494643498,285.5511642651608,289.5382080078125,36216200
2020-09-02,292.78183556924677,292.99422135625616,286.61304339494706,292.27984619140625,50836800
2020-09-03,287.7810500497638,288.2830392523969,274.5649373456143,277.4610900878906,110083300
2020-09-04,275.67520489156203,278.9285460540391,262.3915042896588,273.76373291015625,123959000
2020-09-08,262.7970033089694,268.5893110482359,260.3256210304451,260.6055908203125,99568600
2020-09-09,266.0985349855312,270.35585370096527,263.5499063650257,268.260986328125,64837900
2020-09-10,271.21515535547724,272.43154939464466,261.1944583653085,262.912841796875,69667500
2020-09-11,264.66013097026314,265.6930993630102,257.6610939749936,261.0882263183594,71809000
2020-09-14,264.86286762253224,267.6238825116964,263.51133526404436,265.63519287109375,38525200
2020-09-15,269.3712166474662,270.7420755026357,265.60622325819037,269.4001770019531,41849900
2020-09-16,270.19187479320647,270.65524059445397,264.7567542135175,265.1042785644531,42321000
2020-09-17,258.28866459914525,264.90155568379043,257.4487846242674,260.9627990722656,81570800
2020-09-18,262.3818455269854,262.6714490748719,253.5389205101117,257.63214111328125,86251100
2020-09-21,253.38445419157796,258.3851385012699,251.1061316019315,258.25,57168600
2020-09-22,260.6441160060657,263.6271501668964,257.3135576142378,263.0479431152344,41128900
2020-09-23,262.7293416062294,262.9127669872832,254.13742689315325,255.01593017578125,48837300
2020-09-24,252.34186176277635,259.3988199097731,252.1777334392944,256.2033996582031,70631700
2020-09-25,256.7053739728496,262.97070941435624,255.15108974097413,262.1597900390625,55242400
2020-09-28,267.00608152706303,267.6046447753906,262.2660686795251,267.6046447753906,58438300
2020-09-29,267.0446793576808,268.0969450206519,265.83794862566816,266.39788818359375,27050000
2020-09-30,266.5909403635849,271.3599424470923,266.3206338652208,268.2224426269531,49380800
2020-10-01,272.0356373026459,273.0879026046229,270.15312622204766,272.4797058105469,50020200
2020-10-02,266.4653741628835,272.4700659190525,263.97469553569204,264.8145751953125,75497400
2020-10-05,266.77435178899657,270.78069161071824,266.6681736343385,270.4621276855469,28184600
2020-10-06,269.77670047424215,271.45646001542025,264.7566894727777,265.63519287109375,49704200
2020-10-07,268.2707392009267,271.0220617272554,267.68183927825163,270.23046875,27539700
2020-10-08,272.62460560536397,272.6921895981654,270.6069553233213,271.66888427734375,25443300
2020-10-09,273.31003188012807,275.8972851114366,272.92388391553317,275.8200378417969,30201100
2020-10-12,280.49247559449736,287.1632865219897,279.44987321972303,284.334716796875,79370700
2020-10-13,286.1303979756821,286.76752597988286,282.9639077374736,284.3251037597656,64240000
2020-10-14,285.12628771203356,286.09167210959504,280.21248466378864,281.9501647949219,36949100
2020-10-15,277.25846553741076,280.64694540864457,276.6213081738045,280.0580749511719,42514200
2020-10-16,281.69910312011007,283.11821909948196,278.1754566154946,278.52301025390625,40570700
2020-10-19,280.43446681634396,281.39021727606575,273.0010256232922,273.9760437011719,36756800
2020-10-20,274.7098347542855,277.6639092232267,273.15557971605415,274.5650329589844,32195400
2020-10-21,274.8159646551844,277.3742271859781,273.8698774247891,274.3525695800781,29306100
2020-10-22,275.18292816618333,276.0807584295439,271.09936927713045,274.3430480957031,32196200
2020-10-23,274.91265787942467,275.0478259119738,272.0261663456343,274.8836975097656,24658500
2020-10-26,272.60533237761183,275.4242391627804,267.1798751554645,270.7614440917969,38421100
2020-10-27,271.755760697536,273.69619314111293,270.5007725214233,272.8756103515625,30559100
2020-10-28,268.38658635066105,268.99478337214543,261.986081636869,262.2370910644531,53413500
2020-10-29,263.54990400527873,269.81523844947185,263.08650895264776,266.82257080078125,43246300
2020-10-30,264.8435659472603,265.7124060582812,257.82523161584606,260.0552673339844,65838300
2020-11-02,262.43981653925505,264.05199236682597,257.7287348493458,260.6345520019531,39987400
2020-11-03,262.5459962836659,267.237780915262,261.4647702095601,265.14288330078125,43604100
2020-11-04,273.77334099801544,278.77402480036017,272.1128787574803,276.9784240722656,75728200
2020-11-05,283.3692780328617,285.16490831310557,281.89224109870327,284.19952392578125,52054200
2020-11-06,283.543086072467,285.1359646772845,279.7973893292319,284.41192626953125,40959800
2020-11-09,287.34669255392214,288.7851355026538,278.14657938265754,278.6003112792969,86537100
2020-11-10,275.29879841247924,276.73721234751844,270.9062798633094,273.609375,69024900
2020-11-11,276.12896314075806,280.2028874371554,273.57069977646603,279.7298583984375,36102900
2020-11-12,280.6951927441598,281.9598440196232,277.3066838894168,278.4168701171875,34414600
2020-11-13,280.12561131852397,281.47714362009503,277.9052094662623,280.8592834472656,24806900
2020-11-16,280.56001194389313,283.34998702443323,279.9518150530518,283.05072021484375,30168400
2020-11-17,283.24381280742364,283.572040009496,281.5157662642447,282.1529235839844,21843500
2020-11-18,281.60258324111805,283.21475835866573,279.9807153927917,280.0675964355469,28069600
2020-11-19,279.51746653301234,282.56808541745164,278.8513487992569,282.2591552734375,22718400
2020-11-20,282.1817988123272,282.92516352503,280.2413965424816,280.3282775878906,25907300
2020-11-23,281.322755506339,282.61636745310284,278.09837418329437,280.33807373046875,26875600
2020-11-24,281.39993781981826,284.76914999001946,279.60433666776976,284.27679443359375,24516800
2020-11-25,285.33863327495203,286.66120499956827,284.3925460925453,286.0240478515625,23326800
2020-11-27,287.9838260502422,289.7794564042134,287.5880148998443,288.65960693359375,17163100
2020-11-30,288.97822864107405,289.58642566552004,284.5760771303798,289.24853515625,27836200
2020-12-01,291.51724406010175,294.57752678471326,290.4166912662573,292.9556579589844,27521300
2020-12-02,291.78753187472336,293.6700438648482,289.95330679736287,293.3321533203125,23620000
2020-12-03,293.64098372339845,295.29178278596623,293.02312357062823,293.7471618652344,22828700
2020-12-04,293.79549533825855,295.0891366852821,293.1197437651162,294.9443054199219,19332100
2020-12-07,295.1277099070999,296.9812612523506,294.94428448111995,296.6144104003906,20851000
2020-12-08,296.1413710347903,297.9176750537472,294.394027373597,297.618408203125,18341500
2020-12-09,297.40601360992247,297.68595390627206,289.8180760276323,290.8800048828125,48839300
2020-12-10,288.85270568689265,293.1679758446329,287.77147969446355,292.0481262207031,27519500
2020-12-11,290.3973892986263,291.5269024385352,288.1383924800135,291.4013977050781,26760400
2020-12-14,292.5887126250947,295.4559056835624,292.52115810260653,293.5155029296875,28804800
2020-12-15,295.7648484221678,296.65301513671875,293.5830699960298,296.65301513671875,25709000
2020-12-16,297.0488243911676,299.06647447411444,296.0061926260294,298.2845153808594,25461900
2020-12-17,299.87740106098477,300.4662714825039,298.68033367219317,300.2345886230469,23730500
2020-12-18,300.8717083484908,301.18063842995906,296.9618838165692,299.32708740234375,41173400
2020-12-21,296.3880094458271,299.2990935276684,293.62201914030925,298.7671813964844,37095500
2020-12-22,299.6666284063234,300.49834990287053,296.76522492880133,299.57958984375,26176300
2020-12-23,299.6279035023062,299.98573850486457,297.91608625441927,298.0708312988281,21201300
2020-12-24,298.3319050837304,299.83095137446537,298.25454732968404,299.3860778808594,16785000
2020-12-28,301.98767328642157,302.8774497938155,300.15977536437543,302.4035339355469,22497700
2020-12-29,303.728550409173,304.3475306001186,301.7749495213759,302.67437744140625,25871900
2020-12-30,303.83488253283116,304.15402383106453,302.0650104261203,302.6839904785156,18138100
2020-12-31,302.5873088046928,303.91227809562804,301.51380388065513,303.4287109375,21611400
2021-01-04,304.7536538523366,304.92776044528773,295.15001800660167,299.144287109375,45305900
2021-01-05,298.1579172892919,301.8813911923004,298.1579172892919,301.6105651855469,29323400
2021-01-06,296.9102038596787,301.6298235489037,295.9237375861153,297.4324645996094,52809600
2021-01-07,300.0824173717932,305.45968150266896,300.05340452454226,304.6279602050781,30394800
2021-01-08,306.91034076651454,308.89298343850106,304.72460819164843,308.5447998046875,33955800
2021-01-11,305.5950611502745,306.7652852146123,303.4383413577614,304.0863342285156,32746400
2021-01-12,304.12516727467965,305.20835340842393,300.9723282456617,303.6029357910156,29266800
2021-01-13,303.86396316012133,306.4461955110733,303.26434454722914,305.6531677246094,22898400
2021-01-14,306.09807107746224,307.0942184378253,303.54482181520956,304.01873779296875,23500100
2021-01-15,303.805979493127,304.76343324847625,300.37263414792005,301.6105651855469,35118700
2021-01-19,303.9219422599442,306.51385500223813,302.82907582001553,306.0109558105469,24537000
2021-01-20,309.618355977653,314.06714967193494,306.1076541204,313.1290283203125,30728100
2021-01-21,314.46371739045816,316.37865396410893,313.09040318796485,315.6339416503906,25130600
2021-01-22,314.599151841025,315.73068254143016,314.03819737047615,314.7248840332031,21609400
2021-01-25,318.1001105602271,319.46377331238864,310.84660412187446,317.3263854980469,39080600
2021-01-26,318.0421137714467,318.92220950769524,316.46568017325393,317.7906494140625,25498100
2021-01-27,315.5372766123504,315.5469278863561,306.92975690003846,308.9317321777344,55264000
2021-01-28,310.13107298691693,315.6920970771119,309.5120926603015,310.75970458984375,42836300
2021-01-29,309.0767439271352,310.17929111523523,302.48091091623917,304.22174072265625,55259000
2021-02-01,307.65507979981385,312.9066415105271,305.63377264277995,311.8234558105469,35646000
2021-02-02,314.78284496401164,318.06141450154183,314.6184191662426,316.9105224609375,33930800
2021-02-03,318.98026490551473,319.3477806883452,315.5952946114845,315.6533203125,24824500
2021-02-04,317.04599545052486,319.47348264312365,315.73067736307894,319.3864440917969,22350900
2021-02-05,320.33431255309796,321.47552425897624,318.69985277323644,320.4696960449219,22732000
2021-02-08,322.1524326213444,322.7713832092088,320.517973336868,322.61663818359375,20462800
2021-02-09,321.68827786213836,323.8063048125075,321.67859707230923,322.5490417480469,17597500
2021-02-10,323.98030568658186,324.4348599825175,318.6707478902288,321.8139343261719,28068700
2021-02-11,323.3418957003652,323.98988846371105,321.2045378345846,323.58367919921875,22046100
2021-02-12,322.7423963078256,325.5567608136008,321.6979041941988,325.3923645019531,20346800
2021-02-16,326.1854529524225,327.07522970820634,323.35175585742763,324.5123291015625,27080800
2021-02-17,321.5431313923928,324.62829206972634,319.31873438093277,322.95513916015625,31360300
2021-02-18,319.37678040107613,322.89713401446414,317.56821441182797,321.54315185546875,32236200
2021-02-19,322.8875277296655,323.0132599439047,319.1253896657158,320.140869140625,39157700
2021-02-22,315.7692434699633,317.02650583414686,311.6395920136931,311.8426818847656,47256900
2021-02-23,306.58156498365287,312.57780929074875,300.77875933727455,310.9143371582031,97241900
2021-02-24,308.26430601366644,313.7866628394584,305.5756744623238,313.4771728515625,58206300
2021-02-25,310.8273427369468,313.3805622361908,301.0109048467115,302.54864501953125,110182600
2021-02-26,305.4694657105323,308.6223043994191,300.6628056246328,303.815673828125,104739800
2021-03-01,308.7769893965296,313.29352003291035,307.4907136303961,312.95501708984375,49164500
2021-03-02,313.5933504362126,313.6707082070273,307.6841730190571,307.93560791015625,48370000
2021-03-03,306.842744527842,307.78086615000115,298.9412723883203,298.9992980957031,86301100
2021-03-04,298.6317729423768,301.78464067981696,290.24670431230294,294.1055908203125,139131600
2021-03-05,296.7168168178065,299.4344620721289,287.67413395089676,298.5350341796875,121523700
2021-03-08,297.99339583364355,299.8696386111379,289.66638423540496,290.0822448730469,88409800
2021-03-09,297.36480208609765,303.4190726088207,296.83288999530305,301.5234680175781,80391100
2021-03-10,305.76921875075146,306.06902805682404,299.97609307680654,300.6627502441406,76798100
2021-03-11,305.3919582843167,309.3475336539254,304.50221134098524,307.5873718261719,53484800
2021-03-12,303.5448638299071,307.7712669973969,301.15606960402283,305.09228515625,69315600
2021-03-15,305.4113429475461,308.5158357263482,303.7768836510257,308.3514099121094,42955700
2021-03-16,310.53719332081454,313.54499677218655,308.6126052328433,310.0439453125,54925900
2021-03-17,307.01679618497184,313.20644981907077,305.30494957992335,311.3205261230469,78258700
2021-03-18,306.4558218072821,307.4326368340363,301.33002214277894,301.7845764160156,82718100
2021-03-19,301.6202006470969,304.3862203790687,299.4828418868912,302.8484802246094,78446200
2021-03-22,305.2354281706355,310.5904346454932,305.2354281706355,308.52783203125,56194800
2021-03-23,309.6124062108261,310.92935589537336,306.3684084161531,307.18182373046875,53455400
2021-03-24,308.5472552223629,308.58599773415375,301.85591218860037,302.00115966796875,64803700
2021-03-25,300.16129107692655,302.9889034167628,297.6629457614359,301.4782409667969,78729000
2021-03-26,301.26518333046636,306.320002200916,299.87077805243393,306.0004577636719,63519600
2021-03-29,305.46786414488616,306.95911087381006,302.5821530784858,305.9132995605469,54608000
2021-03-30,303.9571798221755,304.94489198113837,301.68153805450237,304.3735656738281,44635700
2021-03-31,306.15532410653975,310.59037995545776,305.8163937205963,309.0313415527344,55032500
2021-04-01,312.84669126556355,314.43477928808466,312.5949093203863,314.2992248535156,55685600
2021-04-05,316.77818958545873,321.33913643787946,316.536100672139,320.5741271972656,42172500
2021-04-06,320.2643529812838,322.2978767014356,319.5767990245168,320.35150146484375,33537200
2021-04-07,319.8769723569828,321.9589610592511,318.9473590229787,321.12615966796875,32046400
2021-04-08,323.97318060717146,324.66070509182026,323.17912159567294,324.4767150878906,29940800
2021-04-09,323.1209599900982,326.64578932778034,322.38502966885756,326.4424133300781,36664900
2021-04-12,325.4062276238107,326.4326822067814,324.13768413821737,326.01629638671875,25833000
2021-04-13,327.53671652700143,330.28684395816896,327.3236770297761,329.8220520019531,30374000
2021-04-14,330.06411121419984,330.1900022082753,325.0480347934514,325.8614501953125,42564300
2021-04-15,328.7277522175519,331.1873842810127,325.5805957947006,330.8000183105469,36342800
2021-04-16,331.3229323752514,331.4004173886084,329.3184287688422,331.1873779296875,40860100
2021-04-19,329.61862923278056,330.7709453921216,326.23904755662335,328.1564025878906,34533100
2021-04-20,327.4979526077044,328.7761598402926,323.7988262550352,325.76458740234375,38081800
2021-04-21,324.48636037919044,328.73745677374353,323.401806548308,328.553466796875,36598100
2021-04-22,328.16616184245,329.14418125596353,323.44058008157594,324.5929260253906,45936100
2021-04-23,325.22222377990624,329.9865166306468,325.22222377990624,328.67926025390625,36381900
2021-04-26,328.921276165048,331.10007571200543,328.175623629121,330.8192443847656,30812000
2021-04-27,331.1099026682856,331.322942133481,328.4372606662317,329.38623046875,33187200
2021-04-28,329.05694876235407,330.06404696704936,327.62377168459045,328.2725830078125,33615700
2021-04-29,331.5359690602384,331.9523549599582,326.23906167544914,329.4540100097656,37708900
2021-04-30,327.01372327807235,329.4927114419972,326.3842684478075,327.2945251464844,38263400
2021-05-03,328.49538493855243,329.24100834819467,325.10613926437986,325.55157470703125,29729700
2021-05-04,323.0047225672334,323.3242964949455,315.8873023138755,319.6929626464844,65147000
2021-05-05,321.7362098397695,322.5980606740514,317.8434302194345,318.61810302734375,46219300
2021-05-06,318.3566747657434,321.1745938006215,316.1197751440553,321.0196533203125,46814300
2021-05-07,323.7891461844968,325.99699637689076,321.19395955608,323.6245422363281,53324500
2021-05-10,322.2495086405826,322.4238056282086,315.24828411880645,315.45166015625,60700500
2021-05-11,309.5833165167831,315.809836322037,308.92481220814955,315.0157775878906,71963600
2021-05-12,310.09660973504145,312.4109648887553,306.0004537815061,306.8623046875,91164900
2021-05-13,309.79640413049856,312.1979076291415,306.8719506673942,309.2347412109375,69877800
2021-05-14,312.3915086366563,316.9718115086302,311.8879448337604,316.06158447265625,44370000
2021-05-17,314.35735709113334,316.04228677482035,311.27799265133484,314.1443176269531,39395000
2021-05-18,315.0932908097617,316.31339895612894,311.7524516607121,312.0235900878906,36528500
2021-05-19,306.63949420283507,312.6820238155774,306.2908708126324,312.3818359375,66319100
2021-05-20,313.86349073591884,319.2765963457008,313.6407878054907,318.4244384765625,46466100
2021-05-21,319.97380871804603,320.39019463106933,316.3037614122714,316.66204833984375,50330400
2021-05-24,318.94738532912413,323.11133352521995,316.55554501949695,321.988037109375,32475800
2021-05-25,323.49869971984907,324.2152737114597,321.2617996983639,322.4335021972656,31280300
2021-05-26,323.1016342386901,324.0215546156915,322.4141098218782,323.5567626953125,25444900
2021-05-27,323.1112923143857,323.9537571308489,322.1429365158076,322.3462829589844,27931700
2021-05-28,323.54696600103597,324.95109343161636,323.04343173135425,323.36297607421875,29927400
2021-06-01,324.6896809091866,325.164195336216,320.9421487723958,322.2881774902344,31145400
2021-06-02,322.7045325883385,323.7600367406025,321.20359309472224,322.9175720214844,22047900
2021-06-03,320.0899568478718,321.3585004191507,317.8918001022529,319.557373046875,37057800
2021-06-04,321.3488600462655,325.4256294601912,321.28106805163293,324.9801940917969,38736500
2021-06-07,324.4476389921581,326.0067073894545,323.76011456387175,325.9486083984375,32611900
2021-06-08,327.6915424715313,328.5533931755179,324.42818869496324,326.10345458984375,27282800
2021-06-09,327.46889902151736,328.24357185290995,325.9969792692475,326.18096923828125,21485300
2021-06-10,326.5199476826768,329.6864610251138,326.0745122167404,329.5799560546875,33702100
2021-06-11,329.5896145029821,330.4514654769664,328.9408325703648,330.4417724609375,21222800
2021-06-14,330.86778255302914,333.6179093117482,329.6863873667179,333.6082458496094,27827700
2021-06-15,333.25958964568343,333.5694705448382,330.7128095685178,331.4294128417969,35963800
2021-06-16,331.8942919709,332.95948937211466,326.77171053321524,330.21905517578125,55399500
2021-06-17,329.2119214044201,335.41908560783594,329.1635154353319,334.4119873046875,59722700
2021-06-18,332.7561366442551,333.8987894931976,331.04212781896496,331.78778076171875,55414900
2021-06-21,331.9787657019872,334.1697982298446,329.76835424054235,333.849853515625,32992600
2021-06-22,333.64622153526057,337.40780512278815,333.3456853854878,336.96185302734375,28941600
2021-06-23,336.90368669454335,338.2706557563492,336.29291013648606,337.12664794921875,27188500
2021-06-24,339.0560003698152,340.733180594635,338.5130943381075,339.21112060546875,32581600
2021-06-25,339.77328108525455,340.0156508172586,338.1930256988045,338.7940979003906,28682800
2021-06-28,340.07386217672814,343.05016998016936,340.0156958002439,342.9144287109375,39130300
2021-06-29,342.7399034425647,344.1844176586804,341.9061657191062,344.15533447265625,29426000
2021-06-30,344.000212431428,344.3880276911939,343.0307334543141,343.6124267578125,32724000
2021-07-01,343.263490404532,344.2523484884269,341.9159001820731,343.74822998046875,29290000
2021-07-02,345.638679690202,348.0139153307222,345.4060141726881,347.6940002441406,32727200
2021-07-06,348.29507731218075,349.47784301928783,345.6096012208607,349.1966857910156,38842400
2021-07-07,351.3877821743721,351.6883183888157,347.9849003826373,349.9335632324219,35265200
2021-07-08,344.8825170837954,348.673184261547,343.60282704032704,347.8200378417969,50890000
2021-07-09,347.23835153401393,350.466704005283,346.6566581412555,349.9916687011719,35184500
2021-07-12,351.38775628895326,351.8143295140608,349.8171750949714,351.3586730957031,25717700
2021-07-13,350.98056199729325,354.3155728920475,350.50552664548815,351.3586730957031,39723000
2021-07-14,353.69500189331825,354.33486156799205,351.16467596661545,351.9887390136719,35336400
2021-07-15,351.90160295048395,352.1051853170366,347.5195376293325,349.51666259765625,53391600
2021-07-16,350.36976954559515,351.3489529844366,346.3367326086339,346.6857604980469,47262000
2021-07-19,343.2440214702861,344.3395374528609,341.29538883659467,343.8451232910156,64404600
2021-07-20,344.77579848296676,349.28386961473086,343.00163546318373,347.83935546875,42183700
2021-07-21,347.41282185679904,350.52484130859375,347.189831025329,350.52484130859375,30259900
2021-07-22,350.7284624245067,352.8516241358318,350.7284624245067,352.8419494628906,30252200
2021-07-23,354.16047097216614,357.2434079606675,352.81291016704466,356.9622802734375,31960800
2021-07-26,356.27383762485954,357.6311319295246,355.41101667693584,357.2433166503906,28438100
2021-07-27,356.9815541072399,356.9815541072399,349.16755583167424,353.3072204589844,57933100
2021-07-28,354.4415895078948,356.2351318847615,352.1536032880991,354.66455078125,42066200
2021-07-29,354.102177487591,356.4580041755391,354.102177487591,355.2946472167969,25672500
2021-07-30,351.378058680893,354.0247476613914,351.3489754870923,353.44305419921875,36484600
2021-08-02,355.1008248184004,355.68251823044733,352.76437649721845,353.47210693359375,27334100
2021-08-03,354.1313829739695,355.73101783602954,350.95149218403566,355.61468505859375,35558500
2021-08-04,355.57583829951596,357.0785486538567,354.47064751204573,356.1284484863281,29602200
2021-08-05,356.9428460050741,358.6200556779631,356.2351451217369,358.38739013671875,21443900
2021-08-06,357.127043419066,358.0965226061682,355.71161209002065,356.8168029785156,33332100
2021-08-09,357.2724012853778,357.9995105574724,356.17691483445634,357.47601318359375,25960200
2021-08-10,357.9898289817646,358.28066085053285,354.4609111812361,355.6436767578125,35130800
2021-08-11,356.9040762701821,357.39849052888457,353.70477725367834,355.032958984375,34249800
2021-08-12,354.52884495828187,356.67138566955566,353.181254691948,356.31268310546875,25969200
2021-08-13,356.6616849828713,357.8929128050202,356.1672411678105,357.56329345703125,19336200
2021-08-16,356.4483990335827,357.757172169188,352.5995657657069,357.7184143066406,34856900
2021-08-17,354.9747610830323,355.9442401681075,352.14389872285903,354.5675964355469,44793900
2021-08-18,354.0343219764067,355.43037405541605,350.8253489633624,351.15496826171875,38541900
2021-08-19,349.22578097776704,354.51912885842324,348.97370693092194,352.85162353515625,48499400
2021-08-20,353.9180087597868,356.904020710353,353.60776837263546,356.50653076171875,39486000
2021-08-23,357.54392962555784,362.52706708912774,357.53425495180653,361.8387451171875,34034700
2021-08-24,362.4300859196335,363.5449810373115,361.96472527143777,362.94390869140625,21732900
2021-08-25,363.19586190402214,363.93267528865215,362.449344263443,363.36065673828125,20441900
2021-08-26,362.50765499712105,363.186272647079,360.61715882948744,361.0534362792969,29133300
2021-08-27,361.68354287333295,365.06701516480854,361.19880336630655,364.5628967285156,27104700
2021-08-30,365.3481564080666,369.13882273781064,365.3287478934961,368.6540832519531,27295700
2021-08-31,368.89654368605136,368.96438474527554,366.8121397155045,368.3536376953125,29628200
2021-09-01,369.41033717202157,371.02935075610196,368.7607731349161,368.96435546875,28138300
2021-09-02,370.312006582266,370.6416259914147,367.5780678764231,368.7899169921875,25453400
2021-09-03,367.64588191431966,370.32165381746034,367.6265029824692,369.9241638183594,24605400
2021-09-07,370.0308239045629,371.09725697046815,368.87714125865057,370.44769287109375,23970200
2021-09-08,370.2731286393922,370.2731286393922,366.8993604607253,369.1582336425781,32949200
2021-09-09,369.3812201236215,370.48641084928624,367.6458443502614,367.8882141113281,29399000
2021-09-10,369.5944966985761,370.3119017043575,364.76648053772004,365.0960998535156,40249400
2021-09-13,367.422811654882,367.8493847526478,362.7984077916497,364.843994140625,48741800
2021-09-14,366.32729268059563,367.0544018749043,362.85657114433457,363.8066711425781,41826600
2021-09-15,364.2623364489551,366.86053293366894,361.97435074269475,366.5115051269531,34097900
2021-09-16,365.18341605344483,367.3356610496822,363.2638661825825,366.763671875,35193100
2021-09-17,366.28852905732407,366.3369911683886,361.38296813719927,362.4202880859375,60912300
2021-09-20,356.6397650087438,358.3770649643027,350.30204856529116,354.9316101074219,76203200
2021-09-21,356.75620166605563,357.9499936664905,354.24247053381623,355.3683166503906,41927500
2021-09-22,356.28069829303035,360.1435142443474,355.1839674293748,358.68768310546875,46972900
2021-09-23,359.84259194683136,363.0260077177791,359.20202278561584,361.9972229003906,44652000
2021-09-24,359.7358364347196,362.75427479552803,359.3670211733709,362.3369140625,36056800
2021-09-27,359.2990029423141,360.3180725119399,356.90173404279653,359.444580078125,43338100
2021-09-28,354.9025472421867,359.39618805370606,348.7686379371029,349.2733154296875,97701600
2021-09-29,350.53498374428244,352.6701846665054,348.07948343140464,348.70062255859375,58076600
2021-09-30,350.3408100404145,352.00044876249206,346.584771534104,347.41943359375,61384600
2021-10-01,348.04063454964916,350.6125964614928,343.9448959058806,349.5740966796875,56375500
2021-10-04,347.9629561353116,348.2929408905077,340.00443232533587,342.2366943359375,76766000
2021-10-05,343.29468184457266,349.098606015709,343.07147335808,346.85662841796875,47232900
2021-10-06,343.6537097480509,349.3508859856343,342.7511017351987,349.0791320800781,56806500
2021-10-07,352.1169752114742,354.92189045558763,351.58318236533466,352.281982421875,39411200
2021-10-08,353.359269505455,353.5922225946232,349.9914461101767,350.5252685546875,41822300
2021-10-11,348.9917237693777,352.50515341936824,347.7494160851603,347.8367919921875,34847200
2021-10-12,349.28293486049796,349.71966633485937,345.9830575943004,346.6236267089844,43905100
2021-10-13,348.9239130679518,350.0691597944436,346.90514395854746,349.39947509765625,40120800
2021-10-14,352.9807367541355,356.04769051505673,352.32076723593747,355.83416748046875,43433900
2021-10-15,357.0474479311257,358.192694663411,356.01866295209516,358.07623291015625,40419900
2021-10-18,356.78537058651267,361.890494517579,356.18363179686577,361.6769714355469,34513500
2021-10-19,362.7445558549217,364.4624257643063,361.72548600712634,364.4139099121094,29091000
2021-10-20,364.8700168600347,365.4814705247708,362.46303264841004,363.93829345703125,31390300
2021-10-21,363.14248001694386,366.3550113150867,362.84161065323553,366.160888671875,25469300
2021-10-22,364.9089666427096,365.8698057906857,361.4246807348654,363.0843200683594,36275800
2021-10-25,364.50127480645455,367.7138063262031,362.56016671626406,366.8014831542969,32597800
2021-10-26,369.033659399472,371.44061371969514,366.78196761304747,367.9563293457031,47191300
2021-10-27,368.4029011329538,371.86778627398763,368.1408621966839,368.810546875,45760500
2021-10-28,370.7031031363797,373.1586035119321,369.93635720171,372.90625,38007000
2021-10-29,369.83931460452044,374.9056078026217,369.48992937242434,374.7406005859375,37310100
2021-11-01,375.1772903778977,376.14784421882126,373.1003205601766,376.02166748046875,30765300
2021-11-02,375.4102174598059,378.0695551505963,375.3617016148706,377.5939636230469,25135300
2021-11-03,378.07924073952057,382.0196870043353,377.04077062954696,381.60235595703125,33748900
2021-11-04,382.86406534708505,387.4450803680572,382.3205576004401,386.4939270019531,40265300
2021-11-05,388.26042359114336,389.18243210347316,385.4652233815129,386.8628234863281,43383800
2021-11-08,386.8336760504004,387.85274580050265,385.6981149520696,386.33868408203125,29256300
2021-11-09,387.40636744651226,387.8042981708341,382.32067358056867,383.679443359375,50490700
2021-11-10,380.91335911329566,383.7182449890207,376.1188196118529,378.04052734375,54937400
2021-11-11,381.01036099651094,381.1850535942557,378.7489537673127,379.0886535644531,32243000
2021-11-12,380.23395185939404,383.6114906371269,378.6422586093999,383.07769775390625,34730600
2021-11-15,384.25200274920627,384.57227250773866,380.554194715013,382.9902648925781,33716900
2021-11-16,382.2623605390859,386.2125221828956,382.06826752248577,385.7175598144531,27872900
2021-11-17,386.0378179314082,387.9498103200001,384.96051730776765,385.9213562011719,28703300
2021-11-18,387.95950529248904,390.42469077233477,385.7466436754668,389.9200134277344,45721500
2021-11-19,391.5506083193441,393.3655396308032,390.7256314635104,392.0941162109375,45191700
2021-11-22,393.62747444526104,396.6749976863973,387.4353370494543,387.5420837402344,61715400
2021-11-23,386.387211450435,388.44481066512725,381.35006379541414,385.7757873535156,70098700
2021-11-24,383.30091921196464,387.2995973191076,380.98131034140596,387.0181579589844,46954400
2021-11-26,384.4461499286158,385.83406472835935,378.2928408154908,379.6807556152344,51533300
2021-11-29,384.2325616701782,388.9300385515627,383.50464631341293,387.920654296875,54447100
2021-11-30,387.03748027586386,389.3765187123293,380.2144875926543,382.2235412597656,81332700
2021-12-01,386.55214759900076,388.6873777033957,375.2549173147973,375.72076416015625,77766500
2021-12-02,374.4397488205954,380.20484237302816,373.02274816995504,378.4287414550781,84416600
2021-12-03,379.7873580762688,380.7870271817134,367.7427833555741,371.8482360839844,105349100
2021-12-06,372.33364148519894,376.18674210921455,368.1311260139517,374.8279724121094,67588800
2021-12-07,381.45686138825334,386.72696283063163,381.4180309325069,386.1155090332031,56005300
2021-12-08,386.4454776630764,388.046885749986,384.5528856210296,387.8430480957031,39204000
2021-12-09,386.6201851321078,388.415715924822,381.94210782452694,382.13623046875,49973700
2021-12-10,384.94110742696125,386.5522305571413,381.77709203476803,386.2901916503906,52545800
2021-12-13,386.2805043514739,386.6007741493733,380.34071842058006,380.70953369140625,50166400
2021-12-14,375.89552074702993,378.6033744726611,372.333604453133,376.76904296875,75199200
2021-12-15,376.5167564381815,385.7176198838369,372.5763091981742,385.3584899902344,73858000
2021-12-16,386.31931306304824,386.7463591821846,373.8670889591081,375.4490966796875,82591400
2021-12-17,372.0424055009661,377.72986663523324,370.5283438188507,373.5758972167969,80492500
2021-12-20,368.8637138036954,370.73926838457805,366.82294125737684,369.9521179199219,65336800
2021-12-21,373.2172923281782,378.54273153467176,369.475910973187,378.23175048828125,48899500
2021-12-22,377.9402260261032,383.04214206825503,377.27941354208144,382.83807373046875,37042200
2021-12-23,383.18787732629505,387.1916616414903,383.0226890456838,385.7242736816406,29595500
2021-12-27,387.01678271988703,392.0992736816406,386.9876300995506,392.0992736816406,32820700
2021-12-28,392.99335611331765,393.16827185713237,389.40743508116805,390.28204345703125,33113700
2021-12-29,390.4180644232136,391.68138419397815,387.85251517842977,390.22369384765625,32248500
2021-12-30,390.00983367250916,392.18667106348965,388.4744131435895,389.0574951171875,23850100
2021-12-31,388.3870262851091,389.74753136765565,386.1324580587254,386.6280822753906,34752900
2022-01-03,387.79418445250604,390.60268190377786,385.6854091645426,390.3500061035156,40575900
2022-01-04,390.8942563348898,390.9331363836019,382.1967212273756,385.2870178222656,58027200
2022-01-05,383.6058492906881,384.723435810867,373.19794669743453,373.45062255859375,75739800
2022-01-06,371.6333557267831,376.42429149760477,369.407939874291,373.1882019042969,70814300
2022-01-07,373.1979002300411,374.87911385794735,367.3768659749752,369.1455078125,72652300
2022-01-10,364.247661267894,369.9035067803641,358.8930693798572,369.388427734375,91770500
2022-01-11,368.65957052256533,375.10256621805246,366.57994783943866,374.9373779296875,68295700
2022-01-12,377.5029014224506,379.1938423091481,374.15023158187194,376.4242248535156,54576400
2022-01-13,377.8041494231055,378.4844167378079,366.074624382969,367.0075378417969,77994000
2022-01-14,364.4906577143769,369.62172708866956,364.28655969146627,369.29132080078125,80121200
2022-01-18,363.48963230393474,365.6081349187421,359.3400552696954,360.0980529785156,75450900
2022-01-19,361.65296668451333,364.12133062577544,355.88051057735197,356.1429138183594,81791500
2022-01-20,359.3595316502434,363.3244361362188,350.9826763092112,351.51715087890625,88610700
2022-01-21,349.33060210808975,351.96415412493525,341.4882216368048,341.7700500488281,143388900
2022-01-24,336.153116714681,343.9954979272125,324.724814863164,343.33465576171875,198685800
2022-01-25,336.89172732588406,341.1287335257573,332.04245670713203,335.3757019042969,124398400
2022-01-26,342.95564528881357,346.8136666435928,331.16778546967276,334.85089111328125,146559500
2022-01-27,339.5446962538565,341.36194563895447,330.4584196715779,331.47882080078125,95255700
2022-01-28,333.35436427188864,342.09077942524294,328.4176657314298,341.8769836425781,108167900
2022-01-31,343.2374590548184,353.39268283254245,341.60482351656185,352.8096008300781,94326400
2022-02-01,354.15061826731846,355.8609839319995,349.0098531638517,355.2098693847656,74433000
2022-02-02,359.33041880288266,359.66082507521895,354.0147065095673,358.0962219238281,78777100
2022-02-03,348.4171179283589,351.7212098548934,342.5183243409074,343.57757568359375,95384800
2022-02-04,344.0926029810595,351.20613797187934,342.0421330889328,347.9117736816406,86318300
2022-02-07,348.5045870001387,350.8660381334191,343.859415166104,345.113037109375,58198100
2022-02-08,343.97605055376056,350.0789131080985,342.8487664313941,348.9905090332031,64720900
2022-02-09,353.4996664580584,356.4636252181494,351.90591064201226,356.3858947753906,55766400
2022-02-10,349.379258893997,356.1526621410885,346.48333266039094,348.32000732421875,112468500
2022-02-11,348.3200111343548,349.91376704841684,336.0462518750743,337.2707214355469,101569100
2022-02-14,336.7167744589985,341.080148142114,334.1901346782162,337.6885681152344,80254400
2022-02-15,342.9556624755889,346.3180598271027,341.89641107359364,346.0848388671875,55128800
2022-02-16,343.8400836550012,347.0178386511498,340.81778956626187,345.9974670410156,58947100
2022-02-17,342.79043865220996,343.49013117675463,335.28819145000847,335.7060852050781,61801400
2022-02-18,336.63901029035685,337.0277217825516,329.5740817937438,331.8772277832031,80001500
2022-02-22,328.9423231115471,334.3357940236968,324.9191140449899,328.54388427734375,85967100
2022-02-23,331.6925402163957,332.5282683298599,319.8172233308775,320.1282043457031,86215400
2022-02-24,309.8466041132352,331.42042945706504,309.28297699018964,330.88592529296875,130614100
2022-02-25,331.6828983376037,336.22118786930884,327.8734837222253,336.01708984375,78842100
2022-02-28,332.84903222013645,338.70894638542165,331.6925954747324,337.01800537109375,77515500
2022-03-01,335.99760742770474,338.2618732660849,329.3408159261966,331.8577575683594,67407000
2022-03-02,333.40296835719226,338.7575611152561,330.64307781785635,337.42620849609375,70609000
2022-03-03,340.05968802670134,340.1666007318738,330.749919463699,332.6060485839844,71089400
2022-03-04,330.25437510128154,331.68291305965283,325.4731665943019,327.7860107421875,76936300
2022-03-07,327.77634979886733,328.932786831137,315.4928615308855,315.6969299316406,89933800
2022-03-08,314.90969938541224,323.8113321836429,310.9156419859536,314.2294616699219,116153900
2022-03-09,322.3925358332623,326.8919450724192,319.80756122601827,325.5411376953125,64723400
2022-03-10,321.48876658130735,323.13110014148594,317.4946794549364,321.9260559082031,69362700
2022-03-11,324.8900847145003,325.2010658236083,314.76398106800275,315.2498779296875,66228400
2022-03-14,314.0156751788515,317.3780727787693,308.495894569981,309.1955871582031,79802600
2022-03-15,311.8290549541508,319.6714344078137,310.2256018576927,318.89398193359375,76471000
2022-03-16,322.80068301795717,330.8374051609843,319.13700228073344,330.7207946777344,105243000
2022-03-17,328.8257548036188,334.7828535760516,327.53328252529974,334.72454833984375,67810000
2022-03-18,333.07246081620576,341.8672088905822,331.9160242963079,341.5756530761719,85446300
2022-03-21,340.74291351092876,342.9613412658647,336.2476509740601,340.6261291503906,73799100
2022-03-22,341.1222786978878,348.1862311793844,340.74282612718025,347.32025146484375,63345900
2022-03-23,344.44997862782566,348.00140453374314,342.27044957821784,342.3288269042969,70615500
2022-03-24,344.2456257889737,349.98632015490364,342.09531511149896,349.9376525878906,53555300
2022-03-25,349.87920017047014,350.9300511936168,345.3547802425844,349.64569091796875,57584200
2022-03-28,349.63598379052814,355.1528779384518,348.4002909572127,355.0555725097656,56833900
2022-03-29,358.9378487657722,361.7887169830254,356.1745465351108,361.166015625,68073000
2022-03-30,359.30758869837285,360.961692058656,355.6977855998509,357.1767272949219,68757700
2022-03-31,357.3226308821938,357.67292448022636,351.9127817149847,352.74957275390625,67011400
2022-04-01,353.0123139571587,353.790698080622,348.90627386497005,352.0782470703125,54527800
2022-04-04,352.91505309863874,359.3368268554889,352.6523551048123,359.32708740234375,45950200
2022-04-05,357.87726798482333,358.58756498360026,350.2100630749874,351.3484802246094,62738700
2022-04-06,346.0457188446985,347.1452081141534,341.0931770989087,343.72027587890625,90077100
2022-04-07,342.7277201170129,346.7267446671159,339.2736000384896,344.5375061035156,63777400
2022-04-08,342.80553696936727,343.5547322798947,339.0886896862646,339.72113037109375,61956100
2022-04-11,335.49841960824415,336.4130373274305,331.34374144933133,331.6842956542969,66107400
2022-04-12,336.4227999151518,338.3006733576074,328.9112764518749,330.283203125,72790200
2022-04-13,330.62366112785617,338.0476171002027,329.9036543907253,336.9967956542969,61367800
2022-04-14,337.0844103679925,337.60009656114585,329.0766503486578,329.29071044921875,73519400
2022-04-18,328.23989134707324,331.8302455149222,326.72202142008297,329.543701171875,58560600
2022-04-19,328.90154118292037,337.4833653188138,327.8799081782232,336.9093017578125,56515700
2022-04-20,337.71682064449476,338.1741294682281,330.77936175599643,331.99560546875,65500000
2022-04-21,335.86818665671774,338.47580644263763,324.20198471121137,325.1263122558594,75801000
2022-04-22,325.2819373420836,326.49818102204216,316.18442867730363,316.612548828125,82562100
2022-04-25,314.98760042681414,320.9909613930195,313.72268943848013,320.6795959472656,101755900
2022-04-26,318.62671001999485,318.81158146646436,308.3032164570966,308.57568359375,105819600
2022-04-27,308.67292069034227,314.1606266790587,306.49342141772047,308.2059020996094,111204200
2022-04-28,313.15847678766386,320.98136565372073,308.94539140439406,319.1521301269531,99450000
2022-04-29,314.9585209672844,318.39319243041854,304.15826958250807,304.79071044921875,91977900
2022-05-02,304.38204008613553,310.11299540302446,301.28792283503986,309.8794860839844,115511800
2022-05-03,309.89887010684504,312.4967795084933,307.446933692344,310.2102355957031,78185500
2022-05-04,310.68700129283695,321.3704960583859,305.41338552668526,320.6991271972656,116083400
2022-05-05,316.38881782028443,316.46664436023457,301.25872676885024,304.5474548339844,154607400
2022-05-06,302.5527848964655,306.58096845988894,296.87046838375284,300.898681640625,139572800
2022-05-09,295.2845950656918,300.99607215962925,287.7341427841686,289.1255187988281,113387300
2022-05-10,296.28670102456,297.50294470917896,288.5611187643844,292.6379699707031,124124600
2022-05-11,290.3805417347756,295.8779558717475,283.09282090628847,283.9587707519531,140326100
2022-05-12,279.6874421934799,287.7632893233126,277.2452150881887,283.2875061035156,120910900
2022-05-13,287.7341023099368,294.81750520771743,286.13837614770426,293.7861328125,83684900
2022-05-16,292.0444589770364,294.097493977759,289.10602460905653,290.3806457519531,59190400
2022-05-17,296.2283637797187,298.2813691442496,292.43365921556494,297.90191650390625,62715300
2022-05-18,293.39688117974816,294.08769922273154,282.02256878305246,283.2777404785156,79477100
2022-05-19,281.4777710029434,286.4400521316263,279.81392794230555,281.7599182128906,79920700
2022-05-20,285.2139633856139,285.8658532570813,272.6428578169682,280.8841247558594,91764200
2022-05-23,281.92525348732573,285.93398745722953,279.5316945069994,285.5545349121094,63648400
2022-05-24,280.3490118990601,281.05927913833256,274.62779740934184,279.4830322265625,73491100
2022-05-25,277.99439122112335,285.4670153366777,277.7900705866969,283.39453125,67144500
2022-05-26,282.5966422587601,292.79363954107737,282.3144654224691,291.2465515136719,59462200
2022-05-27,294.3699319214925,300.89872041900406,294.2531772659767,300.7527770996094,66985600
2022-05-31,300.7235999733493,302.922548687984,296.11158304936345,299.9549255371094,60968300
2022-06-01,302.0856768169982,304.2067982146541,295.52770179948993,297.73638916015625,65341700
2022-06-02,296.6175262442658,306.0652992066853,295.2066716427817,305.8901672363281,59291300
2022-06-03,300.68462339025336,302.08573847126695,296.6856284627201,297.9310607910156,60914700
2022-06-06,302.3581632186797,303.91496098729647,297.36669466302385,298.9234924316406,51785000
2022-06-07,295.605605854727,302.28036693390857,294.51585621570564,301.501953125,44900300
2022-06-08,300.7040806016703,303.30199021077476,298.48565327993657,299.3321838378906,38342100
2022-06-09,297.64887304083413,300.7040615823266,291.1492742435896,291.3146667480469,55900500
2022-06-10,285.7199592604515,286.9070142794272,280.5922865971238,281.03985595703125,85963500
2022-06-13,272.1953595630183,274.7154131267683,267.11632432016336,267.9725646972656,94442000
2022-06-14,270.16172518330933,271.1347199309147,265.9583807472279,268.458984375,64697500
2022-06-15,271.8742959850949,279.08416333577026,269.1401525157862,275.1629943847656,86051400
2022-06-16,268.1477188735857,268.6050277631465,262.00812210331577,264.0611572265625,81910300
2022-06-17,264.8297459443836,269.70445991716934,263.20486108242034,267.27197265625,82703400
2022-06-21,271.74371356643644,276.3255925653468,271.6364926592741,274.01513671875,51633700
2022-06-22,271.5194638703662,278.0120701285901,270.9248103368387,273.6154479980469,67472900
2022-06-23,276.091636067489,278.538557869846,273.2645322094914,277.6904296875,57457800
2022-06-24,280.507727853171,287.6242622907725,280.2737697047167,287.2050476074219,58422300
2022-06-27,288.5601251048471,289.12553388137445,283.9685179307927,285.099365234375,54151500
2022-06-28,285.63551643685923,288.2189033828553,276.22807278418054,276.4132995605469,61609800
2022-06-29,276.27677741959957,278.16801818968105,273.78112501690873,276.6667175292969,57302700
2022-06-30,273.69341734704597,276.80323985651665,268.8483358926801,273.2352294921875,79313600
2022-07-01,271.9386625750301,275.42866694103077,270.06690827922216,275.0387268066406,56675100
2022-07-05,271.31479546811505,279.86435457980684,269.79400777721827,279.74737548828125,61829300
2022-07-06,280.12753987607994,283.63706078053895,278.4117674893385,281.54107666015625,63194700
2022-07-07,282.35026024883626,288.2677001508207,282.35026024883626,287.5657958984375,56620100
2022-07-08,284.7385941034455,289.29122735114765,283.8027319087154,287.9264221191406,59895500
2022-07-11,285.5186266207604,285.74282665658524,280.89777344078294,281.775146484375,55273900
2022-07-12,283.0228769013674,284.9336043962824,277.4563750926704,279.04541015625,55797100
2022-07-13,273.5471579009379,280.80988517547735,272.98171947253604,278.47021484375,73939400
2022-07-14,275.87710345022225,280.3322447161999,272.76728096920294,279.4646301269531,63741800
2022-07-15,282.447678649405,284.64112514394554,280.83912741965753,284.53387451171875,63818100
2022-07-18,287.3123596853128,288.7161683772217,280.9562473723328,282.1260681152344,59519600
2022-07-19,285.74272385456845,291.0947540209909,284.1439604004065,290.8022766113281,55172600
2022-07-20,291.22148278478676,296.5929696381885,290.44157279889953,295.41339111328125,67769400
2022-07-21,295.8716314801452,299.7126033100451,293.21999655824266,299.65411376953125,55049400
2022-07-22,298.72797102452967,300.79468073009497,292.5765732733218,294.3995666503906,57127700
2022-07-25,294.42885390109404,294.89680002951445,290.7243770736636,292.72283935546875,40582400
2022-07-26,291.02657410878913,291.28004863943625,286.16200515865125,286.97113037109375,50074100
2022-07-27,291.5237562918139,300.7849775519658,290.95831770194945,299.09844970703125,69304400
2022-07-28,298.88400326060946,302.598238350885,295.14052339602205,302.0230712890625,55139900
2022-07-29,303.56332661296017,308.4376532183859,302.1400018237952,307.531005859375,57501000
2022-08-01,305.7664871766876,310.7967955595493,304.674642830118,307.34576416015625,46358800
2022-08-02,305.05490925735717,310.5433767423698,304.00203791260134,306.429443359375,48676500
2022-08-03,308.106216586072,315.59320592571174,308.0477270385424,314.7743225097656,53735700
2022-08-04,314.85234823923787,316.5583630620887,312.70763199029614,316.24639892578125,38973700
2022-08-05,311.1671895537621,315.6905480879587,310.38730938423487,313.662841796875,53894000
2022-08-08,314.579322597665,318.2643126699159,311.1867802491914,312.6490783691406,43878500
2022-08-09,310.7577846603357,311.0112591452007,307.4920098771659,309.1102600097656,39764200
2022-08-10,316.4315987989831,318.03039254837086,313.9651901982109,317.7379150390625,51459600
2022-08-11,320.0580170075854,322.0564789270712,315.2324219817653,315.934326171875,45897700
2022-08-12,317.98155014210124,322.2807096003693,316.92870872909947,322.08575439453125,40928400
2022-08-15,321.14013498645255,325.1858199654628,321.1206186404325,324.6886291503906,38266600
2022-08-16,323.7137816095442,326.0144792764567,320.8866780807311,323.9282531738281,41186900
2022-08-17,320.7989590908964,323.09962711715343,318.15705247956237,320.2335205078125,47842200
2022-08-18,320.1847787832666,322.18324085585533,318.57625690160626,321.003662109375,41937200
2022-08-19,317.97176495582306,318.6249079170469,313.98454048879444,314.74493408203125,51770600
2022-08-22,310.49463631890967,310.72859449957645,305.6495539907252,306.45867919921875,51098900
2022-08-23,306.22471731086637,309.03233444699987,305.454565308121,306.2052307128906,39497100
2022-08-24,305.7274805067354,308.90555078072424,305.1230688044367,307.0923156738281,38057100
2022-08-25,308.8665332723005,312.54179417668604,307.8234501016566,312.52227783203125,38098300
2022-08-26,312.2298521322397,313.4289471423746,299.6248511436763,299.71258544921875,69047700
2022-08-29,296.9634719339838,299.49812774097546,295.6571559624215,296.7587585449219,48321900
2022-08-30,298.4063125109601,299.02048248873007,290.9388397861882,293.4539794921875,51184500
2022-08-31,296.3492591674008,297.24614823115894,291.64067339661335,291.7478942871094,50044000
2022-09-01,289.26206269221797,292.24514843632187,285.58683084422876,291.87469482421875,57990700
2022-09-02,294.74074344421956,296.11530695769113,286.14242516872946,287.7509765625,64666800
2022-09-06,288.22870983713847,289.1450856998673,283.55909620691773,285.6842956542969,57005400
2022-09-07,286.16193354355397,292.4497961103085,285.8987009043643,291.4554443359375,49260400
2022-09-08,289.3887529227953,294.28256572550094,288.02394753464296,292.96649169921875,55649800
2022-09-09,295.21846298458763,299.8685897780452,292.9665263898493,299.37139892578125,56125200
2022-09-12,300.7459377659019,303.26107708875264,300.433973737331,302.92962646484375,45905700
2022-09-13,294.2144108292188,295.40374798918697,285.4308924618621,286.3180236816406,79562200
2022-09-14,287.45856901760095,289.46678945433194,285.6940649421288,288.58941650390625,54907200
2022-09-15,286.678645807711,289.07680611469806,282.1845013060577,283.7832946777344,65299400
2022-09-16,280.4882138949614,282.4379442766168,278.4409910441184,282.0480041503906,79920400
2022-09-19,279.4101781762014,284.400677606814,279.35158353034615,284.2444152832031,52613800
2022-09-20,281.74432082476693,284.26401019805775,279.68367258756734,281.9787292480469,51271100
2022-09-21,282.8184723386783,287.076537337733,276.7927630149,276.9294738769531,82931000
2022-09-22,275.40607392081404,276.41198853056363,272.30043811253796,273.5212097167969,62757100
2022-09-23,271.06011839978765,271.35312147078616,265.65942594872183,269.0678405761719,74815200
2022-09-26,268.59909991126455,272.95480545525226,267.16347104713407,267.95452880859375,71176700
2022-09-27,271.3140425755161,273.6579180729211,265.74731219068445,268.0619201660156,69780100
2022-09-28,268.04241283670007,274.6736535647701,266.56774077672486,273.394287109375,79652100
2022-09-29,269.40966389173093,269.79055898680787,262.553820416329,265.5129699707031,81216000
2022-09-30,264.692578581056,268.75531001739057,260.85447984718013,261.0107421875,78482400
2022-10-03,262.77838999019224,268.72598499950425,261.27439119809316,267.13409423828125,61267400
2022-10-04,272.466427654253,276.2361856074682,272.466427654253,275.53302001953125,66696900
2022-10-05,271.77307011007315,277.1737627669192,268.97995884489586,275.3865661621094,55766300
2022-10-06,274.39039826210677,277.5351072748648,272.8961749308147,273.2184753417969,53489400
2022-10-07,268.58923499875493,268.7161999955391,261.4794634147483,262.80767822265625,71354700
2022-10-10,263.0030422073812,263.39371299321334,257.47541419661354,260.1806335449219,60393000
2022-10-11,258.51058612594454,261.3720673840886,254.92638786927176,256.6061706542969,66522500
2022-10-12,257.2409366240734,259.1550977833847,255.8248597200274,256.51824951171875,50580200
2022-10-13,249.1937042363052,263.85274123440917,248.3147396179077,262.5343017578125,112894100
2022-10-14,264.8585952804451,265.45431746364756,254.057211485012,254.64315795898438,77244300
2022-10-17,260.60050041731887,263.9209925586757,260.50283274763433,263.05181884765625,64576500
2022-10-18,270.06392343927286,270.7280159093199,262.4560679423864,265.13201904296875,69781000
2022-10-19,263.6182883721529,267.28060307677697,261.8017945845762,264.1651916503906,53115400
2022-10-20,263.2764551298616,268.41347120679865,261.65529678402197,262.81744384765625,60605500
2022-10-21,261.71391485292315,269.5170775447166,260.581035208143,268.9799499511719,77897700
2022-10-24,269.2436137496372,272.86685542506865,265.6105963643657,271.9390869140625,63963600
2022-10-25,272.87664101194184,277.94528713947045,271.4019393644043,277.56439208984375,59014500
2022-10-26,271.9488193068196,277.33976536779505,270.9429047750638,271.43121337890625,63492400
2022-10-27,270.3179159913899,271.7730662589922,265.9719570015237,266.48956298828125,57760300
2022-10-28,265.86447857469307,275.1130435199091,265.69844055724036,274.6442565917969,62651300
2022-10-31,272.3980644421347,273.21841925915885,269.5365535851935,271.45074462890625,47742000
2022-11-01,274.91778423579706,275.474463278683,268.3158414074561,268.67718505859375,45895900
2022-11-02,268.647815518231,271.70463177304816,259.39925050047566,259.4676208496094,79803100
2022-11-03,256.86012727932194,258.315277528499,254.01816734137591,254.39903259277344,70038900
2022-11-04,259.32115839513125,260.3758918348881,253.02196566783292,258.49102783203125,78313200
2022-11-07,259.5360659466636,261.87019576570543,257.4070472340961,261.3330383300781,47333800
2022-11-08,262.84678581141725,266.47002753052357,259.3114062659565,263.2374267578125,63213800
2022-11-09,261.4990554724208,262.2803373839128,256.87964495483965,257.1628723144531,64862100
2022-11-10,269.5561585437925,276.431523081821,267.4466615364443,276.1385498046875,99256700
2022-11-11,275.9529276307415,281.89077633715436,274.6149669615236,281.2266540527344,66961800
2022-11-14,279.175787547077,282.4474612340615,277.7890077683027,278.765625,55290700
2022-11-15,285.3773291141707,286.40279514800727,279.28324678003463,282.623291015625,73985400
2022-11-16,280.67004052340684,282.7111669611751,277.9452701018534,278.765625,48859800
2022-11-17,274.3122614193195,279.62506171085806,274.15599908086324,278.1503601074219,55462100
2022-11-18,281.15837861863173,281.25601650884465,275.7186129147616,278.16015625,53588600
2022-11-21,276.7733167687713,277.925717946162,274.46851441398985,275.29864501953125,40083500
2022-11-22,276.03110182023045,279.4199349182576,273.90205365695056,279.2637023925781,41873400
2022-11-23,279.28328478289177,282.6916700413309,279.1075008002556,282.066650390625,46390000
2022-11-25,280.47467442939137,281.1778399513412,279.7226899728019,280.21099853515625,15498800
2022-11-28,278.2382202134206,280.2500491591081,275.17165785896117,276.09942626953125,38714200
2022-11-29,276.3240381530907,276.7244547311427,272.6422025022045,274.00946044921875,35618900
2022-11-30,274.2731313579112,286.60780958553414,273.4234792849564,286.5003662109375,74718100
2022-12-01,286.8227229382906,288.83455209178715,284.0784308462688,286.8520202636719,51547300
2022-12-02,281.79316597105014,286.58836052258783,281.6173522048387,285.7093811035156,53583200
2022-12-05,283.59013695842276,284.8597275295816,279.45903504101443,280.9142150878906,41482100
2022-12-06,280.7579030923493,280.8946139923922,273.7067262258463,275.093505859375,53937600
2022-12-07,273.91174228456305,275.96264372899077,272.2612573443698,273.9703369140625,45614300
2022-12-08,275.31815931385347,278.1796405660975,273.247735611834,277.2127990722656,42594900
2022-12-09,276.1971139253693,278.96095735142205,275.00563972342275,275.44512939453125,47860500
2022-12-12,275.6208939066993,278.96093768122927,274.5856821096089,278.9023132324219,35732500
2022-12-13,289.71348065751044,289.93811333848004,279.2246216753855,281.9005432128906,80667700
2022-12-14,281.31460764454545,284.59605734412366,276.56826176614993,279.8106384277344,64984400
2022-12-15,275.7282659138191,276.39238812826255,269.22402288788686,270.4154968261719,60554100
2022-12-16,269.7417265632705,271.27499316635124,266.2356440158274,267.8373107910156,68300400
2022-12-19,268.1065030236201,268.1946054220828,262.8397183407502,264.0732116699219,44167900
2022-12-20,262.9082582224274,265.6101846699768,261.3321543782554,263.8676452636719,51064200
2022-12-21,264.9053143928758,268.997340442255,264.063397286228,267.6953430175781,46394700
2022-12-22,264.6899933353928,264.8172623306727,256.93665261660766,261.14617919921875,60278400
2022-12-23,259.8832799000987,262.3992023384686,257.9841041168896,261.7334899902344,39373600
2022-12-27,261.12652229491476,261.23422291108676,257.4946065647044,258.03302001953125,38009000
2022-12-28,257.63169714461435,259.883282539153,254.26408829124293,254.6262969970703,47139000
2022-12-29,257.42614022815377,261.7727052123181,256.73109016040627,260.8329162597656,45893600
2022-12-30,258.07227452707,260.8035690588747,256.7702767038682,260.6763000488281,37858300
2023-01-03,262.99628864555143,264.46472133466716,256.6135119786508,258.9140625,42335300
2023-01-04,261.0286667158381,261.8216181527842,257.0051447252725,260.1475830078125,47754900
2023-01-05,258.4833860141376,258.6497916979726,255.76189126208158,256.07513427734375,45396700
2023-01-06,257.8078996966904,264.2592119256814,254.86123450680134,263.1431884765625,54659700
2023-01-09,265.1304636753524,269.4966260363917,264.2396405992404,264.8465881347656,45568700
2023-01-10,263.8186112864529,267.1960184717391,263.30956536845116,267.08831787109375,35247800
2023-01-11,268.1554927038183,271.81677656349837,267.3723104107386,271.7090759277344,44077000
2023-01-12,272.2670688897421,274.20541132136015,267.9792394919901,273.177490234375,60600000
2023-01-13,270.68110651609,275.30177614783395,270.34826534085795,275.0570373535156,44802900
2023-01-17,274.8612670906476,276.8975108319857,273.69630790097455,275.6150817871094,36269700
2023-01-18,277.1520837927107,278.6988502493389,271.8265932326001,272.03216552734375,47754500
2023-01-19,270.4070168619612,271.5426085223541,268.12606430403486,269.3595275878906,44150400
2023-01-20,270.96498811324597,277.06385921244106,269.9076998843462,276.73101806640625,60613600
2023-01-23,277.57298542062097,284.10260033661706,276.7800340425206,282.87890625,52799900
2023-01-24,281.2636403550285,283.4564906318503,280.74479524933963,282.30133056640625,44875100
2023-01-25,277.7980902917536,282.2914908149877,275.26260005534954,281.6747741699219,50872000
2023-01-26,285.0913372655035,287.3429222969,282.4481462500885,287.1667175292969,51596300
2023-01-27,285.8549099656278,291.9831788969178,285.7374401251485,290.0252685546875,56441900
2023-01-30,286.76546353100963,288.18496113477727,283.78945994676695,284.16143798828125,49405800
2023-01-31,284.20056508031723,288.5177623636274,284.0928943169006,288.41986083984375,46705100
2023-02-01,288.2142410254188,297.0444073081402,286.14862975300457,294.5872497558594,67562200
2023-02-02,301.0973142806732,307.07871732986723,300.2749953441006,305.15997314453125,83070600
2023-02-03,298.52270746271597,305.81593825194506,298.1311312182381,299.7366027832031,76170800
2023-02-06,297.12274652218684,299.472233376708,295.85988576118507,297.2010498046875,40802300
2023-02-07,297.07382669619886,304.4845269771182,295.95783296502043,303.3587341308594,67584000
2023-02-08,302.0469488848469,302.9867378325731,297.27944021338584,297.9646911621094,56720900
2023-02-09,302.34059280662467,302.4874301467302,293.88243338770695,295.3312683105469,49137800
2023-02-10,293.1774814681253,295.22349402369565,290.99440085962425,293.3928527832031,50050100
2023-02-13,294.7928440312936,298.6792981596832,293.61808560255224,298.0919189453125,39636700
2023-02-14,296.5158023274129,301.2441435550638,294.5774599660458,300.2945556640625,64079100
2023-02-15,298.48343841190393,302.7614679118461,297.7981876881395,302.5950622558594,43100600
2023-02-16,297.97443328027487,301.939190485225,296.77030744841954,296.9171447753906,59498600
2023-02-17,294.7341021910548,295.5759894741586,291.8266035296301,294.82220458984375,58230700
2023-02-21,291.00426047826875,292.44332595656886,287.70518591500763,287.84222412109375,46526700
2023-02-22,288.41976478189457,290.1231372020917,286.4031195400651,288.05755615234375,51389200
2023-02-23,291.69937072769267,291.856007192304,286.3934187871323,290.5735778808594,69294400
2023-02-24,285.6199969766415,286.80452447929275,283.94596196734597,285.7080993652344,74332000
2023-02-27,288.8603441290352,290.2504439084221,287.16674072491605,287.7541198730469,48995000
2023-02-28,287.1276336430137,289.8882952985145,286.79479236101974,287.3821716308594,48243100
2023-03-01,287.0884842115543,287.74436763145235,284.09288293100525,285.07183837890625,58287000
2023-03-02,282.5852198180112,288.2337807308163,282.3013144366762,287.4310302734375,53565900
2023-03-03,289.17362474347476,293.6082911239611,288.6645488596202,293.3733215332031,60511500
2023-03-06,294.60679822424873,297.60239892870095,293.51037311351377,293.7061462402344,56736300
2023-03-07,293.75515206782217,294.67537252764663,289.49669013145973,290.1036376953125,65955800
2023-03-08,290.524569189103,292.1496386591984,288.67435910816766,291.552490234375,50876300
2023-03-09,292.05166584300946,294.6459207938577,285.6884576057452,286.5010070800781,71456700
2023-03-10,286.6675284800623,288.1555599735765,281.3322388826236,282.47760009765625,98593600
2023-03-13,280.69588536419366,288.27299040483655,279.1882857219438,284.5725402832031,97123600
2023-03-14,288.116337589981,291.6601510652607,287.27445035567496,291.1119384765625,73602500
2023-03-15,288.50787649502865,292.97190978401517,287.0688111666487,292.6390686035156,83631500
2023-03-16,291.7286480894808,300.7154496088667,290.93569677161395,300.3532409667969,98198100
2023-03-17,300.2652022556537,302.64405671369144,296.9856956821453,298.9338073730469,89923700
2023-03-20,298.31812338571973,300.3182627314526,296.1120635813606,299.9947204589844,56359500
2023-03-21,301.92617299814253,304.7303050536793,300.4162396258416,304.279296875,49757000
2023-03-22,304.2107024963731,309.09345846451083,299.9750908495816,300.1417541503906,75791900
2023-03-23,303.86755992069874,308.01493275195025,301.0143859601483,303.70086669921875,74576000
2023-03-24,303.279226703165,304.91659613807786,300.9555157584749,304.8185729980469,57195200
2023-03-27,305.5147277600081,306.59325169668057,301.87718922602744,302.7301940917969,50287400
2023-03-28,302.15176593694804,302.18117887054166,298.818140547797,301.12225341796875,48585900
2023-03-29,304.80879117992583,307.2305554441771,303.9949835955194,306.61285400390625,53274300
2023-03-30,309.08360510314816,310.1425303221654,306.70106824275075,309.5150146484375,58354800
2023-03-31,309.74052311497604,314.8978089163373,309.4365795714031,314.6624755859375,62138100
2023-04-03,312.54468103976296,314.16248187414095,311.22106933395645,313.8977355957031,47126800
2023-04-04,314.3389865153161,315.3488703775505,311.62306288617054,312.8388671875,45875400
2023-04-05,311.8877547691748,312.82899832081586,307.93645880287295,309.7503356933594,62795700
2023-04-06,308.1031535335626,312.3289805472863,306.7109016681759,311.8387451171875,46916500
2023-04-10,308.9169253233724,311.7112729355998,307.1324613833151,311.6622314453125,45134700
2023-04-11,311.623020452729,311.6818762284548,309.15224481441595,309.6620788574219,40113600
2023-04-12,311.61322373714347,312.201512176731,306.4657522535402,306.92657470703125,62813300
2023-04-13,308.681649995105,313.4075270630025,307.5051028310397,312.9369201660156,54613800
2023-04-14,311.387790948527,314.1036849309096,309.44644753659355,312.3486633300781,56278300
2023-04-17,311.936754058443,312.96626626896494,309.8679751984584,312.61328125,43007000
2023-04-18,314.7213423597959,315.14296758418715,311.4367888056213,312.6329345703125,46746900
2023-04-19,310.23076897560776,313.5447650623307,310.1033029843347,312.48583984375,38960100
2023-04-20,309.5248582838529,313.0349309116495,308.81891804476123,310.10333251953125,62462100
2023-04-21,309.7405682000311,311.2014602783377,307.96591824991697,310.4268798828125,59002300
2023-04-24,310.2013804516317,311.53480648026124,307.6129229773322,309.77978515625,44043100
2023-04-25,308.15223088653204,308.81894396786294,303.8381645839916,303.9361877441406,57121600
2023-04-26,307.31882660143737,308.7895330725692,305.25983155753283,305.77947998046875,55400500
2023-04-27,309.5345979531848,314.5938002052718,308.897268089749,314.0937805175781,65430400
2023-04-28,313.8585155543405,316.34891993997377,312.7309800391621,316.26068115234375,59712600
2023-05-01,315.7998656277723,317.30979917765427,314.8193947369705,315.8979187011719,41013400
2023-05-02,315.8292415818343,316.15281369401094,311.407308807106,313.14276123046875,56519400
2023-05-03,313.50551651689693,316.1723981044595,310.9856995547971,311.09356689453125,59882100
2023-05-04,310.868086900179,312.0152509660593,308.9659710477048,309.9954833984375,50224500
2023-05-05,312.2505645476067,317.4372639173498,310.0346907683038,316.5842590332031,51806100
2023-05-08,316.12340418138433,317.71176206822287,315.0448803318045,317.36859130859375,36465800
2023-05-09,315.7115977038759,316.57441679561487,315.04488474083917,315.358642578125,31768800
2023-05-10,317.79027512500625,319.6433797904561,315.3194988260086,318.7903747558594,60446600
2023-05-11,319.33938491008246,320.36886738905946,317.79022412805153,319.8296203613281,44278500
2023-05-12,320.359061508803,320.7806867483484,316.63328395023984,318.6824645996094,48432800
2023-05-15,319.1531099474747,320.64341502641423,317.6333620151676,320.4081115722656,33375600
2023-05-16,319.69231959787356,322.47685319202157,319.653092386239,320.7708435058594,40019200
2023-05-17,321.8297728315827,325.23200820146195,320.6532256526634,324.6535339355469,47486100
2023-05-18,325.0457029529377,330.89911544003,325.02610430665504,330.68341064453125,64213500
2023-05-19,330.89910524485487,331.60504547004615,328.87933764086796,329.9382629394531,61554900
2023-05-22,329.68336511419056,332.0561180375422,329.67355082953554,331.0462341308594,43015900
2023-05-23,329.33041279181475,330.4775470856532,326.4968372890107,326.84979248046875,48216700
2023-05-24,324.8986565844669,326.40859023792507,323.1240065441085,325.1731872558594,62891200
2023-05-25,332.5169113394895,334.35038711270875,330.0951470491142,333.0855712890625,66862800
2023-05-26,334.10519737232727,342.429383842729,334.00714432033766,341.5959777832031,63007000
2023-05-30,345.8218689368981,347.0180445839455,341.72350791991136,343.14520263671875,72652200
2023-05-31,341.56667556223636,343.75313665172007,339.74301387485724,341.194091796875,65105400
2023-06-01,340.9391751193457,346.45920144834014,339.89006401888,345.1355895996094,50488600
2023-06-02,346.8906232177797,348.88097812444437,345.1356016946734,347.7240295410156,53372100
2023-06-05,347.508293691358,350.51834653368377,346.93963373521177,347.9691162109375,47266200
2023-06-06,347.3611865599489,348.8711199384058,346.03754502332214,347.9102478027344,41390400
2023-06-07,348.1945805080894,350.14570771600313,341.38029686074765,342.0078125,69225900
2023-06-08,342.3019691584915,346.7140878648296,342.07648001887725,346.2532653808594,47153900
2023-06-09,347.70440081918906,350.6752264558591,346.13564139141926,347.5769348144531,53196900
2023-06-12,349.2339381988758,353.54800424786055,348.26328156629364,353.449951171875,44606500
2023-06-13,356.1952759667771,356.99923935156033,352.9989313087665,356.1658630371094,57097800
2023-06-14,356.1756293780162,359.0386173810698,353.3813114361752,358.7542724609375,69525600
2023-06-15,357.48939997725483,364.5095736308491,356.87172858350095,363.0290832519531,71138800
2023-06-16,365.4410616920559,365.56852767790195,360.3034045010426,360.7445983886719,80932000
2023-06-20,359.2955034183002,361.6224020665425,357.2729652705581,360.22821044921875,49204700
2023-06-21,359.0893221292644,359.5213235035701,354.39624352898204,355.31915283203125,53378300
2023-06-22,354.0722672543528,359.66859981894015,353.66971914615306,359.51153564453125,47603000
2023-06-23,355.6234937714139,358.244955150138,354.25878538521704,355.947509765625,48922900
2023-06-26,355.4173243059273,358.20567761932983,351.08751297508127,351.1758728027344,52685500
2023-06-27,352.71728658181894,357.9405532429013,351.99075255936714,357.2139892578125,49428100
2023-06-28,355.39768681283925,359.8551088807115,355.319124771365,357.9111328125,46498000
2023-06-29,357.61657056755206,358.2547747954641,355.55478139707867,357.19439697265625,46151000
2023-06-30,360.8664022946448,363.75294327955527,360.5522439954608,362.7024230957031,58712500
2023-07-03,363.34054841671235,364.18489554856006,362.2605451389462,363.5565490722656,19432900
2023-07-05,361.995466763152,365.24527438869455,361.95618574494205,363.5467224121094,34460900
2023-07-06,359.8453385697212,361.21987477406145,357.89150464386125,360.7780456542969,49374700
2023-07-07,360.5521875880231,363.7430885890437,359.3543712445191,359.5801696777344,47133700
2023-07-10,359.3053082299297,360.37548387562833,356.8016898800324,359.6980285644531,48498800
2023-07-11,360.1202480093404,361.9267855978808,357.9896944076231,361.47515869140625,38214100
2023-07-12,365.5693364678033,367.3857019143718,363.56642359921375,366.0406188964844,61975400
2023-07-13,369.21176707186186,373.08012317046627,368.6324994277994,372.2554016113281,46960000
2023-07-14,372.68741325380597,375.8979397656504,371.30304953879863,372.1768798828125,55148500
2023-07-17,372.89362686917195,376.5263572948827,372.41254671777875,375.65252685546875,40868900
2023-07-18,375.0143539359423,380.0903547968073,373.0900033607786,378.7256164550781,55262000
2023-07-19,379.7859751585357,380.9248850227104,377.3117802953621,378.6372375488281,54093000
2023-07-20,375.65250309531353,377.11542891158786,368.8878082777799,369.9089050292969,71941700
2023-07-21,372.284841442172,373.0114053791579,368.3674066870366,368.7994079589844,60499600
2023-07-24,369.77144236598883,370.7139770949079,367.5329036581569,369.3885498046875,40380100
2023-07-25,370.095471695657,373.5514524681498,370.0758162038911,371.8921813964844,38894400
2023-07-26,370.85146547724776,372.34381470791544,368.3576449536726,370.65509033203125,47075700
2023-07-27,376.1041776164192,377.71433991325176,368.48527758406664,369.7714538574219,63940200
2023-07-28,373.8165183428045,377.52778067210954,373.3059849403435,376.5067138671875,56902900
2023-07-31,376.81117085810513,377.88134670210064,375.38752567369426,376.7031555175781,44019900
2023-08-01,375.358002289648,376.58527205988247,373.76746546144676,375.82928466796875,41060600
2023-08-02,372.36350031009584,372.36350031009584,366.34496417048905,367.5820617675781,72687100
2023-08-03,365.1765851468035,369.1136762448415,365.00966327079766,366.9929504394531,47666400
2023-08-04,368.9172778959113,371.22455096243897,364.7740141219679,365.2747497558594,61702800
2023-08-07,367.0812858929707,368.4656497280015,364.75438730568214,368.3674621582031,37230400
2023-08-08,365.86385012005445,365.88347564929074,362.11330661375916,365.2354736328125,44726500
2023-08-09,365.5202374410032,365.6773315752085,360.4638917195049,361.2198791503906,51150900
2023-08-10,364.2241466553902,367.55248607144716,360.3656184078547,361.8874206542969,72035300
2023-08-11,359.33471575457895,361.30817488479244,358.0583673392255,359.5801696777344,48707200
2023-08-14,358.78493171571785,363.7332916146843,358.0682253755608,363.615478515625,42130800
2023-08-15,362.64346888927497,363.4387672515518,359.0893004933411,359.7569580078125,45539900
2023-08-16,359.2169432074904,360.7485734638324,355.84932219275373,355.947509765625,53190500
2023-08-17,357.34171424431963,357.6853558092241,351.64719388715173,352.0595397949219,62604300
2023-08-18,348.7998996743189,352.87442935667116,348.25988299283443,351.6177062988281,61191400
2023-08-21,353.08063546796353,357.9602617765913,352.6191807882189,357.2828063964844,50696500
2023-08-22,359.88452520308874,359.8943529479239,356.0849033188454,356.7721862792969,44530200
2023-08-23,357.95041608652554,363.4878719658875,357.73441539699064,362.3980407714844,51770600
2023-08-24,365.86380691390167,365.96196451113144,354.4452858383608,354.6514587402344,66842500
2023-08-25,355.4860812682195,359.08932875257835,352.05952348779107,357.4006042480469,69960500
2023-08-28,360.3165271903132,361.0234356791547,357.626361812356,360.0907287597656,40910000
2023-08-29,359.894349351779,368.3085168289508,359.5703633644609,367.9550476074219,58492400
2023-08-30,368.06310401186664,370.58637775483646,367.06163274123446,370.007080078125,41731500
2023-08-31,370.08565202042405,372.81509876045794,370.0169177230242,371.1165466308594,35730700
2023-09-01,373.48274660106966,373.9049202292134,369.2412949010862,370.7238464355469,39801200
2023-09-05,369.9186899736173,372.4125102375906,368.9957808199257,371.195068359375,32344200
2023-09-06,370.4195105332614,370.7631520991207,365.9228067858147,367.9256896972656,42998700
2023-09-07,363.4780377595415,366.0700459878957,362.43731535463496,365.2944030761719,52060700
2023-09-08,365.2452889138303,368.0336420648667,364.84274085842384,365.8049011230469,35800100
2023-09-11,368.82887514943724,370.6255846271766,366.86524382561294,370.11505126953125,39936600
2023-09-12,368.44602304662743,370.09549644535633,365.7264039301276,366.0111389160156,41391000
2023-09-13,366.2467380119388,369.0056379476659,365.11765586117525,367.4052734375,46300700
2023-09-14,369.1529144210235,371.3914532548078,367.0911252035005,370.4096374511719,48039400
2023-09-15,369.07437464090987,369.47692270751975,363.13437117524467,364.0671081542969,69811200
2023-09-18,363.1290907956141,365.55768735077066,362.8439436680501,364.4466247558594,36903500
2023-09-19,363.12909249752613,364.46628040159027,360.65131607786003,363.66986083984375,37621700
2023-09-20,364.73172049281754,365.085671354947,358.35049295002716,358.4291687011719,45514200
2023-09-21,354.7519254622252,355.5385331276179,351.6940725549264,351.8612060546875,69734800
2023-09-22,353.6015387690444,355.7351463260218,351.59572682123036,351.9103698730469,51589700
2023-09-25,350.94681043902585,353.67039640628593,349.9635733403217,353.5818786621094,39168000
2023-09-26,351.00576704465425,351.54656539828693,347.28913238471915,348.2723693847656,53657700
2023-09-27,349.4227674359429,350.9959526262273,345.47013551952676,349.0884704589844,56066000
2023-09-28,348.17404910105444,354.13249308803233,347.3186376888386,352.0086975097656,56453300
2023-09-29,355.4795169704476,356.86588475516515,351.0352664817327,352.2643127441406,64829600
2023-10-02,352.52987825215024,356.6004647050839,351.92027598191527,355.20428466796875,51625100
2023-10-03,352.7657082229344,354.95833715323573,347.35790566474424,348.9704284667969,60478500
2023-10-04,349.8062188530663,354.56508236180133,349.3440962599654,353.7195129394531,54786700
2023-10-05,353.70966344335267,354.112794207994,349.18679731637707,352.6772766113281,45897400
2023-10-06,349.688234949587,359.776256226346,348.90165734771625,358.5865478515625,75049100
2023-10-09,356.2267752731896,360.95614313711815,354.7322657423187,360.4153747558594,45304800
2023-10-10,360.74961263877185,365.0561950620911,360.24818222381623,362.4112854003906,46968800
2023-10-11,363.7386808007652,365.1840403219453,362.0180161329799,364.9972229003906,38215100
2023-10-12,365.49875723031494,367.47504350128503,361.339653276154,363.7289123535156,49587900
2023-10-13,364.3581312910555,364.93823750281996,357.76058961591417,359.15679931640625,52469900
2023-10-16,360.4743203637021,364.26963053650593,360.3268408246316,363.2175598144531,44201100
2023-10-17,359.6779421188621,363.71906198916196,357.5639884669209,362.02789306640625,50999100
2023-10-18,359.5403330220325,361.74277458207155,355.9514935077694,357.27886962890625,54280500
2023-10-19,358.6947468339087,359.88445539879183,353.139462867254,353.9358825683594,72274200
2023-10-20,353.4343398496626,354.0046340746767,348.429667456951,348.65582275390625,72559700
2023-10-23,347.33834180480255,353.23776430725763,345.2342000427066,349.70794677734375,60665200
2023-10-24,351.51708510652264,353.8768480102766,349.82591619106324,353.10992431640625,47082100
2023-10-25,350.72071984402413,350.8976953378742,343.88720932886326,344.4673156738281,71190500
2023-10-26,343.267696574336,344.2017837265647,336.611192887755,337.89923095703125,78621400
2023-10-27,340.6227965987471,342.99240143827143,338.3121835804546,339.5215759277344,63476700
2023-10-30,341.99925381269776,344.66384722972305,340.64241219061194,343.3463134765625,55298500
2023-10-31,343.375849297575,345.361977125428,340.8095852665568,344.98834228515625,47671900
2023-11-01,345.8241052486329,351.5367095936347,345.7257755512951,350.97625732421875,58992700
2023-11-02,355.4795119586807,357.5836235271316,354.2602776794732,357.34765625,58162400
2023-11-03,358.63567805070596,362.8340890313427,358.4095227497028,361.5460510253906,53280500
2023-11-06,362.3130336555714,363.5814179312338,360.759532221873,363.0209655761719,38848700
2023-11-07,364.0631951409586,367.3177075855141,362.86364466248693,366.4524841308594,50777400
2023-11-08,366.8260836356328,367.5242035801458,364.40732877415047,366.6884460449219,35663400
2023-11-09,367.37674095460693,368.5172696365623,363.3749585763471,363.8665771484375,53859400
2023-11-10,365.5871838961083,372.1945376523924,365.05622752117154,372.04705810546875,58309800
2023-11-13,370.4738980609081,371.9389116697702,368.9498626232603,370.8868408203125,40733500
2023-11-14,377.2778882842763,379.7851608200815,376.7567738366485,378.8707275390625,67792600
2023-11-15,380.758565054943,381.25018360246395,377.7990117969424,379.1558837890625,54141400
2023-11-16,378.3888771051645,379.716252893688,377.1303350996478,379.48028564453125,45343500
2023-11-17,378.75274408316574,380.58158064011525,377.8481827803421,379.56884765625,46571900
2023-11-20,379.5786789735627,384.8488455509978,379.5786789735627,384.1900634765625,44429600
2023-11-21,382.4890557757968,382.7053691278028,380.2177805827414,381.9580993652344,43337000
2023-11-22,384.02294492871613,386.48103782965114,382.5185932735846,383.521484375,44121000
2023-11-24,383.11835048885297,383.7082987815847,381.9876337646269,382.980712890625,15718800
2023-11-27,382.4890407815765,384.5931523904098,381.7712669585099,382.6463623046875,34139700
2023-11-28,381.8990703724216,384.22933716140074,381.5450894644949,383.64923095703125,35491100
2023-11-29,386.10733154752785,387.5330371689785,382.93146530431625,383.2756042480469,38811700
2023-11-30,383.54108852724886,384.0032111328756,379.35251917187975,382.3120422363281,52834400
2023-12-01,381.2501812749138,383.9934211550171,379.59835016677164,383.4034729003906,40490100
2023-12-04,379.6179609040308,380.11942136429684,376.24546527387645,379.8441162109375,51186900
2023-12-05,377.94650066186034,381.9875904982216,377.769495189878,380.7978820800781,42933000
2023-12-06,383.72789633150694,383.8262260335149,378.2512890012092,378.59539794921875,41994100
2023-12-07,381.56479841909,384.7111388866254,380.4733897212856,383.8852233886719,49593500
2023-12-08,382.1547398194867,386.03850798444535,381.96792238811264,385.5960693359375,46687500
2023-12-11,385.17328809516005,389.1554163138942,384.9668167079118,388.8899230957031,41198000
2023-12-12,388.92920852338335,392.10507469839604,387.79849202341643,391.9870910644531,39221200
2023-12-13,392.92117519092295,397.58170908822694,392.15425151154363,396.97210693359375,55408100
2023-12-14,398.19130332545933,399.48915327048627,393.62906956036386,396.6279602050781,55447800
2023-12-15,397.4047904082256,399.7252457222724,396.80503014007144,398.54534912109375,62896600
2023-12-18,398.93742692657247,401.9521395300037,398.6123238311212,401.05560302734375,46610000
2023-12-19,401.50886793177096,403.22310823841127,401.32167731599395,403.1048889160156,35711900
2023-12-20,402.30683565782135,404.3954569739908,396.9374781641633,397.11480712890625,54042400
2023-12-21,401.0359282858349,402.0999622336259,398.4842612297436,401.73541259765625,45568900
2023-12-22,402.94718451843084,403.9028306330073,400.46448897301167,402.33636474609375,34314000
2023-12-26,403.19346466087075,405.46927631391304,403.09493855857704,404.7993469238281,22722500
2023-12-27,405.0812796090491,405.9092800502517,404.22367871610646,405.6234130859375,31980500
2023-12-28,406.7767300193373,407.0231598039009,405.07142508072366,405.42626953125,27029200
2023-12-29,405.40656720929155,405.7614417426566,401.75939435396884,403.67169189453125,42662100
2024-01-02,400.0442549519048,400.29068473861986,394.52422171313583,396.8406677246094,58026900
2024-01-03,394.21863608310093,395.2733627494612,392.2077907594022,392.6414794921875,47002800
2024-01-04,390.77850725005516,393.8835165960706,390.40392915516384,390.62078857421875,39432800
2024-01-05,390.7883417185422,393.8539136213913,389.694177896052,391.08404541015625,44922800
2024-01-08,392.30633507346994,399.452798550121,392.1584832247877,399.1669616699219,42473800
2024-01-09,396.170378049777,400.8821142748439,395.97322219161936,399.9555358886719,39132900
2024-01-10,400.2709695281349,403.6716824367077,399.383828338149,402.666259765625,33962800
2024-01-11,403.9378386838797,405.3277062256267,398.4670796261402,403.5041198730469,54536200
2024-01-12,404.5391210569186,405.3769883257372,402.3212530356836,403.71112060546875,39595000
2024-01-16,402.47898015651396,405.24884853688053,401.0201049980327,403.67169189453125,43903000
2024-01-17,400.369527148298,401.7692313792926,397.1659401767958,401.3946533203125,54386000
2024-01-18,404.65740512178894,407.6737032433849,403.31684154852866,407.0921325683594,59562500
2024-01-19,409.29028375063245,415.32287979779335,408.7087130945052,415.1651611328125,70325100
2024-01-22,417.3633373322154,418.6644937937395,415.1060321184477,415.70733642578125,44880600
2024-01-23,416.39744117494894,417.6493240720533,414.5640175202798,417.4324645996094,33003800
2024-01-24,421.3358027969349,423.7113895972311,419.25591971378685,419.748779296875,46948000
2024-01-25,422.2426581747515,422.91297008670307,417.9252333872892,420.2613830566406,44367200
2024-01-26,418.378637270388,420.12334933160764,417.10705114752705,417.75762939453125,37137000
2024-01-29,418.2110796891318,422.2328309241424,417.5605013987106,422.0356750488281,38694700
2024-01-30,421.00072271663726,421.5724266796445,418.31956499399234,419.2264099121094,36739000
2024-01-31,414.83991498252755,416.8310568585981,410.83789759483614,411.01531982421875,64010600
2024-02-01,412.8093558640843,416.3480842137605,411.84334021005407,415.855224609375,51008600
2024-02-02,417.7478039271174,424.09583827037693,416.7522479454366,422.8834228515625,59602400
2024-02-05,422.9425620148611,423.47482874620573,418.9306774838046,422.3314208984375,39889200
2024-02-06,423.47478440731186,424.07608872396537,419.1474930343102,421.483642578125,35846100
2024-02-07,424.26337777924766,426.64880124732525,422.96222129751766,425.82080078125,37712700
2024-02-08,425.93906315412374,427.3683678727417,425.25894465466604,426.609375,29889900
2024-02-09,427.7429909674589,431.5971566394753,426.95442764216807,430.8085632324219,36943900
2024-02-12,430.7001731799207,432.8687675710771,428.4428676657303,429.1230163574219,33203300
2024-02-13,421.1780487166668,425.11105823294105,419.25588447149386,422.4299011230469,64491700
2024-02-14,425.1012629911668,427.45711618773214,422.7552465307985,427.03326416015625,45092700
2024-02-15,427.7232693956781,428.7681292944683,425.1702303097586,428.3048400878906,38796100
2024-02-16,428.6794569365382,428.778004795636,423.7114235183895,424.421142578125,53716500
2024-02-20,422.42991403651456,423.9380630768234,417.45204454629345,421.2174987792969,53999500
2024-02-21,418.4870919149259,419.62069310797756,415.60880857574824,419.5319519042969,49779000
2024-02-22,428.2851039577148,432.84898843636626,427.516244223805,431.8139953613281,53887800
2024-02-23,433.3713979305872,434.2979762946172,429.56653662950396,430.5423889160156,39853900
2024-02-26,431.35069696286195,432.3364160920816,430.1283847870325,430.315673828125,33043200
2024-02-27,431.4197155682474,431.73512283553583,428.81740256122896,431.3507080078125,33713200
2024-02-28,429.2116432200107,430.4339553104161,428.0977758687561,429.0539245605469,32938800
2024-02-29,431.97175042801547,433.80517376266243,428.8075700303294,432.7307434082031,42495200
2024-03-01,433.6178291770783,440.20242559258236,433.55868843719577,439.24627685546875,43853000
2024-03-04,439.2462753607759,439.67015743750454,437.432555819778,437.6789855957031,34325700
2024-03-05,434.64302678995017,434.6528936081218,427.4571253935113,429.8228454589844,57917100
2024-03-06,434.03189187112264,435.67802611401623,430.6508821840537,432.52374267578125,46234500
2024-03-07,436.1018344992265,440.340414373381,434.56408510896307,439.08856201171875,44526700
2024-03-08,439.44353093712164,442.23313347942417,432.08020635824886,432.75048828125,72096000
2024-03-11,431.26198875861274,432.3955597485058,429.2215429277489,431.1437072753906,45860000
2024-03-12,433.45034920475655,437.67906325104593,430.2270279114306,437.32421875,55300900
2024-03-13,436.32858007461937,436.348313710143,432.84899264375196,433.9628601074219,37928700
2024-03-14,435.19502676907297,435.7174567417653,430.158016096677,432.8687438964844,52195200
2024-03-15,429.8425567567074,432.6025583426968,426.5600951429745,427.7232666015625,73069800
2024-03-18,433.036421029208,435.3164407459144,431.5657369238867,431.8026428222656,47323800
2024-03-19,429.79897352411336,433.2831618565317,427.70646045459057,432.87847900390625,43004100
2024-03-20,434.072806234284,438.34660092162113,432.375126124526,438.0110168457031,43653500
2024-03-21,443.0546570297953,443.5086789379876,439.8863232930999,440.0837097167969,39345700
2024-03-22,439.57049567083743,441.68270825024166,438.72164062042333,440.5871276855469,28253900
2024-03-25,437.79384020612855,440.46869300537145,436.7969679128137,438.9881591796875,27789200
2024-03-26,440.5081720687791,441.42612597443406,437.3398379730838,437.5668640136719,34142000
2024-03-27,440.6463730296431,440.74508131419196,436.1948914538814,439.0572509765625,41359200
2024-03-28,439.0078908107103,439.8567458712152,437.8925505041075,438.2478942871094,36839600
2024-04-01,439.19538878529454,441.7221638936199,437.2706829241046,439.1756591796875,38729000
2024-04-02,434.36889648212224,435.7013830284785,432.34551218244235,435.3855285644531,44259700
2024-04-03,433.26337536409767,438.23797705114055,433.25352562203335,436.3626403808594,39949800
2024-04-04,440.53776750365273,441.1497467951012,429.4633731365682,429.6903991699219,57267700
2024-04-05,431.1116991543282,437.4187875750618,430.3023334511116,434.7538146972656,54744600
2024-04-08,435.68159639456593,436.75744728289317,433.5002851483808,434.8821105957031,28144900
2024-04-09,437.21150450507577,437.48786961686346,431.7631508206015,436.4909973144531,39443600
2024-04-10,431.32884474706685,433.5397655709517,430.61818732202715,432.6810607910156,61502200
2024-04-11,434.54653939889255,440.5377431354332,432.2763695555441,439.5902099609375,45474600
2024-04-12,435.375688373544,436.5008785092053,431.21045166763093,432.5823974609375,53665000
2024-04-15,436.3231905448268,436.4120189606587,424.62696718234923,425.4659423828125,63453600
2024-04-16,425.3080155680643,428.1309157561056,424.1236065676271,425.50543212890625,47619000
2024-04-17,427.47948372681793,427.49921333458576,419.3858865543037,420.3136901855469,56880500
2024-04-18,420.9552076337074,422.682496972794,417.3427017442334,417.9151916503906,46549400
2024-04-19,416.74068931609173,417.2638100966855,407.70943842168964,409.2689208984375,75231000
2024-04-22,411.89438243688096,415.71415492772303,408.5681212264379,413.3847961425781,47807700
2024-04-23,415.30946540362476,420.7479692653061,413.4341285924877,419.5536804199219,44384700
2024-04-24,422.64310729557025,424.15325073276335,418.69501672810685,420.97503662109375,48440300
2024-04-25,413.7993025224546,419.8004161798026,412.7136018716216,418.94171142578125,57392200
2024-04-26,422.0706273702399,426.93664188162273,421.3797295773661,425.4067687988281,41874900
2024-04-29,427.5091371576284,428.13096626394747,424.4000217475746,427.1340637207031,30022200
2024-04-30,425.55479143619027,426.9464969281247,419.0009769819428,419.0799255371094,43665900
2024-05-01,417.6585952639436,424.5579035239852,415.200918698871,416.04974365234375,52251700
2024-05-02,419.7806517948606,422.2580878768443,415.1712736472869,421.3598937988281,36559000
2024-05-03,428.8020708971148,430.8156052949475,427.00568266102414,429.8285827636719,48515300
2024-05-06,431.6249232146083,434.6254800209233,430.85504687658084,434.5366516113281,30227200
2024-05-07,434.980847312053,436.2343550995329,433.87535676036975,434.60577392578125,30996100
2024-05-08,431.99018332208914,435.7507369202291,431.8717153110877,434.3491516113281,24896700
2024-05-09,434.61564389755716,435.86918186492,432.7699164732943,435.29669189453125,24580100
2024-05-10,436.7969628147865,438.54398186494984,434.78342840132655,436.32318115234375,27116600
2024-05-13,438.2281196461856,438.32682792263495,435.91849056064825,437.3299255371094,22994200
2024-05-14,436.9055419740339,440.6759754843591,436.71800527283966,440.1429748535156,34478300
2024-05-15,442.6104996038646,447.26924708406875,441.10035635930353,447.0224914550781,41464700
2024-05-16,446.83494806603215,448.7892634620817,445.9466338392956,446.11444091796875,34780400
2024-05-17,446.2427421383118,446.8448415455645,443.7061171254062,445.8973083496094,35803700
2024-05-20,446.11447031915947,449.66772746028334,445.9269336218566,449.0064392089844,24474200
2024-05-21,447.1606651444759,450.07236333787966,446.9632486032296,449.88482666015625,23167700
2024-05-22,450.14154549335257,450.89169234315284,447.200207164725,449.79608154296875,25120000
2024-05-23,454.5732445844639,454.6028540574853,445.9861660713321,447.7726745605469,40899200
2024-05-24,449.38147458920713,453.2703455808259,447.6837947140764,452.0069580078125,29669500
2024-05-28,453.2210272774434,453.77375752010863,450.76335065839464,453.71453857421875,26216800
2024-05-29,449.5690073861548,452.293168932265,449.43080978143166,450.51654052734375,29739200
2024-05-30,449.58875340539146,449.72695101515984,444.3673958922953,445.69000244140625,30536800
2024-05-31,445.91705276915746,446.6079806125884,437.310214806021,444.8609313964844,55941300
2024-06-03,448.67085714771804,449.66772946137996,442.08740334832584,447.2495422363281,32997500
2024-06-04,446.99291582101387,449.667738607721,445.2755061521262,448.47344970703125,23767400
2024-06-05,452.03656368272107,457.5934749116662,448.5128862198412,457.5145263671875,33817400
2024-06-06,458.19560359921735,458.51145804041124,456.19194905279596,457.35662841796875,21966800
2024-06-07,456.9914241490578,459.6958561995147,455.8464744178149,456.9519348144531,25829700
2024-06-10,455.82678145022857,459.1530427715406,455.5405364640256,458.7976989746094,20660800
2024-06-11,457.5244472583221,462.06475707214463,456.0340335493935,461.9462890625,22053300
2024-06-12,465.8647319245573,470.31621295998497,465.1738342596571,467.9967041015625,34532600
2024-06-13,471.52040876995864,472.1817271248933,468.26324643825706,470.53338623046875,25859000
2024-06-14,470.3359501520324,473.0404122806278,469.87204837286555,472.9713134765625,23372600
2024-06-17,473.23786496400976,480.54182645137206,471.93501797592035,478.76519775390625,37054500
2024-06-18,478.71585207369253,479.59428654506,477.1563394611156,478.9132385253906,24438600
2024-06-20,480.1075143153198,480.52204691160244,473.39574301016904,475.22174072265625,33918700
2024-06-21,474.94538875408216,476.27787523634794,472.45810274298066,473.948486328125,37456800
2024-06-24,472.72459095925706,474.45462577219325,468.4143472780598,468.552734375,37751000
2024-06-25,470.6387448965679,474.20754559565773,469.6995709392194,473.9109802246094,29014700
2024-06-26,473.09037443761645,475.4333612594301,472.6751829690312,474.8896179199219,22737100
2024-06-27,474.6425478646828,477.58856140629814,473.83189559109877,476.11553955078125,26222100
2024-06-28,476.9063514538497,481.6417124149617,473.0014035971446,473.64398193359375,34881600
2024-07-01,474.5634099490614,476.9854407051725,470.82653577529436,476.4219665527344,24898300
2024-07-02,474.92920257120903,481.4835684420996,474.8006808608911,481.42425537109375,26723600
2024-07-03,480.6728792615718,485.56641842894476,480.6728792615718,485.4378967285156,18064900
2024-07-05,486.27820705476347,490.9344638028408,485.9816115521274,490.4994812011719,28495900
2024-07-08,490.86525904955414,492.219624364335,489.8470111715543,491.666015625,22109400
2024-07-09,493.17858205149344,494.295695149638,490.5785818678999,492.09112548828125,25614500
2024-07-10,494.0089714465548,497.77550204894317,492.70405380285695,497.2218933105469,28046900
2024-07-11,497.3306714485331,497.53826719034237,485.13145747225576,486.3177490234375,49966600
2024-07-12,486.89113058774603,493.92000053484,486.42649145110255,489.1747741699219,37109400
2024-07-15,490.9443370805706,495.2941631670739,488.4530977332755,490.4895935058594,31151400
2024-07-16,491.942824926014,492.75347707724274,487.52382036527973,490.67742919921875,25950600
2024-07-17,482.7093905643281,483.22344721321235,476.2044726562418,476.2736511230469,56268800
2024-07-18,479.9907843804537,480.16872359296,470.8364183022551,474.0196838378906,49347400
2024-07-19,473.6835723378071,476.19460298928004,468.53301949271196,469.81817626953125,42042900
2024-07-22,475.6706132366567,477.8356306869123,472.2599610425792,476.8173828125,40300000
2024-07-23,475.91777541548873,478.9033104941796,474.66227523561906,475.13677978515625,23282500
2024-07-24,468.4143716915868,468.7801456725655,457.2334056742168,458.0934753417969,58818600
2024-07-25,458.4296447443812,462.60150201888996,450.43194324908296,453.04180908203125,59256800
2024-07-26,457.371784394855,460.61436283274776,454.52463646511234,457.6881408691406,39992100
2024-07-29,460.3968919638833,462.5718051093693,456.35355676245223,458.6075439453125,28218500
2024-07-30,460.5353297454606,461.2372212225388,448.9687977948445,452.31024169921875,41317200
2024-07-31,462.53223532259034,467.3961180940794,461.08890038272096,465.69573974609375,44552100
2024-08-01,466.37785466015725,470.1245940721728,450.777884707459,454.4158935546875,56653900
2024-08-02,445.74597107733194,448.3953886712826,439.3992012960001,443.63037109375,66323200
2024-08-05,419.8646276295471,437.24408061547723,418.6190230324202,430.40301513671875,87483500
2024-08-06,432.2418462378431,441.9695823885907,429.60229381809893,434.5155944824219,63164400
2024-08-07,441.3961679939365,443.8775420816124,429.4144449590627,429.80987548828125,54929200
2024-08-08,436.0280949206762,443.8676170226471,432.1626991528455,442.9581298828125,47890100
2024-08-09,441.6432496252739,446.902562366597,440.5261366749067,445.2713928222656,33574000
2024-08-12,446.24027276517336,449.1862557378928,443.43264672667567,446.2303771972656,27795000
2024-08-13,450.619694582263,457.569490229533,450.4812773186454,457.30255126953125,40084500
2024-08-14,458.22199728151236,459.80371934391326,453.17027967377,457.4508972167969,34733700
2024-08-15,463.41216729298384,469.40302944827357,463.0364976909329,469.0075988769531,38280600
2024-08-16,467.2280563234313,470.97482612620695,466.2691214716206,469.6105651855469,38383600
2024-08-19,469.7489746870242,475.81891001240314,467.9694921188847,475.77935791015625,23737700
2024-08-20,474.8698533888056,477.4303013239028,473.0903708857028,474.7808837890625,29209300
2024-08-21,475.5618916978181,478.84402246098443,473.8516478454202,476.995361328125,25658800
2024-08-22,479.30863530084486,480.0006613262973,468.4044737172152,469.4326171875,37739600
2024-08-23,473.77249517010836,477.23256479469126,469.8576819851587,474.5238342285156,36061500
2024-08-26,473.98017974431343,474.89956254628396,467.84100515702664,469.91705322265625,27452600
2024-08-27,468.2858788727974,472.3885272907832,466.3284569721206,471.32086181640625,27510000
2024-08-28,470.85614697580746,471.5777992983773,462.55198629689227,465.9725036621094,37372400
2024-08-29,467.8806018282393,472.47754644537133,464.01520529490415,465.2904968261719,41081500
2024-08-30,469.62047764039335,471.45924320433073,465.14215970468916,470.83642578125,33466500
2024-09-03,467.80142084180835,467.92991237004406,454.1687382037683,456.5413513183594,44985200
2024-09-04,453.43720206493504,459.1512587891513,452.5079237940925,455.35504150390625,32505100
2024-09-05,453.7338208518913,460.0509045548926,452.7155728610419,455.78021240234375,34452400
2024-09-06,455.07826358924416,455.95812441212007,443.0767797419494,443.5710754394531,50624400
2024-09-09,447.8912161145642,450.2638294345581,444.6881896410432,449.2752380371094,32981200
2024-09-10,451.03493317073963,453.93152891747957,447.07070215006615,453.4273376464844,29680300
2024-09-11,454.6631191810261,464.01518629881735,446.13156973151735,463.27374267578125,57843000
2024-09-12,463.3033580451051,468.6318802238229,461.5239055757067,467.82122802734375,40067800
2024-09-13,467.0896961750265,471.0934794541991,466.86230928198813,469.91705322265625,29111800
2024-09-16,467.79158591373465,468.45392528367074,464.52924622945534,467.84100341796875,22585600
2024-09-17,470.85620880166687,472.1512611288473,465.5968952856612,468.088134765625,30084400
2024-09-18,469.2843409962988,473.3671980607207,465.4584670065217,466.0615234375,39909200
2024-09-19,477.10407647667364,480.68280265250814,475.0082675559693,477.84552001953125,52782500
2024-09-20,476.98545265824833,478.1717744003599,472.84325229843876,476.93603515625,34577700
2024-09-23,478.1111312036665,479.28921050590276,476.774651383873,478.2002258300781,24843000
2024-09-24,479.60601096752043,481.4572699249202,475.3590157870661,480.50689697265625,25952600
2024-09-25,479.88319658875736,482.90265561010153,479.70500732779976,480.952392578125,26549900
2024-09-26,488.42677564111966,488.7534861924181,480.9326144526801,484.56585693359375,32020200
2024-09-27,485.58547404661016,485.72408582935225,480.6949675689309,481.873046875,22851100
2024-09-30,480.9127456736475,483.5163993286081,478.0814158299682,483.1798095703125,30281100
2024-10-01,482.8135659492625,483.1105480539154,472.6167473202181,476.4479675292969,42735400
2024-10-02,475.54702865251045,479.0317794226222,472.9334957867345,477.1211242675781,23744000
2024-10-03,474.9332698898792,479.69507402371687,474.1907844609631,476.7647399902344,25337200
2024-10-04,482.56604972244355,482.99173412446424,477.55675036393063,482.4373474121094,30686600
2024-10-07,480.526728679582,481.69489861148656,476.0519967457318,477.2696838378906,24975100
2024-10-08,479.8039972195323,485.0805804803255,479.00211535716534,484.3974914550781,28272000
2024-10-09,484.1004494001964,488.78306789538925,483.0609819923418,488.2088623046875,24995000
2024-10-10,485.931954026491,489.51567874684946,484.62517246305833,487.6545104980469,25750400
2024-10-11,485.823034416193,489.43648751115296,485.25876847647055,488.4167785644531,20644500
2024-10-14,490.8026121982284,493.8319500532001,490.2977426969376,492.5152893066406,26060100
2024-10-15,492.8420524194758,493.50535274645455,483.7837355378059,485.9320068359375,34784500
2024-10-16,486.25864740209397,486.7635471587874,482.68483205870143,485.9913635253906,22996800
2024-10-17,491.4659433311861,491.51543027362754,486.26854547887814,486.32794189453125,27210700
2024-10-18,489.1097903823585,490.60467068756384,488.3573954930934,489.51568603515625,25335000
2024-10-21,488.3079056738165,491.25805858536,486.38734099228543,490.4561767578125,30336500
2024-10-22,487.793135280426,492.4658447615583,487.0407403823035,490.9907531738281,26685800
2024-10-23,488.64449759688586,489.29788838737255,480.1900552137996,483.4668884277344,39346600
2024-10-24,487.17931987829945,488.06041708017347,484.53608869629585,487.3872375488281,22024900
2024-10-25,490.1789884845893,495.26747284770505,489.47608053519724,490.357177734375,38762100
2024-10-28,493.46570899239293,493.5251054099527,490.1393887618108,490.4363708496094,20477800
2024-10-29,490.7531655272881,496.32676092664786,488.90190670976915,495.148681640625,28014100
2024-10-30,494.38643703160704,495.3368099688613,490.92150485664405,491.4065856933594,29756000
2024-10-31,487.44660772637656,487.49609466709046,478.90307110207715,479.0020751953125,41245200
2024-11-01,480.63557883349887,485.8329769568271,480.338596739747,482.5462341308594,33655800
2024-11-04,481.94238483516835,484.4767328693468,479.3981273267604,481.1405029296875,23291600
2024-11-05,482.7244339514242,487.94165113638695,482.63533932134885,487.2783508300781,24353600
2024-11-06,495.5447123045364,501.336105155914,494.59433933877455,500.514404296875,43082200
2024-11-07,503.30610794436893,509.1767155944493,503.2467115280343,508.39459228515625,32853100
2024-11-08,507.899662983483,509.760831483566,507.2759703252836,508.9886779785156,22924500
2024-11-11,510.2062892654161,510.4142069407724,505.80089378918416,508.691650390625,24167500
2024-11-12,508.6222726105832,509.5033092847708,504.72171702816985,507.7708435058594,25835300
2024-11-13,507.2661054943715,509.8202120475562,504.84064083500584,507.1175842285156,24567400
2024-11-14,506.78096992499786,507.652127470528,502.6824357607315,503.5932312011719,28679500
2024-11-15,497.9008370094245,498.2869137267918,489.53548899535224,491.59466552734375,51461100
2024-11-18,493.13905364694074,497.1088856216288,491.7530868140731,495.0101013183594,27080800
2024-11-19,492.4361277397527,498.90069938186144,492.09950777369886,498.41558837890625,24523000
2024-11-20,498.11860004854606,498.4354010644952,491.58472260068197,498.1285095214844,29565500
2024-11-21,501.1677651579691,501.8805523925843,492.57474087141514,499.92041015625,34526700
2024-11-22,499.3660519023766,501.4548965685936,497.7424691375155,500.7223205566406,23826600
2024-11-25,504.79108496814234,506.3255729737654,499.2076102815402,501.5142517089844,26375200
2024-11-26,502.98937464513557,505.0287626571996,502.1479152298206,504.2070617675781,26557100
2024-11-27,503.07842161211977,503.14769728857453,496.9009225315569,500.2371520996094,24957400
2024-11-29,500.86086684245106,505.2266848191646,500.2470837176549,504.6326904296875,15334000
2024-12-02,505.8899897009707,511.0873877854979,505.50388277016566,510.1270751953125,25147200
2024-12-03,508.80055765426437,511.96850775985183,508.22635196936864,511.6912841796875,18597900
2024-12-04,515.1067274866609,518.2746775802158,514.3939100143905,518.0172729492188,26086200
2024-12-05,518.0666968351026,518.7893632698425,516.1956191747214,516.5817260742188,18169600
2024-12-06,517.2450943089183,521.4426027889191,517.1163919846481,521.2050170898438,23762600
2024-12-09,520.2843400357084,521.0763125037305,515.9977067253483,517.1461181640625,20674400
2024-12-10,518.3736106938491,520.1159861294152,513.9582756888856,515.3838500976562,24350000
2024-12-11,519.739846737161,525.2936237406254,519.3339812527705,524.6105346679688,32168600
2024-12-12,522.3929011804341,523.6601052193815,520.7495601425144,521.2247314453125,23577500
2024-12-13,525.1450495866374,527.8278579264799,522.0166775373805,525.21435546875,28780400
2024-12-16,527.7389251721696,533.748115234401,527.6597097980499,532.7778930664062,31979900
2024-12-17,530.9858440965743,532.0946172506605,528.778207259643,530.4314575195312,28579100
2024-12-18,529.7881169480424,531.5007639686596,509.8498941149514,511.29522705078125,54703200
2024-12-19,515.9680246609405,516.5323208902269,508.6817814759399,509.0183410644531,46441800
2024-12-20,505.325646172185,519.5615705210031,504.18717464555,513.4632568359375,60530000
2024-12-23,515.1737776692636,518.8426243845064,511.7826015422581,518.4658203125,29672800
2024-12-24,520.4093600682405,525.5853628210008,519.7747362800005,525.4961547851562,17558200
2024-12-26,523.8700339423604,526.7654222014613,521.8769542377406,525.1392211914062,19090500
2024-12-27,521.5794612768352,522.0157576059705,513.4980839943499,518.1585083007812,33839600
2024-12-30,511.16786480024393,514.9854120108043,507.51883847188975,511.2669982910156,34584000
2024-12-31,512.5461437160499,513.2996913516206,505.96205831939585,506.92388916015625,29117000
2025-01-02,509.96797639070587,512.2882929151225,501.4503346376186,505.9322814941406,36389800
2025-01-03,509.02598666204625,515.2729696624741,508.2129468477879,514.2119750976562,29059500
2025-01-06,519.6061862635828,523.4733001568532,517.6329577649649,520.1217651367188,36109700
2025-01-07,521.1629255137043,521.55951995804,508.9566163889167,510.840576171875,36690300
2025-01-08,510.7414685655233,512.5659362482073,506.2694468708079,510.92987060546875,30777800
2025-01-10,507.1718120115306,507.2709455025522,499.67549235438327,502.9179382324219,40532500
2025-01-13,496.9783445511999,501.7577221166377,495.4909792306283,501.3016052246094,31694200
2025-01-14,504.4548282030205,505.86288073178616,497.36505933888617,500.8256530761719,33737200
2025-01-15,508.7087081711547,513.4880554025902,507.1518949698399,512.3477783203125,34957600
2025-01-16,514.6085374019178,514.6878804962978,508.62936043069755,508.7582702636719,28229000
2025-01-17,518.4460951094918,519.6558507184745,508.7881432318861,517.345458984375,51837900
2025-01-21,520.0622047483625,521.5396445653219,515.6794520355678,520.3795166015625,23628000
2025-01-22,525.1092977017171,529.3234988165208,524.8019113353613,527.032958984375,33593000
2025-01-23,524.5838510983231,528.2725488461796,523.9988545859802,528.153564453125,23096600
2025-01-24,528.5303445310877,529.2938175983337,523.7013698156251,525.1688842773438,19878300
2025-01-27,506.6958611682604,513.6269749086995,505.85301464258697,509.87884521484375,60771700
2025-01-28,510.8801552964011,518.5946516307994,507.46915904122443,517.4146728515625,33194200
2025-01-29,518.0593295144222,518.1882393631972,512.5461639397026,516.4430541992188,26649000
2025-01-30,519.2987617572692,521.6685845598946,513.8450887897236,518.644287109375,27431300
2025-01-31,522.4816304249352,527.0429200168186,516.7999147285958,517.890625,38755200
2025-02-03,509.1450396352067,516.4628831177033,506.74544011623027,513.7459716796875,40580800
2025-02-04,514.2614715754441,520.6868697596324,513.8648166540067,520.05224609375,26046800
2025-02-05,517.4246918873662,522.5709786844357,516.2347874418311,522.4122924804688,21134100
2025-02-06,522.9180981147773,525.3474741752395,521.311748013963,525.1392211914062,19434500
2025-02-07,525.6746594987869,527.6181117377854,517.7916100317253,518.5154418945312,29605500
2025-02-10,522.7791839475389,525.8927501755105,522.3131718191833,524.7921142578125,20852800
2025-02-11,521.5298547931517,525.4564609351453,521.4009449429291,523.542724609375,19325500
2025-02-12,517.9006358758927,524.7326156787228,517.5536081471272,523.85009765625,25009400
2025-02-13,525.5159896768048,531.7034208335266,524.7326655887981,531.3861694335938,28714800
2025-02-14,531.4951373995543,534.3013169383792,531.1579746283853,533.6171264648438,17862600
2025-02-18,535.1837964310452,535.4515415685663,531.5248751428178,534.8268432617188,20565000
2025-02-19,534.033636710405,536.2547595259927,531.941423747602,534.9756469726562,19666900
2025-02-20,534.1921993214312,534.5590779295543,527.9750533668508,532.704833984375,26550800
2025-02-21,533.8451877388933,533.8650386440563,521.2819250917354,521.6488037109375,47093800
2025-02-24,523.43356770894,524.6135465255763,515.1539256107324,515.4910278320312,39268400
2025-02-25,514.8663644643224,514.9457075598423,505.1489232393447,508.9962463378906,48940000
2025-02-26,511.18772176022816,515.2828791060776,507.06272753310327,510.2258605957031,34457600
2025-02-27,513.7657626731335,514.6978474137826,495.8380347249948,496.0561828613281,52448000
2025-02-28,495.9173616592852,504.4944958236682,492.7443034634261,503.8896484375,47654000
2025-03-03,507.21140006395274,508.7185860435132,489.42250823002445,492.86328125,44587200
2025-03-04,490.01746003030263,499.496932673849,483.63170244056306,491.37591552734375,67875400
2025-03-05,492.0204653432156,499.38787437969364,487.1220730815822,497.7815246582031,46323700
2025-03-06,489.5316385267994,494.3804341923218,482.10473667776205,484.087890625,57574300
2025-03-07,483.05663785377993,489.1250840373066,476.48247773478363,487.64764404296875,54714700
2025-03-10,479.37787475309847,479.893483858435,464.7124436127046,468.7481689453125,76668000
2025-03-11,468.37139880938366,474.7769777127711,463.0763812967414,467.6277160644531,68760800
2025-03-12,475.1240157545967,477.0080059105102,467.8160984630709,472.90289306640625,46971100
2025-03-13,472.2385498807062,472.26829598051376,462.50125640331623,464.3951721191406,46563300
2025-03-14,469.73976785512326,476.5122252306436,469.13489016928395,475.61981201171875,43563000
2025-03-17,475.57019603909805,481.7477311959652,473.7754442197844,478.7035827636719,41744400
2025-03-18,475.3718823465614,475.57017956903064,468.43084408910516,470.54290771484375,39072300
2025-03-19,472.7937659202289,481.2419899759292,470.8701043676958,476.83941650390625,40430300
2025-03-20,472.863217084476,480.46859528600214,472.16910112065705,475.2231750488281,36780500
2025-03-21,470.0867861064201,477.5533593130606,468.92665802336944,476.78985595703125,42234900
2025-03-24,484.35298007010044,488.09681947520227,481.0361776506327,487.2527160644531,34567200
2025-03-25,487.9776314748478,490.19212618360643,487.01436628000033,490.0332336425781,26035200
2025-03-26,488.8812800947295,489.7353237051958,479.4671320107272,481.01629638671875,34627100
2025-03-27,479.0599435323448,483.2009683085837,476.91493985384614,478.2754211425781,33469800
2025-03-28,476.4780118758711,477.183072876446,464.7996681538199,465.6835021972656,46363800
2025-03-31,458.71230632770016,466.59714077409984,454.15415395548746,465.6636962890625,53000300
2025-04-01,464.0548946612918,470.3409539177989,461.1949198365586,469.41741943359375,41156200
2025-04-02,462.88309780084677,476.2297682498692,462.6248936323242,472.84344482421875,49894500
2025-04-03,453.27028599766453,456.8750825593256,447.0140480399336,447.5304260253906,70456300
2025-04-04,435.0974044364688,437.31189907621473,419.7348327636719,419.7348327636719,117088400
2025-04-07,405.82214624882306,440.06271771596437,399.5956979160209,420.7477722167969,161557000
2025-04-08,435.11721827062183,440.0626457610763,406.94423749974084,413.1706848144531,101248100
2025-04-09,412.68415590169013,464.58122509175337,412.5451135598803,462.7639465332031,142876900
2025-04-10,450.41032921157523,452.4262310181804,429.62568122180926,443.0815734863281,108384100
2025-04-11,441.5621838377255,452.62483820333756,438.26523184275806,451.2444763183594,52483800
2025-04-14,461.234671455086,461.82057071890455,449.4868351067215,454.30316162109375,43941200
2025-04-15,455.3557385766258,459.16906857179987,452.9823210663376,454.8095397949219,35404200
2025-04-16,445.91178503143493,449.4768512400112,434.72005857210513,441.095458984375,48980600
2025-04-17,444.06470985775826,444.6406688022329,438.2950286304019,441.0160217285156,44837000
2025-04-21,435.1867650335119,436.0308380461499,424.9582742045425,430.102294921875,44149300
2025-04-22,435.7727032817461,444.47185048082304,434.5810243366183,441.3934020996094,52304400
2025-04-23,454.9883280627237,460.1621395996958,449.7350551012641,451.40338134765625,55801100
2025-04-24,453.31001360101396,464.4123675046758,452.6645032415505,464.1045227050781,45956100
2025-04-25,463.72717367554924,469.80466908463916,462.1581591656519,469.2783508300781,38697100
2025-04-28,469.7450841476505,471.51272188420273,462.79369502324164,469.12939453125,33550800
2025-04-29,466.90498894089706,473.1115867619832,466.3289996919343,472.2277526855469,30613100
2025-04-30,463.88610169130095,473.8861795985349,459.218727902781,472.1681823730469,46810600
2025-05-01,480.05301909884207,483.7968278621536,477.40154726890813,478.33502197265625,43316500
2025-05-02,483.161318602008,487.5009670708342,481.4631715706509,485.4353942871094,39218100
2025-05-05,481.2347608308799,485.63398996616957,480.7382330195203,482.5555114746094,28309500
2025-05-06,476.22976603156343,481.6816318630385,474.86928463727685,478.0669250488281,32786300
2025-05-07,478.7322575080464,482.42642576212086,473.4690746513304,479.94378662109375,38006300
2025-05-08,485.1374630563836,489.27851834530566,480.8077550799946,484.8991394042969,39577600
2025-05-09,486.8057947898926,488.1265757568078,482.82366229776994,484.58135986328125,27767400
2025-05-12,503.46925962959483,504.36303393308185,497.99754376533065,504.32330322265625,45090600
2025-05-13,505.6241514677276,513.797009295527,504.88930008179943,512.009521484375,53269600
2025-05-14,513.1814152753577,515.6242935146439,512.168479062204,515.078125,47014500
2025-05-15,512.9330816972009,518.3054856544411,511.5924203127881,515.6441040039062,50153300
2025-05-16,517.0443550561729,518.0771717773351,513.5090791820398,517.8884887695312,48394600
2025-05-19,510.66900779532483,518.901479215336,510.66900779532483,518.3850708007812,52536200
2025-05-20,515.8626114492022,517.3124945802101,513.0721273779477,516.6571044921875,42517600
2025-05-21,512.6849061770896,519.3681519102574,507.6898067125152,509.477294921875,71292800
2025-05-22,510.092998432858,514.1149227768763,508.74245713691766,510.4306640625,55607200
2025-05-23,502.6649263027872,508.28562519419927,502.0690868224265,505.70367431640625,58368100
2025-05-27,512.5657247963487,518.0871120746342,511.0165603257883,517.6004638671875,47226300
2025-05-28,518.553707324964,520.0432905566033,514.7900488464219,515.306396484375,46637200
2025-05-29,522.674977132733,522.8238991077211,513.7275363725571,516.3193969726562,58513300
2025-05-30,515.8328523034309,517.0642316666292,508.3749943409687,515.505126953125,67662800
2025-06-02,513.6481468413016,519.815044873786,512.3869466421769,519.5767211914062,44762800
2025-06-03,519.9242261070126,525.0682472235115,519.0602725197831,523.6382446289062,44070300
2025-06-04,524.343351463968,526.1606603717119,522.3174790385125,525.0980834960938,41359300
2025-06-05,526.498337472302,529.3484028814598,519.0305381670505,521.145751953125,61031200
2025-06-06,526.3195126954442,528.1070008049783,524.5419648405629,526.2400512695312,42467000
2025-06-09,526.4586006656857,528.653215127025,525.3364427962305,527.0147094726562,33688700
2025-06-10,527.4813770687284,531.1855160304679,525.2172415997484,530.5003051757812,40664800
2025-06-11,531.9004992319709,533.0524778080637,526.4287525238075,528.7127685546875,53701000
2025-06-12,527.401940897683,530.9272762598631,527.153676990328,529.9540405273438,34104900
2025-06-13,524.0156301980296,528.1765360507057,522.0791594397207,523.3006591796875,55814400
2025-06-16,526.8160526043126,531.6522290488724,526.7664119412208,530.5797119140625,37622100
2025-06-17,528.0176249155262,529.6263701691488,524.2439650748757,525.4058837890625,42180900
2025-06-18,526.4187444442433,528.8517427639903,523.7375428380969,525.3164672851562,43983500
2025-06-20,528.5637935274957,529.8547537100831,521.235038209529,523.1715087890625,61643500
2025-06-23,523.7391506726165,529.0678919430073,520.5975974398857,528.5509643554688,50666100
2025-06-24,533.7603767394817,537.5481650699894,533.1439956962556,536.633544921875,45442000
2025-06-25,538.9002712385268,540.1429848534073,536.235900529748,538.0054931640625,44804200
2025-06-26,540.1827450564219,543.4833997920184,538.3634559621551,543.0360107421875,43811400
2025-06-27,544.0699627850514,546.7840298565204,541.365786451658,544.8951416015625,57577100
2025-06-30,548.0466486880396,549.5776499977443,545.8097642093843,548.4244384765625,45548700
2025-07-01,546.5255934838585,547.4999223063551,541.4851393331254,543.8015747070312,56166700
2025-07-02,542.9763271064149,547.7881407403361,542.9365821168159,547.5892944335938,36538300
2025-07-03,549.9554644038756,553.9520509353719,549.9554644038756,552.9777221679688,26443500
2025-07-07,550.2934385668003,551.1086659012632,546.3764032023357,548.8121337890625,45349300
2025-07-08,550.1542771813712,550.7806096795933,547.8875384869722,549.120361328125,36153300
2025-07-09,551.2479272732573,554.3795902552899,549.8759664124987,553.0076293945312,43045500
2025-07-10,553.6438277114144,554.0514110672418,549.5279457662349,552.2122192382812,34710900
2025-07-11,550.0748262812045,552.5503024710364,548.8321124767199,550.9696044921875,39618600
2025-07-14,550.7606826646222,553.7034501353354,548.4144540933169,552.9677734375,36453300
2025-07-15,556.9843062940589,557.5310882116617,553.4152056824207,553.474853515625,43277700
2025-07-16,554.0316131674816,556.9445267538166,548.3449238107365,554.04150390625,52314700
2025-07-17,554.7673336412346,559.0323054850909,553.9620575398243,558.5252685546875,40423800
2025-07-18,559.8375467448564,561.4381474291321,556.7158353640372,557.9884033203125,50484700
2025-07-21,558.8135768015356,562.7604063527048,558.78372254689,560.8814086914062,39595200
2025-07-22,561.0106025330075,561.0602989399885,555.3537679288595,557.9783935546875,43270600
2025-07-23,559.0620964230482,560.5632435269945,556.3181750017922,560.5234985351562,40215300
2025-07-24,561.8358483971182,562.939363617183,560.0065471027547,561.716552734375,42275500
2025-07-25,561.6369949015883,564.3908678867722,560.9808687648707,563.068603515625,30630800
2025-07-28,564.4305544544877,565.7229644368575,563.565630660474,564.8282470703125,31498700
2025-07-29,567.4329671345109,568.775073517546,563.2276438335854,563.953369140625,45463300
2025-07-30,564.8680860753321,567.2938658051066,561.7563259106803,564.7090454101562,43433800
2025-07-31,571.190970580284,571.2804726670317,560.5831832589339,561.716552734375,64613600
2025-08-01,555.5725251375388,555.7614200303079,548.464179134219,550.6513671875,69400800
2025-08-04,555.7912167839488,561.0305167243922,555.691823967975,560.811767578125,47669800
2025-08-05,562.0943621447843,563.2575252367493,556.467320245349,557.0042114257812,48666600
2025-08-06,557.8392381791041,564.4504991615455,557.3620555482147,564.0130615234375,41823700
2025-08-07,568.3377031830273,569.9781095603403,561.8159440268826,565.921875,44463000
2025-08-08,567.1247903648876,571.4196158459907,566.8265512369031,571.2008666992188,35255500
2025-08-11,571.340043234482,573.4377291466511,568.2382350638638,569.5107421875,33112900
2025-08-12,571.8073129373929,576.9670623788118,569.1528936023716,576.6688232421875,42143300
2025-08-13,579.3630298518572,579.9197631156701,575.5652898210926,576.9571533203125,41209300
2025-08-14,574.9092868041537,578.4882784548599,574.541387675975,576.5098876953125,45425000
2025-08-15,576.4202920588297,576.4600977307613,572.214968449767,573.9746704101562,49480200
2025-08-18,573.0798941458493,574.402158474889,571.8868768922468,573.7459716796875,29831000
2025-08-19,573.030210843046,573.1992029150304,564.9376447129671,565.961669921875,53752600
2025-08-20,565.0172075838456,565.1365032465736,555.5825347335871,562.6013793945312,76781100
2025-08-21,561.060352587378,563.1878929880804,557.7100013329036,559.9966430664062,46436900
2025-08-22,561.3784895430127,570.6441700157645,559.9866866300696,568.6359252929688,51502100
2025-08-25,567.0750950943409,569.9482028256268,565.8422722305733,566.9955444335938,34044700
2025-08-26,566.5083923524479,569.5803462979931,565.4843672510174,569.2721557617188,34103000
2025-08-27,568.2582063082527,571.0617150204744,567.0452861825311,570.1470947265625,36927100
2025-08-28,570.7634065394311,574.6307456710974,569.1230610606233,573.7161254882812,46787900
2025-08-29,571.3103130455914,571.6782121617994,565.2259910297296,567.0751953125,56030400
2025-09-02,558.0380628796443,562.6708725533646,556.2783609773549,562.3229370117188,65876800
2025-09-03,565.9118790267905,568.3675126902098,563.4264517898029,566.7470092773438,54230200
2025-09-04,567.413074576967,572.2447304586526,565.7130812182487,571.8768920898438,47526300
2025-09-05,577.1062572168585,577.7325897394942,568.1985247693755,572.7020874023438,68342500
2025-09-08,574.9987030511924,577.454337088223,574.4022246953148,575.4957885742188,46371400
2025-09-09,576.2910294118851,577.5536458740363,573.6763550869094,577.1261596679688,44007600
2025-09-10,580.3373212188227,580.3671754724255,575.1775717338585,577.3150634765625,49308000
2025-09-11,579.8401628048535,581.4706174661846,578.2296109767534,580.67529296875,44745800
2025-09-12,581.6297433459904,584.4333126708588,580.6952202377008,583.2402954101562,50745900
2025-09-15,585.0099141290013,588.3403622999832,584.8607642254873,588.2310180664062,44360300
2025-09-16,589.1556048651221,589.4041475911258,587.047967402961,587.7339477539062,36942100
2025-09-17,587.6544769572251,588.3007124044127,580.9637252812921,586.5609130859375,69384800
2025-09-18,591.4422094482347,594.6534228585294,589.5036246514226,591.849853515625,61069300
2025-09-19,593.8480783940277,596.552193923343,592.3766643048443,595.8562622070312,58196100
2025-09-22,594.9446246402422,600.0506387588739,594.9246987314865,599.3837890625,57154800
2025-09-23,599.5530088196715,599.7520856686153,594.1882006017188,595.4025268554688,64635500
2025-09-24,596.7760840009503,597.0945948124443,590.5851402114129,593.3123168945312,49850300
2025-09-25,589.430536349082,592.3368637002909,585.7478275771575,590.7543334960938,70920200
2025-09-26,591.5705031390479,593.5113961310994,588.2959106650876,593.1829223632812,54337400
2025-09-29,596.3082204485978,599.2344738358131,594.6161584254272,595.9299926757812,48332900
2025-09-30,595.6313870294545,597.9007535872587,593.3122664505869,597.5623168945312,46533800
2025-10-01,594.3772498069465,600.9662857667149,593.5511751358089,600.4288330078125,46899600
2025-10-02,604.2210750829389,604.3205831319952,600.110384211482,602.8972778320312,43765400
2025-10-03,603.6736359963404,604.4898085161411,598.5775847871106,600.3591918945312,46482100
2025-10-06,605.6045105234541,606.5102280511511,603.136067280922,604.8679809570312,41962100
2025-10-07,606.171963330501,606.8587390048573,600.2099850305162,601.6830444335938,58209500
2025-10-08,602.5787369049325,608.8891142425712,602.429474838809,608.58056640625,50629800
2025-10-09,608.6203758923933,608.7497728034492,604.639082013069,607.8440551757812,45551000
2025-10-10,608.5408348591906,610.3124791653014,586.2953173560331,586.7432250976562,97614800
2025-10-13,596.8755206148027,600.1302475257781,594.436966170024,599.1946411132812,65872600
2025-10-14,592.5260076334632,599.8714996417642,587.370239391138,595.2034301757812,69203200
2025-10-15,601.1853544608703,603.8627770947517,593.1431236043112,599.4036865234375,62805500
2025-10-16,602.2801945778114,605.4652419598709,592.7151502263018,597.1841430664062,70982000
2025-10-17,595.1536978121658,602.6783410274755,593.5810696753152,601.105712890625,72024900
2025-10-20,604.3006671752644,609.9341709221964,604.2309872468923,608.6800537109375,45761700
2025-10-21,608.7796678481768,609.8545734667066,606.4705100847576,608.5208740234375,44538200
2025-10-22,607.9634772307389,608.550684046599,596.9352763909752,602.6583862304688,61478800
2025-10-23,602.0811421396116,608.5109541450662,601.6930121247511,607.7246704101562,42844300
2025-10-24,613.1093168162636,615.5279456461734,612.2533531809327,614.214111328125,47632500
2025-10-27,621.5994587704798,625.6105809315065,621.1117599698571,625.1527709960938,54098600
2025-10-28,627.4120574784298,631.7118619498357,626.307263060354,629.9600830078125,61195700
2025-10-29,632.6176630324746,634.0310053320909,627.3026090399652,632.7968139648438,67422800
2025-10-30,629.2136282645249,630.5374255047892,623.012782414942,623.1222534179688,61628600
2025-10-31,631.2041764187513,631.2340652783839,623.7591773827837,626.1280517578125,66305100
2025-11-03,632.1398217101251,632.8465231847631,626.9044109747781,629.1240234375,37154300
2025-11-04,620.3652477253576,624.0180678867468,615.5677812621689,616.3540649414062,63830800
2025-11-05,615.5975961289528,623.6696547974706,614.3236136919261,620.365234375,48688500
2025-11-06,618.8821782546098,619.1310091300359,607.4459209399873,608.8095092773438,72115100
2025-11-07,605.4652444694041,607.0975896125627,595.8703112129559,606.8885498046875,81835400
2025-11-10,616.0255879416002,621.3903960500816,614.0051128778478,620.3154296875,55919900
2025-11-11,617.667884551536,619.807793532697,614.6321601598369,618.6632080078125,44868800
2025-11-12,621.9179631936865,621.9378283538965,614.9208098206749,618.175537109375,47444400
2025-11-13,614.6520816599241,615.2293863274043,603.2457126852763,605.5548706054688,71333600
2025-11-14,596.7461150857952,610.4815654591662,594.3772406022317,606.0125732421875,80087300
2025-11-17,603.4645824934285,609.6156739910193,597.0646601387357,600.8369140625,63850400
2025-11-18,596.8158193326508,599.4932417404225,588.5745730726753,593.5213012695312,83327300
2025-11-19,594.2777428924679,603.3251984745596,591.8093603287699,597.0646362304688,73111500
2025-11-20,608.7597480209467,611.1585116514054,582.0154107078263,582.9310913085938,117743200
2025-11-21,584.7226085504005,594.1881438029353,578.0241015093158,587.3104858398438,103344200
2025-11-24,592.4962155436305,603.8428672485702,592.3767208312,602.3299560546875,60168100
2025-11-25,600.6876357091488,607.4060686687138,594.5265814243886,606.04248046875,57560900
2025-11-26,609.6455599216604,613.3083428306168,607.5354791235628,611.3973388671875,42393600
2025-11-28,613.2287346345189,616.4237448749676,612.541959003384,616.3540649414062,23034400
2025-12-01,610.7603293223117,616.5431560974239,609.6555348802722,614.2837524414062,40957600
2025-12-02,616.5630868277917,620.8330025626916,614.7018368343952,619.0911865234375,54541800
2025-12-03,616.7223400403288,621.3008038243313,615.1398097007426,620.6041259765625,47841600
2025-12-04,622.0075396158547,622.0175025713241,616.6427310944827,620.02685546875,47067800
2025-12-05,621.4600391480985,625.9787855854289,620.7931894695083,622.5548706054688,53614200
2025-12-08,624.2768250026879,625.8992070395384,618.7826202766802,621.3605346679688,43462400
2025-12-09,620.0964541810868,622.9430645849563,618.0958443851024,622.1268920898438,37156000
2025-12-10,620.9325009204754,626.2674807044035,618.0858904749533,624.6749267578125,55031400
2025-12-11,620.9027009347221,622.8535568265262,614.8311912534539,622.6544799804688,58272800
2025-12-12,619.1708244083038,620.6239577552077,608.5009255098857,610.7503662109375,75158700
2025-12-15,615.4781529916935,615.5279070139317,606.4704879765786,607.6847534179688,49538200
2025-12-16,605.4154301227284,610.6408780514341,604.0717070626577,608.8890991210938,55152800
2025-12-17,610.1929151412877,610.7801826328608,597.4727146387488,597.60205078125,70654300
2025-12-18,606.9482502454197,610.0636176198245,604.0817137427742,606.261474609375,78875800
2025-12-19,609.0882420087144,614.7317093738202,609.0085991169561,614.1643676757812,60369800
2025-12-22,619.2409664706046,619.5399968618768,615.6731616354366,617.1082763671875,43703100
2025-12-23,616.1017112134413,620.2973826571792,615.6831538137028,619.9984130859375,41120400
2025-12-24,619.8788381544654,622.1611043897402,619.6097351207538,621.812255859375,18468700
2025-12-26,622.5398061068336,623.3969333982391,621.025006522853,621.7724609375,28959800
2025-12-29,617.9952283512266,620.6661854070132,616.6298832800768,618.7626342773438,32458300
2025-12-30,617.7361570843227,620.0681805596082,617.1182055353263,617.3275146484375,31226800
2025-12-31,617.5468163565164,617.8557617254266,611.9657873069227,612.2249145507812,40746500
2026-01-02,617.9553870831127,620.7358953542944,608.0790504146867,611.0389404296875,61859200
2026-01-05,617.2178977361207,618.7028306128764,614.6266862165028,615.8923950195312,46828400
2026-01-06,617.1282350736393,621.9020161336854,616.4405745883714,621.3040161132812,43137500
2026-01-07,620.9253234207138,625.8087167042466,620.4469720495259,621.9020385742188,44880300
2026-01-08,620.9153830886294,621.3040131478426,615.7030930363629,618.364013671875,50435900
2026-01-09,619.3008056143428,625.7588527928842,616.9588062315833,624.5230712890625,49688700
2026-01-12,620.1977700429699,626.7155502563702,620.1479519171962,625.041259765625,37388700
2026-01-13,625.140974146081,627.3334583647393,621.5830839442848,624.1144409179688,44481400
2026-01-14,620.1280157301809,621.3339307094008,612.4740900847709,617.4471435546875,72598700
2026-01-15,624.4732033837762,627.8616876163956,618.6430834728214,619.6696166992188,53934900
2026-01-16,623.3769663073682,623.9550147388202,616.7794403711221,619.1513671875,61058100
2026-01-20,608.4578028817349,612.9723957819789,604.9895731374214,605.9961547851562,81988900
2026-01-21,607.4012887411642,618.3141340756262,605.7967680520393,614.188232421875,79837900
2026-01-22,620.2375842668598,620.347257132182,615.6831493704997,618.6530151367188,42254800
2026-01-23,617.6265424291936,623.2773415638685,616.5502518751565,620.6063842773438,43645800
2026-01-26,621.0947340762326,625.4797631810548,620.0084069696974,623.3370971679688,35983000
2026-01-27,626.7753573897714,629.8947385616864,625.210739736326,628.9878540039062,38997200
2026-01-28,633.3031267391333,634.4392110916745,629.6654913345894,631.0706787109375,50691700
2026-01-29,630.5026813963867,631.5191779456372,616.1714851785354,627.2935791015625,79944000
2026-01-30,623.5862091740412,626.1275416849769,617.1979322175918,619.7592163085938,65650700
2026-02-02,616.600081229079,626.3568310719594,616.560178063243,624.0148315429688,49020300
2026-02-03,626.1674139293162,627.8417043791845,608.8863033670389,614.4274291992188,81234000
2026-02-04,612.9324630859023,613.0121477465343,598.4318013464032,603.6939086914062,81850700
2026-02-05,598.1728002779972,602.7571627123452,592.7412864010469,595.0036010742188,89354500
2026-02-06,598.1528367578925,609.3347246219274,596.7376735555687,607.5807495117188,78019300
2026-02-09,605.4779073318616,614.3676754732974,603.0163200345862,612.2349243164062,56797600
2026-02-10,613.2215243611824,614.9257422105983,608.9361315029465,609.39453125,53938900
2026-02-11,614.287912259566,615.4240575153926,605.6274050805947,611.0289916992188,58575100
2026-02-12,612.6235691721736,613.719811213741,597.5349428610552,598.601318359375,81378900
2026-02-13,598.3920201980992,604.4214731930686,594.3956211608477,599.876953125,69237500
2026-02-17,596.3489614066287,601.900062806609,591.3260902585407,599.259033203125,69013800
2026-02-18,600.0663841818466,607.7004196981827,598.6810873351905,603.73388671875,64250700
2026-02-19,600.7638978416991,603.7636908223434,598.7108924704256,601.421630859375,60960800
2026-02-20,598.0830240719503,608.2782811950732,597.1960303761281,606.7435302734375,74127300
2026-02-23,604.551014539048,605.9462869551629,597.0166773136035,599.36865234375,63859100
2026-02-24,600.3553581675079,606.9229563249177,597.6943768857255,605.8067626953125,55023700
2026-02-25,608.995909128246,614.7363682274654,608.9261394233886,614.5868530273438,55710700
2026-02-26,613.500602585001,613.500602585001,601.9299628027486,607.172119140625,96178900
2026-02-27,600.9333908786662,606.2552930140329,600.1460941357092,605.228759765625,68125200
2026-03-02,596.8273488972434,607.8498068726756,595.9603066969873,606.0260620117188,75264600
2026-03-03,594.3059059086514,601.9100124168169,589.8610225003547,599.5380859375,97015500
2026-03-04,602.1092824866074,610.7997159588376,601.381779779037,608.6769409179688,70943900
2026-03-05,605.338437930278,610.6802308667765,600.2158690906975,606.84326171875,89602400
2026-03-06,598.272452308765,603.9431419992706,596.2991922008539,597.71435546875,86302300
2026-03-09,592.2130380432229,607.2020280273126,589.3229177543049,605.6971435546875,93068200
2026-03-10,605.7171291112322,611.2083762165881,603.3650930899329,605.7071533203125,64078900
2026-03-11,606.8830522484864,610.3512206142045,602.9763749423223,605.6273193359375,60114800
2026-03-12,600.7141199697804,602.0894408359657,595.0234789704778,595.2327880859375,71836600
2026-03-13,597.6943836062096,601.5512432287993,590.5587127632866,591.7047729492188,63145500
2026-03-16,598.0033513683248,601.8103930085241,597.0765152286837,598.3422241210938,49077200
2026-03-17,601.0928621051149,603.8435039613423,599.827153220896,601.2622680664062,47106600
2026-03-18,599.4484580276425,601.1127728070715,592.5419866131784,592.880859375,56128000
2026-03-19,587.5091059918601,593.7777346942335,585.0873611514585,591.0072021484375,75597600
2026-03-20,589.0538644721536,589.1634765193921,576.5763394854986,580.0844116210938,91964700
2026-03-23,589.2577971122703,593.8080477851386,584.707546439402,586.7431640625,89936100
2026-03-24,583.5599323333884,586.6732582803922,580.6860836277402,582.731689453125,57750900
2026-03-25,587.8807233962021,590.105937264777,584.4380856164452,586.5635375976562,60475500
2026-03-26,581.354642361522,583.3803323809582,572.2042606955537,572.5634765625,81492100
2026-03-27,569.5898913289244,569.7994643796657,560.3696515714074,561.3775024414062,82702200
2026-03-30,566.167193726255,566.835744504963,554.4123449976639,557.086669921875,70602600
2026-03-31,563.0837667324405,577.4031290957437,563.0039815896954,575.9462280273438,95878000
2026-04-01,580.2370672268827,586.4836962239632,579.179335412676,583.06103515625,79435100
2026-04-02,572.7430779653056,584.7972733467034,570.6974721352691,583.7295532226562,50941700
2026-04-06,584.9768981262092,589.3475406308395,583.4402118432972,587.2420654296875,35108500
2026-04-07,584.3882026562935,587.7210292628183,577.1636879809167,587.3319091796875,49948200
2026-04-08,607.4088894425788,608.5963482247196,600.8329489303708,604.7944946289062,63086000
2026-04-09,604.6348380470022,609.1950771369181,601.7410732406024,608.8857421875,37837500
2026-04-10,610.5322286073159,612.3582731602751,608.2770495763316,609.7638549804688,34038500
2026-04-13,608.1771864154443,625.4003020437667,606.8101197315917,616.0703125,32972100
2026-04-14,618.8941947521593,627.2562866210938,618.7744561353234,627.2562866210938,49921100
2026-04-15,627.7353139030603,636.4666101570109,626.8571900931449,636.0375366210938,50102400
2026-04-16,637.8436965859062,640.8073189117684,633.9021276162631,639.1009521484375,42320600
2026-04-17,644.2100323367088,648.6105788505391,642.6932619551269,647.4630126953125,53488900
2026-04-20,646.6547376870972,647.3732302965532,641.1465785698142,645.4074096679688,37138500
2026-04-21,647.0239324977517,648.8101451741646,640.8372343366078,642.9526977539062,39580500
2026-04-22,648.7603575560191,653.929278227069,647.1338367363905,653.709716796875,37368400
2026-04-23,652.1529787029532,655.5157702184271,644.1401750634725,650.0275268554688,40099800
2026-04-24,657.1024209404745,663.0895957247212,655.1266727511743,662.4609375,45563100
2026-04-27,661.9819986507146,663.0097653425256,659.2777693835679,662.8101806640625,32717000
2026-04-28,656.004754848671,658.2300296236717,652.4124742350715,656.1444702148438,34147900
2026-04-29,657.2221656812865,660.3055266172468,655.1865481613837,660.1558837890625,31724900
2026-04-30,663.9277163428184,667.4701765484971,656.1543902560467,666.3126220703125,40622200
2026-05-01,667.7295996684235,674.5250404091096,667.3703838092385,672.708984375,39172600
2026-05-04,673.2178749724156,675.2834576176889,667.4702382389029,671.4417114257812,34542000
2026-05-05,676.5108537091375,681.3105696942113,676.06180342226,680.1530151367188,37101100
2026-05-06,686.309864653291,694.4424070727396,685.012594745374,694.2827758789062,38778500
2026-05-07,695.0910378327916,699.741050020677,690.2913219165297,693.4545288085938,43779100
2026-05-08,698.4238945105413,709.709716796875,698.0048093195176,709.709716796875,44320400
2026-05-11,708.8415292269354,713.0625286499792,707.394616546851,711.7652587890625,36019100
2026-05-12,706.7060961344681,708.6619284096558,695.1508931250245,705.7282104492188,45873000
2026-05-13,708.4424652516221,715.1181676509774,703.3234258783424,713.1823120117188,40012500
2026-05-14,713.0924719031191,720.4866668965204,712.6933025541022,718.2514038085938,33327500
2026-05-15,708.622108433035,713.6014326902291,704.0418926432,707.4146728515625,51792700
2026-05-18,710.0190294838146,710.5479258193494,697.3561524904881,704.3711547851562,49834500
2026-05-19,698.3141623863071,704.9798766607653,693.7639117658215,700.030517578125,46827500
2026-05-20,703.7824257923921,711.6256713867188,702.2856320315602,711.6256713867188,36779200
2026-05-21,707.4745066970102,715.5871334944783,705.2592812358496,712.9827270507812,36415400
2026-05-22,716.5351219372583,720.5764528207093,714.4196583413607,716.0062255859375,33118600
2026-05-26,724.4082818705217,729.6071065125336,722.6120806481434,728.7190551757812,34254700
2026-05-27,731.3933152026018,731.7525310831555,723.8893697615578,727.8908081054688,35148700
2026-05-28,728.1701402291201,735.0254503325125,724.8572296134905,734.027587890625,32840000
2026-05-29,736.2628454135092,740.0447221142881,733.6783549102875,736.7318115234375,37541700
2026-06-01,735.464576190909,744.0562188501588,734.416832716765,741.1524047851562,33890600
2026-06-02,740.8130908722517,744.8444331554832,737.6498231242726,744.5650024414062,30085200
2026-06-03,745.7126120403002,747.0497745697194,739.4260905589007,742.6192626953125,40270200
2026-06-04,733.9078771104591,741.9107536874841,731.0540050355258,739.0269165039062,40782600
2026-06-05,728.4994794722375,730.1260001864761,702.8145089902632,703.5529174804688,99606600
2026-06-08,716.2756385838147,721.4845122126053,711.5457803433952,714.5393676757812,47401500
2026-06-09,721.4345342962913,724.1087982042852,684.9028066603832,706.3169555664062,91932200
2026-06-10,700.1601489508766,709.7596418767092,691.448829138881,692.2072143554688,65334300
2026-06-11,697.7951930812733,716.8344251989125,693.5143852047621,715.5870971679688,71798900
2026-06-12,716.0760275085878,722.4623712773896,709.7596023215499,719.798095703125,51168400
2026-06-15,736.5222551108849,743.1680531807805,735.8038233761346,742.40966796875,46710200
2026-06-16,740.6633959693683,742.629155741597,728.0803652201432,728.2998657226562,45348700
2026-06-17,733.6184641620571,734.1074069958862,719.3090904725119,720.965576171875,51669300
2026-06-18,735.6242535433294,740.2343734608266,730.9442759416646,739.0369262695312,50154600
2026-06-22,741.2475942735041,744.6740164081855,733.6255320449774,737.1818237304688,43518600
2026-06-23,714.994955841975,722.8567588543334,711.368729535907,712.9071655273438,53354200
2026-06-24,714.6253657788768,719.1806168314835,703.7167494897757,709.8803100585938,52480400
2026-06-25,725.144386854217,726.073411438839,704.5657941797848,715.63427734375,49668000
2026-06-26,706.3939573549355,714.8151753001493,702.0784467013282,705.7846069335938,47081800
2026-06-29,713.2467701925264,723.8257734758017,704.4359439581019,723.3262939453125,44939100
2026-06-30,723.4261723402657,736.8521846863197,723.156433880318,735.6334838867188,42121800
2026-07-01,728.4309348946762,731.1580735258118,723.8456861360175,724.4151000976562,40803800
2026-07-02,724.8247456386157,730.0692808035519,706.823483523477,711.8582153320312,50959800
2026-07-06,719.1806205090421,725.3242433880005,717.7021805458717,722.067626953125,30220400
2026-07-07,713.42658457407,715.6043080380856,704.1662754218111,708.6915283203125,42483100
2026-07-08,704.2162281021572,711.5186166673155,700.1803943256999,710.699462890625,35603200
2026-07-09,717.5823009494849,723.476123003734,714.3856196637845,722.5271606445312,33654700
2026-07-10,719.9498309758326,725.633910657471,716.2536701350646,724.7548217773438,26415900
2026-07-13,716.9728399125403,717.9917976257694,709.3408393238593,710.9990844726562,36552400
2026-07-14,719.4702735364855,721.5381261320255,713.5964502872879,718.9408569335938,29448100
2026-07-15,723.0964840498398,723.6059629208669,709.4906666647634,716.9928588867188,32627600
2026-07-16,711.2688277809667,712.8571384924941,701.8785885225277,705.2051391601562,39402000
2026-07-17,690.9300392487022,701.5689163623388,686.0451149463661,694.606201171875,54109300
2026-07-20,701.4290751693121,705.0653008245885,694.7860339234736,695.33544921875,29687600
2026-07-21,705.8345294031318,709.3108875148979,702.0684341343024,708.2319946289062,33728300
2026-07-22,702.8875430569569,708.9112952334938,702.8875430569569,704.61572265625,23692200
2026-07-23,693.9468861753709,697.9327231441935,687.0740428357205,691.23974609375,44028600
2026-07-24,689.6913211134731,691.9090420069233,681.7695828163428,683.5177612304688,42876700
2026-07-27,690.9600196558405,691.5793694171385,675.246412599162,681.4099731445312,42681500
2026-07-28,675.5260852047327,678.69282941625,667.1848012007116,674.786865234375,51398700
2026-07-29,674.8068223593629,679.3420743940087,660.4517860132496,661.0411376953125,57233300
2026-07-30,674.0576119251697,684.4068129515903,672.5991097762519,682.8384399414062,66753700
2026-07-31,691.3895713800811,695.0457958477069,679.3421270152298,687.2738647460938,50540500
2026-08-03,687.5835404062232,700.8597459456591,685.1061413344767,699.34130859375,44965100
2026-08-04,707.4228263749409,724.9046100552433,706.7935382563429,723.0964965820312,59778600
2026-08-05,725.4940407971483,727.7816351687756,716.1737353937511,716.5533447265625,33540200
2026-08-06,710.0800975972087,718.5712497417534,707.7625052246912,713.9061279296875,33035900
2026-08-07,719.4003977892652,722.8767558377907,715.7641721456221,722.2774047851562,31070400
2026-08-10,721.6380662225321,723.9156612253314,719.5802129514979,720.11962890625,26243200
2026-08-11,722.5370761410037,722.5970112457043,714.7552070178748,717.7021484375,29286100
2026-08-12,726.32320296041,726.4930089361641,722.1674989405016,722.9467163085938,29066000
2026-08-13,724.3952036143359,733.1960306989878,723.276374318815,731.3079833984375,31599700
2026-08-14,732.6465510961883,733.6255724540374,727.561883529615,730.3090209960938,23790600
2026-08-17,732.1870404067878,733.8153485193716,728.5108784569633,729.1102294921875,26452600
2026-08-18,719.4603242061223,721.3783085230132,715.1747508308598,716.7631225585938,48997200
2026-08-19,719.6401056796244,720.7489355626859,711.8681752092583,715.3345947265625,35801700
2026-08-20,711.3487680341726,714.1957769031727,707.782476952734,710.18994140625,33396400
2026-08-21,714.485502546953,714.9250469928722,708.46181083734,712.6973876953125,33399400
2026-08-24,708.9212669826352,709.0511365395006,701.9685508753718,705.5847778320312,37443100
2026-08-25,710.4796431110551,713.2967150154067,706.713608864013,709.9801635742188,23869600
2026-08-26,707.6725757719001,712.2778234739277,707.2330313373777,710.6295166015625,20392400
2026-08-27,716.1837333189847,720.5991154262211,713.7862680851495,720.359375,28723500
2026-08-28,718.9908173393685,723.3762624487671,714.3456940785237,715.6842651367188,34105400
2026-08-31,714.425544259608,716.8330697733344,712.4176267643429,716.013916015625,32237200
2026-09-01,706.6536415906066,711.5585035915489,703.9264419829226,706.9033813476562,35236100
2026-09-02,706.3639219777956,709.0611236151823,704.3660038718234,708.501708984375,23476200
2026-09-03,710.1100046716628,718.1716113897015,708.9512390201578,716.9229125976562,29449800
2026-09-04,718.601156571467,721.1085535017505,715.8140828169636,718.2116088867188,32871100
2026-09-08,720.1595771602128,721.1385985378392,714.8251697161986,717.6122436523438,28341400
2026-09-09,715.6543252365607,718.9508780796424,713.276797695489,715.5643920898438,26763400
2026-09-10,706.8135035284996,711.3188188537567,706.1242193062288,707.9523315429688,31414400
2026-09-11,714.9350193188371,716.8830016980755,712.8871654213293,714.1358642578125,26649100
2026-09-14,702.597886401324,712.2078675940699,702.0084737337293,708.4417724609375,35219000
2026-09-15,708.062154852668,708.7914364120502,702.9075530374577,703.8065795898438,26631700
2026-09-16,707.2630040952242,711.138970068843,699.2713317325664,703.9863891601562,35688000
2026-09-17,715.2047450412119,717.2925353145212,712.577477858311,716.1737060546875,37270300
2026-09-18,718.08176775015,720.9787124798182,714.3356712251818,720.6990356445312,48478700
2026-09-21,727.8900146484375,743.219970703125,727.8099975585938,741.469970703125,46730600
2026-09-22,740.97998046875,748.3499755859375,740.9299926757812,747.4600219726562,40128800
2026-09-23,746.969970703125,747.1300048828125,738.1900024414062,741.2100219726562,33191800
2026-09-24,735.2899780273438,742.6599731445312,734.6199951171875,741.0999755859375,29000900
2026-09-25,742.8300170898438,745.9199829101562,739.6400146484375,744.5,30283800
2026-09-28,740.4600219726562,741.4199829101562,731.6300048828125,736.530029296875,41775000
2026-09-29,740.1500244140625,740.5800170898438,735.3400268554688,737.9299926757812,27052300
2026-09-30,740.1900024414062,745.0999755859375,739.4600219726562,739.77001953125,29820400
2026-10-01,,,,,35370061
