Date,Open,High,Low,Close,Volume
2016-09-30,184.16405729589397,185.4194312662014,183.91640442469367,184.7191619873047,117202900
2016-10-03,184.30928307819204,184.49715006712572,183.6431547153356,184.27511596679688,83512100
2016-10-04,184.38620897267634,184.60824315662376,182.74653884344818,183.33578491210938,119948100
2016-10-05,183.95919938914597,184.57407727721062,183.89087817592335,184.14707946777344,72816000
2016-10-06,183.92497474513854,184.49715006712572,183.3869665345465,184.27511596679688,62927400
2016-10-07,184.54843466186713,184.71923115743763,182.9173001126535,183.6431884765625,89788300
2016-10-10,184.59959411621094,185.06074576201408,184.45441650492234,184.59959411621094,51855000
2016-10-11,184.1726534010862,184.24097459765528,181.54234597238792,182.2682342529297,130367400
2016-10-12,182.4048969321865,183.0283230336126,181.90957797517578,182.50738525390625,73866100
2016-10-13,181.1836272693632,182.40483416743294,180.37233442431088,181.90951538085938,101357000
2016-10-14,182.88310847634645,183.3442732865908,181.92663780463312,182.0034942626953,93346200
2016-10-17,181.97792689409408,182.2341281910063,181.1922524729187,181.37159729003906,58275700
2016-10-18,182.9600018294452,183.01977473875587,182.13162514645416,182.50738525390625,76869700
2016-10-19,182.77209126293718,183.30156421817043,182.4134147741403,182.99412536621094,66519200
2016-10-20,182.64396330422522,183.2076033070078,181.99493159343336,182.6525115966797,73639800
2016-10-21,182.6524928222523,182.82328925164873,181.6960093619541,182.73788452148438,89089100
2016-10-24,183.60901570123647,183.88230049108293,183.16493443320397,183.51507568359375,60146600
2016-10-25,183.33574051636367,183.59194176253314,182.73794629592604,182.90020751953125,66542300
2016-10-26,182.08037296255412,183.11370014460235,181.84124225159334,182.53298950195312,75705500
2016-10-27,183.25037101223376,183.284525101428,181.96937765696865,182.04623413085938,77220200
2016-10-28,182.0205811693207,182.69523180962065,180.79937398784872,181.5081787109375,140623200
2016-10-31,181.8412330215534,182.0632801638312,181.35446242297428,181.5167236328125,61272500
2016-11-01,181.84125364128977,181.8925043167362,178.99746012352333,180.2015838623047,122781800
2016-11-02,179.89413032457617,180.27843868899564,178.68145838977213,179.11700439453125,103330800
2016-11-03,179.3305204686143,179.54401934448634,178.0239083907524,178.29718017578125,88939300
2016-11-04,178.4082232378139,179.24513527393486,177.95560661402837,178.1007843017578,109122100
2016-11-07,178.10078754795668,182.06332666771556,178.10078754795668,182.02915954589844,109794900
2016-11-08,181.6363268312624,183.4126392486698,181.3715902793639,182.8489990234375,106772100
2016-11-09,181.36299160674898,185.40239906795784,181.33737278825802,184.7875213623047,258429000
2016-11-10,185.5731490364689,186.4356794483918,183.79683755754772,185.24862670898438,172113300
2016-11-11,184.53134571272258,185.06081874280605,183.88231383613845,184.8217010498047,100552700
2016-11-14,185.34260267593842,185.5475662432321,184.22387089519597,184.9668426513672,94580000
2016-11-15,185.35115151146815,186.4101104736328,185.1462009601001,186.4101104736328,91652600
2016-11-16,185.7952305613378,186.29054943951428,185.67567173080798,186.05996704101562,65617700
2016-11-17,186.21369124955535,187.07622187385005,186.10266768262042,187.01644897460938,69797200
2016-11-18,187.08477556849542,187.25557203960201,186.4186471785894,186.59799194335938,86265800
2016-11-21,187.17018343464147,188.03271415824327,187.0250057701305,188.00709533691406,72402600
2016-11-22,188.31454267353945,188.55366037063234,187.64842722721824,188.37432861328125,67429000
2016-11-23,187.86192883033078,188.52804428632663,187.66551351149542,188.476806640625,56620200
2016-11-25,188.81834079758076,189.21117128573667,188.7414713273482,189.17701721191406,37872300
2016-11-28,188.8696335841565,189.1429053473451,188.18643462978068,188.28890991210938,76572500
2016-11-29,188.32302454762765,189.10869856539156,188.0241210162149,188.6560821533203,69886700
2016-11-30,189.27100069730977,189.43326190485206,188.14372053813292,188.20350646972656,113291800
2016-12-01,188.50235854620826,188.50235854620826,187.1530445543357,187.51173400878906,79040500
2016-12-02,187.59713185303718,188.09245065343015,187.2469906789939,187.6056671142578,74840300
2016-12-05,188.4341133122366,189.0746099761544,188.23769798396447,188.73301696777344,67837800
2016-12-06,188.92086588064257,189.36494714306397,188.4426305353899,189.33078002929688,59877400
2016-12-07,189.17706563752486,191.86714594909836,189.05750680214237,191.807373046875,110738100
2016-12-08,191.78176320127528,192.74676919239806,191.51701366752818,192.27706909179688,99714400
2016-12-09,192.49907433795983,193.4555448575416,192.46490723029848,193.43846130371094,88005800
2016-12-12,193.3445858183569,193.822834268661,192.79802919180437,193.21649169921875,102016100
2016-12-13,193.87401799993626,195.0012850276725,193.85693444515616,194.50596618652344,110477500
2016-12-14,194.20707871517268,194.9073481010056,192.46492096624655,192.9004669189453,142501800
2016-12-15,193.1395646839671,194.54865160357252,192.90898232280023,193.6946563720703,124972600
2016-12-16,194.14910068653683,194.20923899620848,192.9980052029393,193.3158416748047,156420200
2016-12-19,193.4962588463833,194.15771476654723,193.3502255069753,193.73678588867188,90341100
2016-12-20,194.26935840000766,194.63016203178975,194.03743006095544,194.48411560058594,89838800
2016-12-21,194.35526227483624,194.52706540999546,193.94293212890625,193.94293212890625,67909000
2016-12-22,193.7969128096895,193.91717632376344,193.21276637865904,193.60792541503906,56219100
2016-12-23,193.65089354617749,193.90001928669471,193.4619192327482,193.8914337158203,36697800
2016-12-27,194.15774030631945,194.7676435624427,194.14055605596963,194.37249755859375,42672500
2016-12-28,194.63017163266682,194.64734277198784,192.65440266833653,192.7660675048828,64095000
2016-12-29,192.83480937821537,193.1870143832582,192.28503139062656,192.72314453125,48696100
2016-12-30,193.04960058020293,193.13550873090074,191.331542428195,192.01876831054688,108998300
2017-01-03,193.3158698803758,193.9945100938081,192.31940625644611,193.48768615722656,91366500
2017-01-04,193.8140595547748,194.7847662225985,193.80547398618583,194.63873291015625,78744400
2017-01-05,194.37245076954795,194.63874760102672,193.69381067538663,194.48411560058594,78379000
2017-01-06,194.59583090323432,195.6438472919025,194.05463845938746,195.1799774169922,71559900
2017-01-09,194.92226597987312,195.05971376040324,194.50133706740283,194.53570556640625,46939700
2017-01-10,194.55287670816617,195.38613585448502,194.14913204519758,194.53570556640625,63771900
2017-01-11,194.44979359470986,195.08547973632812,193.78833763321774,195.08547973632812,74650000
2017-01-12,194.57007063243853,194.7848278847922,193.2471717253465,194.59584045410156,72113200
2017-01-13,194.76766116322605,195.34320907840325,194.7333057671642,195.0425567626953,62717900
2017-01-17,194.40682528050235,194.81056990593012,193.96872526700736,194.35528564453125,61240800
2017-01-18,194.6044187040439,194.82777462704385,194.0546406830118,194.78482055664062,54793300
2017-01-19,194.86212305028965,194.9995708275679,193.63371794868652,194.063232421875,66608800
2017-01-20,194.74190712817366,195.2659154378709,194.11481951419,194.77627563476562,129168600
2017-01-23,194.77624626741516,194.83637148326866,193.513472549322,194.2694091796875,75061600
2017-01-24,194.48416931476334,195.92734491726142,194.37250445288487,195.5150146484375,95555300
2017-01-25,196.45992651817147,197.20729064941406,196.29670891355826,197.20729064941406,84437700
2017-01-26,197.06130015684155,197.3276102286993,196.7262792813869,197.0011749267578,59970700
2017-01-27,197.07840913926478,197.22444247968724,196.5114469180428,196.6918487548828,59711100
2017-01-30,196.00460906777474,196.0303788843842,194.49272302648026,195.47201538085938,79737300
2017-01-31,194.9824263810287,195.51503334976985,194.41547712256977,195.45489501953125,75880800
2017-02-01,195.4548408148971,196.36540933417217,194.94801691948786,195.5321502685547,79117700
2017-02-02,195.53217904363206,195.94452240596848,194.84496632188961,195.66104125976562,69657600
2017-02-03,196.56306462707917,197.19015226267408,196.25381359581746,197.00975036621094,80563200
2017-02-06,196.6059615783239,197.00112068280168,196.32248043749593,196.65750122070312,57790100
2017-02-07,197.04405146992943,197.28457851110494,196.47708925526968,196.66607666015625,57931200
2017-02-08,196.666071066777,197.05263143569059,196.12487868565375,196.9237823486328,51566200
2017-02-09,196.92377652459453,198.39270850457046,196.92377652459453,198.09205627441406,65955200
2017-02-10,198.43570971957402,199.09716575547398,198.10927448746233,198.87380981445312,66015900
2017-02-13,199.36344467204233,200.21388807002674,199.3376748515951,199.9561767578125,55182100
2017-02-14,199.7757734250125,200.7636645965486,199.4321670831036,200.75506591796875,71109000
2017-02-15,200.54032684800453,201.99208802343378,200.48878720282244,201.8031005859375,86785800
2017-02-16,201.82884434590395,202.0092461884885,200.88392038818566,201.6312713623047,84722400
2017-02-17,200.96980427872967,201.9490966796875,200.95262003092606,201.9490966796875,77204100
2017-02-21,202.31851997056626,203.3235823585384,202.30992129134683,203.1517791748047,88946100
2017-02-22,202.74803168672034,203.19471733671713,202.58481407671505,202.97137451171875,62115200
2017-02-23,203.486800553536,203.50397169653866,202.35287594370925,203.10882568359375,74615900
2017-02-24,202.26697529423788,203.40947233612843,202.2240212224374,203.3665313720703,82381600
2017-02-27,203.28061203070507,203.85615985944892,203.03149940037244,203.68435668945312,56515400
2017-02-28,203.30635514938498,203.54688217733758,202.74799164329642,203.13455200195312,96961900
2017-03-01,204.78390138887448,206.44183400167162,204.76671714050212,205.9779510498047,149158200
2017-03-02,205.78897348901947,205.79757216748763,204.62929226933713,204.6808319091797,70246000
2017-03-03,204.59490464746935,204.97287944797426,204.2169298469644,204.80966186523438,81974300
2017-03-06,204.0193357371922,204.55192938758756,203.59840691520102,204.19973754882812,55391500
2017-03-07,203.89907938791222,204.25128434677137,203.38365685749693,203.58982849121094,65103700
2017-03-08,203.8819097590685,204.13962104275308,203.07442052046898,203.2118682861328,78168800
2017-03-09,203.3321262127252,203.7960091321492,202.50746585690035,203.46957397460938,90683900
2017-03-10,204.42309844281942,204.46605250727922,203.2376344239782,204.1825714111328,81991700
2017-03-13,204.12245744905488,204.3286291184119,203.79603535725005,204.28567504882812,57256800
2017-03-14,203.7444943594069,203.79604711052556,202.89406402821444,203.50396728515625,59880800
2017-03-15,204.07090396321794,205.68588249425696,203.83896248939536,205.26495361328125,96081800
2017-03-16,205.402413749063,205.47972320907772,204.53479922416713,204.86122131347656,78344000
2017-03-17,205.1227034566375,205.3125131102837,204.5015106201172,204.5015106201172,89002100
2017-03-20,204.50142929473685,204.786143661982,203.88887279092606,204.27711486816406,52537000
2017-03-21,204.88106201136898,205.00184873594333,201.52490248773285,201.65431213378906,131809300
2017-03-22,201.68885445924116,202.41357489403939,201.06766175376634,202.1288604736328,97569200
2017-03-23,202.12886904531643,203.04339913250152,201.54219433458178,201.91317749023438,100410300
2017-03-24,202.21512154769727,202.78453716514386,200.98999527263658,201.7664794921875,112504900
2017-03-27,200.10126512629984,201.8181738029067,199.82518691673266,201.55934143066406,87454500
2017-03-28,201.25746505154598,203.4488852969795,201.14530123845407,203.02613830566406,93483900
2017-03-29,202.74141628747404,203.44887766371772,202.51708866970682,203.21592712402344,61950400
2017-03-30,203.1555147869635,204.0614217364768,202.98296421676207,203.86297607421875,56737900
2017-03-31,203.52650607361866,204.05279389108298,203.33669648930265,203.3884735107422,73733100
2017-04-03,203.4402453756266,203.63867788894436,201.80961800237137,203.0347442626953,85546500
2017-04-04,202.7500909287249,203.25049698823622,202.37047163083562,203.16421508789062,56466200
2017-04-05,203.8371165982791,204.81204651620817,202.3531578345219,202.5602264404297,108800600
2017-04-06,202.69825565164584,203.647290397291,202.25823654556245,203.129638671875,69135800
2017-04-07,202.8794512234158,203.61280770350876,202.4394452342199,202.92259216308594,74412300
2017-04-10,203.06062448619653,203.8371086898843,202.51707764475574,203.04336547851562,67615300
2017-04-11,202.66375784908317,202.90533131132202,201.31784479810486,202.8018035888672,88045300
2017-04-12,202.52574729916523,202.71555692081887,201.68886301226544,201.91317749023438,81864400
2017-04-13,201.57667553274217,202.3100319998575,200.60174560546875,200.60174560546875,92880400
2017-04-17,201.11938415921915,202.3790283203125,200.9209516639989,202.3790283203125,68405400
2017-04-18,201.64567581176254,202.3100093351554,201.09350608400823,201.77508544921875,83225800
2017-04-19,202.3359486943594,202.7069318702114,201.17983189094747,201.40415954589844,68699900
2017-04-20,202.0166717401344,203.48338460340221,201.69745250424853,203.04336547851562,92572200
2017-04-21,202.9657147675082,203.01747862452962,201.99942099706792,202.3962860107422,110389800
2017-04-24,204.63086108102416,204.82930676634282,202.37041806974946,204.6222381591797,119209900
2017-04-25,205.26068118771292,206.15795211813352,205.17439931383385,205.81285095214844,76698300
2017-04-26,205.77837649513734,206.6584017688753,205.64034389838443,205.6834716796875,84702500
2017-04-27,206.0026103905357,206.1579019279928,205.32101798121855,205.85594177246094,57410300
2017-04-28,206.1147793456623,206.1406612708753,205.2778953244058,205.40731811523438,63532800
2017-05-01,205.92501831054688,206.3477784632554,205.51089424478687,205.92501831054688,66882500
2017-05-02,206.06304180758352,206.18382852892205,205.59715392949636,206.00265502929688,57375700
2017-05-03,206.00265092996418,206.09755572089628,205.07948494864596,205.75244140625,73137700
2017-05-04,206.05437270783608,206.13201847598867,205.14846591843565,205.9939727783203,61462700
2017-05-05,206.36506291839916,206.822327980985,205.92504370230344,206.80506896972656,62001300
2017-05-08,206.84821465294502,206.99488334007998,206.34780863313645,206.77056884765625,48385700
2017-05-09,207.0293304725549,207.22776296193527,206.23557418550524,206.5806884765625,51363200
2017-05-10,206.53756665101363,206.95169067382812,206.3304980572237,206.95169067382812,54293800
2017-05-11,206.50309450770234,206.6929041242144,205.4505186942327,206.5289764404297,62358300
2017-05-12,206.27874268775477,206.57208000078649,205.91638250728633,206.183837890625,53912700
2017-05-15,206.6065954407282,207.44347959641047,206.58933643289276,207.32269287109375,61918900
2017-05-16,207.61603570807566,207.64191763813506,206.74464667828815,207.1328887939453,51241800
2017-05-17,207.13291412029378,207.13291412029378,203.3971348360046,203.45753479003906,172174100
2017-05-18,203.37983083234334,205.12262188422358,203.12099839259645,204.27711486816406,107047700
2017-05-19,204.76026688843976,206.270107466075,204.70850303214038,205.60577392578125,115011400
2017-05-22,206.114780138584,206.8136316163142,206.04577044759293,206.6497039794922,61010600
2017-05-23,207.0207585145912,207.2709680987088,206.64113925921842,207.10704040527344,48341700
2017-05-24,207.33998303359678,207.6937071763966,207.00349157169038,207.59017944335938,46927700
2017-05-25,208.09918949569263,208.8584279085556,207.89213404837835,208.58233642578125,64071700
2017-05-26,208.39253325515998,208.70312960048525,208.31488746002037,208.53921508789062,46629900
2017-05-30,208.21997122970018,208.6082133488608,208.0646796479424,208.35801696777344,35201900
2017-05-31,208.65132977757364,208.68584779042027,207.616013193174,208.3062286376953,91796000
2017-06-01,208.76344828737183,209.9799512634217,208.47873398458813,209.9626922607422,68962000
2017-06-02,210.0145464449187,210.81692585514858,209.72120909699268,210.66162109375,88666100
2017-06-05,210.48904287204337,210.77375725994833,210.3078562016436,210.5063018798828,44698800
2017-06-06,209.9454941438962,210.49766390691767,209.75568455366084,209.83334350585938,50375400
2017-06-07,210.1697785107593,210.44585675308898,209.50544508161033,210.22154235839844,54144300
2017-06-08,210.3164655805347,210.79961242055987,209.79880072921395,210.32508850097656,65950700
2017-06-09,210.5925491930658,211.38629233108014,208.74623048480618,210.00587463378906,132256400
2017-06-12,209.7642598065942,210.0144561040189,209.11718543611173,209.9626922607422,86108100
2017-06-13,210.49764272539258,211.04118951225954,210.1525415950174,210.9894256591797,60067000
2017-06-14,211.2568650066931,211.26548792663178,209.90231618481425,210.72195434570312,78602300
2017-06-15,209.37607273992884,210.43728453124618,209.0999944310873,210.31649780273438,66464900
2017-06-16,210.47515280085526,210.52716909236761,209.48680357522417,210.36244201660156,84553100
2017-06-19,211.18607102170412,212.17442027941766,211.09070340784731,212.11373901367188,65123800
2017-06-20,211.75824877873487,211.76691375013706,210.66586707867998,210.68319702148438,56906400
2017-06-21,211.07332940863367,211.18602694405865,210.16300478071963,210.63116455078125,55977600
2017-06-22,210.63990397819194,211.1340720330679,210.36246608642756,210.53585815429688,44148100
2017-06-23,210.59657247795712,211.11674873053062,210.21510195535575,210.7873077392578,66986800
2017-06-26,211.45480339089076,211.8709601407042,210.71788395073696,210.9259490966797,56700500
2017-06-27,210.70921698887196,211.00399800962012,209.20935665635997,209.22669982910156,82247700
2017-06-28,210.24107197299102,211.29878069236827,210.00698542585917,211.09938049316406,70042600
2017-06-29,211.2467402358337,211.29875652280958,208.03894132566631,209.24403381347656,106949700
2017-06-30,210.05032934873213,210.4231348165138,209.44345057102782,209.63418579101562,86820700
2017-07-03,210.57054049202802,211.00402726792302,209.9896697998047,209.9896697998047,39153800
2017-07-05,210.3537371815229,210.68317804165946,209.54744512898048,210.47511291503906,54427600
2017-07-06,209.712202034356,209.8335777851548,208.36839057474916,208.5504608154297,65400800
2017-07-07,209.12269844712193,210.05035327822975,208.55915769515238,209.90296936035156,57972300
2017-07-10,209.90293335006723,210.50114712110005,209.59948736422132,210.1283416748047,36663300
2017-07-11,210.12830836103237,210.28437042954266,208.81051850830823,209.97225952148438,50354600
2017-07-12,210.93462720334514,211.71489795821162,210.93462720334514,211.5501708984375,59610400
2017-07-13,211.5589012768821,212.0183962259148,211.33347967466187,211.9056854248047,39471600
2017-07-14,211.9056631814736,213.24947476430907,211.81029556646038,212.89401245117188,60262700
2017-07-17,212.8159799239652,213.1974503695233,212.6946041666481,212.8679962158203,33531900
2017-07-18,212.46049305671633,213.03269865888714,212.12237396979063,212.98068237304688,42742500
2017-07-19,213.2928541087354,214.14248455386652,213.28417590597937,214.13381958007812,51034300
2017-07-20,214.3851901038616,214.50656585569095,213.68294373763698,214.22914123535156,47135200
2017-07-21,213.65690547994603,214.06438399557825,213.43148395191625,214.0383758544922,82340800
2017-07-24,213.96038304344285,214.12511012415288,213.518231323352,213.9864044189453,46622300
2017-07-25,214.73198488014728,214.83603069330022,214.2811681960246,214.50657653808594,54915600
2017-07-26,214.7927119530535,214.82738507672005,214.25519254793403,214.51527404785156,47575400
2017-07-27,214.9747346806394,215.0094077966364,212.99802311573262,214.31582641601562,70766600
2017-07-28,213.83901628145244,214.19447860436682,213.3881995698679,214.06443786621094,50088400
2017-07-31,214.46319976981857,214.5585673703291,213.73494530899112,213.94302368164062,65838700
2017-08-01,214.5412213154105,214.57589442709948,213.8996563029796,214.4198455810547,55050400
2017-08-02,214.5499186673937,214.66262944807906,213.59624258997522,214.52391052246094,47211200
2017-08-03,214.4112361634744,214.43724431282513,213.83036544636238,214.10780334472656,40856000
2017-08-04,214.5933229535472,214.82739631571883,214.1164847971395,214.49795532226562,60191800
2017-08-07,214.56725709319855,214.89669799804688,214.46321128680444,214.89669799804688,31995000
2017-08-08,214.58458698349708,215.7983577120531,213.9950514062568,214.3678436279297,61719400
2017-08-09,213.6829840630195,214.411238711429,213.3275217123789,214.35922241210938,62632600
2017-08-10,213.52689215926216,213.6569461183922,211.28143402531697,211.3334503173828,120479500
2017-08-11,211.55886418157053,212.2351024117232,211.32477764683614,211.6455535888672,74869900
2017-08-14,212.92001492033617,213.96038045612352,212.88534180169498,213.74363708496094,73291900
2017-08-15,214.1250841424076,214.14242731431625,213.41417284172098,213.7176055908203,55242700
2017-08-16,214.23776167356147,214.63657519179344,213.6655561500399,214.0903778076172,56715500
2017-08-17,213.48358403036036,213.7956950555248,210.7526092529297,210.7526092529297,128490400
2017-08-18,210.58787060091672,211.7062738918112,209.98099175998811,210.42315673828125,136748000
2017-08-21,210.36245175744227,210.84795480599274,209.66020533157703,210.58786010742188,65469700
2017-08-22,211.16871153000784,212.94599636753395,211.15136835837896,212.78994750976562,63140100
2017-08-23,211.82766886076746,212.45189093343745,211.68028493096588,212.02706909179688,50203800
2017-08-24,212.40853654151258,212.56458544294475,211.3248195183416,211.53289794921875,50741700
2017-08-25,212.32183695140003,212.93739405018798,211.87968516199533,212.02706909179688,64445900
2017-08-28,212.55591229772836,212.5819204469672,211.61957923822874,212.03573608398438,40565600
2017-08-29,210.72653744061483,212.53850854228116,210.6138266733943,212.27842712402344,51135700
2017-08-30,212.26108121768948,213.55287623722938,212.07901099829218,213.2841033935547,62030800
2017-08-31,213.89968749141116,214.81001224629438,213.31881687594364,214.5672607421875,103803900
2017-09-01,214.94007174878718,215.29553406405793,214.72332837054392,214.87071228027344,62007000
2017-09-05,214.36780362126316,214.59322513552098,212.36509750621255,213.3274383544922,91398800
2017-09-06,214.00372406587485,214.38519450201161,213.4748697301334,214.0557403564453,57916900
2017-09-07,214.35916297193032,214.37650614321683,213.6222303253352,214.0297088623047,58034700
2017-09-08,213.743603452773,214.2377846111686,213.53553831573353,213.77828979492188,63832800
2017-09-11,215.04405548210252,216.13645032681,215.02672554063565,216.0584259033203,71364800
2017-09-12,216.42260062008793,216.82140102478192,216.24053036301225,216.78672790527344,56896000
2017-09-13,216.50055073702964,216.92537237172294,216.3878399866299,216.89068603515625,59228000
2017-09-14,216.56994890171208,217.0207787549535,216.39655687476187,216.8213653564453,95446300
2017-09-15,216.6776584527241,217.200416143231,216.57310957354642,217.11329650878906,95432400
2017-09-18,217.47923233742642,217.92357837152673,217.19170962314323,217.5750732421875,46235200
2017-09-19,217.81898389418555,217.87997959109146,217.47047883780115,217.7928466796875,47108100
2017-09-20,217.88002864292014,217.98457752444963,216.87805311466042,217.87130737304688,59574100
2017-09-21,217.71446667763573,217.80158630708547,217.11328406757664,217.28753662109375,48211400
2017-09-22,216.99128810055586,217.49662977041757,216.96515088440927,217.33108520507812,51214000
2017-09-25,217.0784463419542,217.42696477693914,216.1461877794346,216.8867645263672,57064400
2017-09-26,217.3136714631001,217.55762769427997,216.78219253918303,217.01744079589844,54082000
2017-09-27,217.714464012296,218.24594293551814,216.83446669168862,217.86257934570312,81001400
2017-09-28,217.58376221603876,218.20237405540473,217.49664258862123,218.12396240234375,44778800
2017-09-29,218.11525085510596,218.9691109863301,217.93229032314218,218.89068603515625,85578000
2017-10-02,219.11726272151625,219.84042358398438,218.94299684073252,219.84042358398438,59023000
2017-10-03,219.84032317719215,220.33694348567005,219.76189824881013,220.31080627441406,66810200
2017-10-04,220.16276478522528,220.81622187491448,220.0494946354012,220.572265625,55953600
2017-10-05,220.903327417392,221.89658159856938,220.60709674633964,221.87916564941406,63522800
2017-10-06,221.43481355743776,221.91401806716368,221.1734413654219,221.62649536132812,80646000
2017-10-09,221.85300313361688,221.91398553794212,220.9991431161343,221.26052856445312,35803100
2017-10-10,221.82689862545803,222.21897020843707,221.2866984073851,221.8443145751953,43057400
2017-10-11,221.74845078840696,222.19281005859375,221.58291951527698,222.19281005859375,47674300
2017-10-12,221.87910831641776,222.22761333411862,221.62643087816252,221.86167907714844,47065100
2017-10-13,222.29741106165116,222.41068122291057,221.86177295787786,222.13186645507812,54800400
2017-10-16,222.35836442550584,222.61973660229094,222.01856730106783,222.4280548095703,38221700
2017-10-17,222.37577361386636,222.62845110323354,222.15795461008904,222.5848846435547,31561000
2017-10-18,222.9595118893441,223.00307834608037,222.61100682468611,222.8026885986328,40888300
2017-10-19,222.02726047930824,222.89853646284217,221.60905172970456,222.86367797851562,61903800
2017-10-20,223.65653319123524,224.03989671270338,222.84623969456575,224.01373291015625,89176400
2017-10-23,224.33614170272267,224.36227891771452,223.06405966850102,223.14247131347656,63915300
2017-10-24,223.5694349022459,223.76981137229262,223.1773500525499,223.53457641601562,66935900
2017-10-25,223.2034899548066,223.3167600944917,221.30411456554228,222.4280548095703,103715300
2017-10-26,223.03798790743738,223.308068093975,222.59362855942692,222.71560668945312,69798000
2017-10-27,223.45618618499736,224.69340996704878,222.72431743940916,224.53656005859375,85562500
2017-10-30,223.45620852200625,224.44075488424275,223.40393407704144,223.70016479492188,54285700
2017-10-31,224.07479749967354,224.30133781089364,223.75242957323775,224.0486602783203,60304800
2017-11-01,224.82406638614185,225.16385019959108,223.97892760294408,224.3448486328125,54202700
2017-11-02,224.27515302350042,224.57138366575603,223.2121952651795,224.43197631835938,56449500
2017-11-03,224.58880179335614,225.2248428365465,224.17930101553856,225.18128967285156,59589700
2017-11-06,225.05059788255923,225.6605017662704,224.98090749633522,225.52981567382812,49652600
2017-11-07,225.63437329364842,225.96546246682587,224.86764606928728,225.3730010986328,57502200
2017-11-08,225.19875997468876,225.85221712322954,224.91994520989388,225.75636291503906,50469600
2017-11-09,224.55393812822638,225.1289833895001,223.36026785891667,224.9373016357422,95085500
2017-11-10,224.55399863077685,225.04191111921565,224.24032540864536,224.86764526367188,59984700
2017-11-13,224.18804442702557,225.30327673794346,224.15318593908685,225.0767364501953,50228600
2017-11-14,224.27520135839887,224.65856499905252,223.49975280686448,224.55401611328125,61315200
2017-11-15,223.5868312249895,224.10960211561886,222.7242765384519,223.4300079345703,80811500
2017-11-16,224.3710281577118,225.69538494396602,224.32747498521172,225.32943725585938,67777000
2017-11-17,224.980924822167,225.30329273809534,224.5888399254102,224.66725158691406,75756800
2017-11-20,224.91121737192094,225.24227994341484,224.6672345467641,225.05059814453125,48075500
2017-11-21,225.81729412101691,226.70601260626515,225.0157351377626,226.5230255126953,69176800
2017-11-22,226.53176008503942,226.66244616724182,226.1571177863148,226.32266235351562,45033400
2017-11-24,226.81061182413293,226.95001919765812,226.67120445060775,226.84544372558594,27856500
2017-11-27,226.88898577377117,227.18521642230988,226.53175942397152,226.73216247558594,52274900
2017-11-28,227.19396878868554,229.0584858527543,227.09811458940757,229.0323486328125,98971700
2017-11-29,229.16302253191307,229.69451476141595,228.44859636179388,228.89292907714844,77512100
2017-11-30,229.80781638359073,231.80301971444402,229.72940471719923,230.89691162109375,127894400
2017-12-01,230.67906235051507,231.1582535565381,227.19395804711638,230.41766357421875,164390900
2017-12-04,232.02947823873978,232.45639491279027,230.08652344782726,230.13882446289062,94040600
2017-12-05,229.31112670898438,231.018820180373,229.18044063016967,229.31112670898438,77994500
2017-12-06,229.40699551025148,229.78166445579606,228.8929457817571,229.35472106933594,75898600
2017-12-07,230.07792663574216,230.39157332415633,229.09338021504036,230.0779266357422,77218600
2017-12-08,231.02753710934363,231.34118369260776,230.04299101871084,231.33248901367188,76563900
2017-12-11,232.02955627441406,232.09055198814374,231.30640874768952,232.02955627441406,83077500
2017-12-12,232.81365291935185,232.9095071059197,232.06436832088255,232.4390106201172,85195800
2017-12-13,232.68298102303947,233.11861905035576,232.32575464993192,232.4128875732422,102905400
2017-12-14,232.7091141556158,232.82238429500705,231.41092136555983,231.46319580078125,100666700
2017-12-15,232.46236927530703,233.8547757505301,232.40982765172419,233.39064025878906,144610300
2017-12-18,234.78307295431878,235.22093768316861,234.67798969541755,234.8706512451172,83653600
2017-12-19,235.1159232699165,235.15969906556285,233.89864613920773,233.96871948242188,82382900
2017-12-20,234.93191947720823,234.98446110385905,233.54827876683544,233.8460235595703,76751500
2017-12-21,234.4678329547584,235.0370785709979,234.0825097953715,234.3277130126953,67032300
2017-12-22,234.3451851170684,234.38022177496129,233.7321638670708,234.26637268066406,78720900
2017-12-26,233.86353007310808,234.20507737373754,233.72343688454004,233.98614501953125,45244400
2017-12-27,234.15256299541727,234.45907367200337,233.8285473495083,234.1000213623047,57751000
2017-12-28,234.59918147383397,234.62545228903213,234.21385836749923,234.58164978027344,45116100
2017-12-29,235.15965417474374,235.17715914463068,233.50453922807466,233.69717407226562,96007400
2018-01-02,234.55537477120606,235.40483341428163,234.17005167176094,235.3697967529297,86655700
2018-01-03,235.53622131969905,237.00746733124353,235.53622131969905,236.85858154296875,90070400
2018-01-04,237.49789269519266,238.338585679426,236.91990791692345,237.85691833496094,80636400
2018-01-05,238.6450537759201,239.56455905769892,238.15464739561895,239.4419708251953,83524000
2018-01-08,239.34559769302356,240.0374313948858,239.05661875308317,239.8798065185547,57319200
2018-01-09,240.30017556615664,241.0445510051159,240.0199357049953,240.42279052734375,57254000
2018-01-10,239.6696542810785,240.317712314285,239.00411800325506,240.0549774169922,69574300
2018-01-11,240.60669703743412,241.8064422607422,240.44030628272688,241.8064422607422,62361500
2018-01-12,242.06920275998172,243.54916128836368,241.77143115943943,243.38279724121094,90816100
2018-01-16,244.63508312865815,245.28311451775946,241.85900837845608,242.55084228515625,106555100
2018-01-17,243.4790909737871,245.2480550819238,242.55081976875894,244.86273193359375,113258800
2018-01-18,244.74890145278448,245.16923452787907,243.9607234866928,244.45115661621094,100728000
2018-01-19,245.02914550833063,245.5633544921875,244.45118745715803,245.5633544921875,140920100
2018-01-22,245.35310814296204,247.5599365234375,245.30053979389277,247.5599365234375,91322400
2018-01-23,247.60372098050044,248.3743671253375,247.2797053798622,248.08538818359375,97084700
2018-01-24,248.72469958795423,249.32021599885377,246.81561556442963,247.9890899658203,134816100
2018-01-25,248.84725735522073,248.94357475644838,247.3059651344655,248.0941162109375,84587300
2018-01-26,248.9260844533389,251.01032472232163,248.67211544174552,250.96652221679688,107743100
2018-01-29,250.39735056563376,250.83521535243415,249.14506368941963,249.3026885986328,90118300
2018-01-30,247.48113867833266,249.35518573431412,246.272627806415,246.7455291748047,131796400
2018-01-31,247.5949733674873,248.0941187951975,245.7997121313985,246.86810302734375,108364800
2018-02-01,246.1413324650781,247.88402586927523,245.79978508276858,246.5879364013672,90102500
2018-02-02,245.2743010896956,245.40568189185825,241.18465938266897,241.21969604492188,173174800
2018-02-05,239.4682013576867,241.56994645187018,230.58829292395254,231.13124084472656,294681800
2018-02-06,227.63708850140625,236.1842154765742,226.55119266362757,235.68504333496094,355026800
2018-02-07,235.133429601217,238.5137334891997,234.32774650050058,234.40658569335938,167376100
2018-02-08,234.70432094114412,234.84444089747083,225.57920588334198,225.61424255371094,246449500
2018-02-09,228.39027447366007,230.85107257073287,221.48953414652104,229.0032958984375,283565300
2018-02-12,231.04369827517536,233.82853834866464,229.1433802587504,232.36605834960938,143736000
2018-02-13,231.16631621198863,233.48699403220186,230.58833153740176,232.9440460205078,81223600
2018-02-14,231.46408524613523,236.4469887394335,231.4553193982092,236.0879364013672,120735700
2018-02-15,237.82192124592765,239.10924497503188,235.369862048746,239.10047912597656,111200300
2018-02-16,238.47866412771558,241.10585263073057,238.43486161757926,239.17047119140625,160420100
2018-02-20,238.22465688841936,239.6608658678304,236.884792035744,237.67294311523438,86369700
2018-02-21,238.11081208876513,240.5803753441495,236.39438999412775,236.49070739746094,98883700
2018-02-22,237.41035431422142,239.1180113904907,236.13179628824528,236.79733276367188,110511300
2018-02-23,238.01453997396973,240.5716552734375,237.54163853771126,240.5716552734375,92766400
2018-02-26,241.64001580702427,243.46154799203504,241.05329205354371,243.36520385742188,86491400
2018-02-27,243.54920208015827,244.25856780596922,240.26521532705385,240.32652282714844,99099200
2018-02-28,241.42111094164326,241.86774155496124,237.5766721936537,237.8919219970703,121907800
2018-03-01,237.6817338186659,239.22302620651877,232.94403427544523,234.4327850341797,176855100
2018-03-02,232.7688291576388,236.20169965335407,231.9106315775623,235.64122009277344,139083200
2018-03-05,234.4590761754729,238.97784374741312,234.3539661829814,238.3648223876953,97307400
2018-03-06,239.33690770561606,239.41574689391004,237.4803650844615,238.9691162109375,79213200
2018-03-07,236.81483676070198,239.23183255477923,236.6221751580803,238.8815460205078,87063500
2018-03-08,239.55577784083428,240.16003329299775,238.56622602184905,240.03744506835938,66901200
2018-03-09,241.4385529900639,244.214599609375,241.12327657856522,244.214599609375,113625300
2018-03-12,244.50367368709738,245.12543411497418,243.52283425174357,243.9081573486328,71924800
2018-03-13,245.06418140447812,245.56335371770083,241.72765358476482,242.3319091796875,91968900
2018-03-14,243.28639204480373,243.47028774299733,240.53661551772396,241.0883026123047,105895100
2018-03-15,241.59625351918692,242.23551893629133,240.326435081549,240.8256072998047,83433000
2018-03-16,241.35049125285224,242.13302485074888,241.03397889786703,241.08673095703125,100343700
2018-03-19,240.33939942173015,241.26258738561367,236.18059944247648,237.82476806640625,109208400
2018-03-20,238.2204623498299,238.86231498552974,237.5522336788099,238.22926330566406,59757300
2018-03-21,238.18524554622545,240.2690324847603,237.5609949265369,237.77200317382812,78709600
2018-03-22,235.55633993415995,236.4003997693107,231.55579629929971,231.82838439941406,148785900
2018-03-23,232.26803765167045,232.59335103109134,226.69365175801394,226.8870849609375,183534800
2018-03-26,230.47438871139857,233.37585994770197,228.08286310594158,233.09449768066406,141956100
2018-03-27,234.02653772309125,234.55405848806072,227.58171511179825,229.12918090820312,129941400
2018-03-28,229.2609970696875,230.92276751178565,227.35304139529825,228.45208740234375,146452300
2018-03-29,229.5863657478309,233.22641988022696,228.46094343856447,231.3712158203125,111601600
2018-04-02,230.84366364360935,231.35363612969078,223.91528520575702,226.3771514892578,186286300
2018-04-03,227.6080956829647,229.75343627718402,225.82324550677745,229.2786407470703,119956900
2018-04-04,225.7440879428702,232.43506828346253,225.61220776620473,231.731689453125,123715300
2018-04-05,233.481315658721,234.43970735903093,232.39987159440355,233.5604705810547,82652600
2018-04-06,231.6085949630932,233.0944806318079,226.84311918035417,228.35540771484375,179521200
2018-04-09,229.80613304612535,232.8570860135369,228.54883078020066,229.48081970214844,105442900
2018-04-10,232.35590597309297,233.91217232519995,231.22170978854876,233.129638671875,103529000
2018-04-11,231.65249979998578,233.56045528943488,231.58217266851003,231.90748596191406,91140200
2018-04-12,233.22640173391812,234.75626543924633,233.05054361120307,233.8154754638672,68890500
2018-04-13,235.11672248173076,235.23102756207518,232.12732264458262,233.129638671875,85079200
2018-04-16,234.75620463045738,235.81129942908237,233.93852091921943,235.0463409423828,63405300
2018-04-17,236.80489263199541,238.15892514346524,236.29494697120467,237.56105041503906,64682000
2018-04-18,238.0006530533323,238.53697471543825,237.27967231184803,237.7368927001953,57303900
2018-04-19,237.08618569692788,237.2884198102276,235.3892651989447,236.41798400878906,77655900
2018-04-20,236.34770808774013,236.56751734914624,233.5341388088677,234.4133758544922,99953100
2018-04-23,234.9848494019342,235.53877291125386,233.30550379653852,234.378173828125,65558000
2018-04-24,235.3980851293731,235.61789433591494,229.7269968677222,231.22171020507812,112885500
2018-04-25,231.1601004227961,232.23277016059777,229.34887515223832,231.79315185546875,103840900
2018-04-26,232.81316662268776,234.97608207281635,232.3735481342447,234.14959716796875,67731900
2018-04-27,234.75629699822707,235.05523438128384,233.43744139711342,234.3694305419922,57053600
2018-04-30,234.984887819717,235.53881141959786,232.49663209837655,232.56698608398438,82182300
2018-05-01,232.0042576088842,233.0857287538209,230.45679193785602,232.980224609375,74203400
2018-05-02,232.7867838895088,233.59566685895032,231.02830998632697,231.41517639160156,86368900
2018-05-03,230.58871520548328,231.5558544858692,227.7663449816826,230.9052276611328,136311500
2018-05-04,229.93799620325126,234.57159127006764,229.6126828833328,233.89456176757812,91222100
2018-05-07,234.65952179650694,235.6530368387894,233.973691335472,234.68589782714844,55304900
2018-05-08,234.31660656598947,235.0463613018567,233.12963152276564,234.68589782714844,67499200
2018-05-09,235.35412809761425,237.2796590645592,234.83538154395148,236.954345703125,59666100
2018-05-10,237.6929170304401,239.49536890141917,237.58741288817453,239.17002868652344,72063900
2018-05-11,239.29311991959236,240.16355587155402,238.78314748731788,239.89979553222656,59871500
2018-05-14,240.33068792086166,240.9813148487344,239.4690258235845,240.01417541503906,54790600
2018-05-15,238.79199311600212,238.80956819785158,237.42038543053624,238.36117553710938,87036100
2018-05-16,238.39627956188048,239.82063888909622,238.36987669890897,239.36341857910156,53942600
2018-05-17,239.0996255813715,240.2338484147851,238.3874460151331,239.1611785888672,56536400
2018-05-18,238.8183712758704,239.17886169838093,238.211695544351,238.56338500976562,64368000
2018-05-21,240.04043649829885,240.89329722901473,239.65357017722093,240.35694885253906,58025900
2018-05-22,240.87571103208705,241.13069722219612,239.36342263255682,239.68873596191406,52966400
2018-05-23,238.42268614855146,240.37459317397244,238.2644031113261,240.3481903076172,64694200
2018-05-24,239.95256498048465,240.22512629492573,238.07978593906626,239.8558349609375,76043800
2018-05-25,239.28431701660156,239.90856770271625,238.78314554377755,239.28431701660156,56374800
2018-05-29,237.66652597850245,238.42268367060086,235.42448260046902,236.5323028564453,115908600
2018-05-30,237.83355915625907,240.1283543707057,237.76323201701084,239.68873596191406,69678400
2018-05-31,239.28435882403386,239.5832962024621,237.62261474509663,238.22048950195312,93519900
2018-06-01,239.5129405032286,240.85817196194657,239.44258652128468,240.55923461914062,71258400
2018-06-04,241.3768808866275,241.95718040231645,241.13949660700942,241.7021942138672,45385200
2018-06-05,241.83405856199815,242.25610186368866,241.06912687882738,241.87803649902344,51135000
2018-06-06,242.484786120849,244.00584899825836,241.8693094717872,243.9003448486328,62732200
2018-06-07,244.38395017907538,244.67408660107438,242.96836456773707,243.8739776611328,72969400
2018-06-08,243.41675065452628,244.64767699624716,243.24969349041612,244.5949249267578,72139700
2018-06-11,244.81472291664812,245.63240678836053,244.70041782727702,244.92022705078125,58892500
2018-06-12,245.33342801607316,245.59718830684466,244.59487236973686,245.23672485351562,72329000
2018-06-13,245.47418757980134,245.72917383050293,244.25203523349435,244.4542694091797,79070600
2018-06-14,245.31590267258005,245.59723809571156,244.4806168621763,245.06971740722656,77097600
2018-06-15,244.28896261504903,245.09266415404826,243.18498142730266,244.75704956054688,120041600
2018-06-18,243.30863241102696,244.37730569060352,242.8317319063907,244.25364685058594,52917600
2018-06-19,241.99275753069702,243.53833171200623,241.5776593867527,243.31753540039062,97531500
2018-06-20,243.99747336540864,244.39491733639957,243.39691412482676,243.73252868652344,53785500
2018-06-21,243.7237148345327,243.74139578349843,241.7100541970671,242.2046356201172,71061400
2018-06-22,243.4588129198808,243.57363129767535,242.42547447240082,242.64627075195312,54898500
2018-06-25,241.4980978503294,241.65706467464207,237.66507835457156,239.34312438964844,137854200
2018-06-26,239.90836656004487,240.72088159957022,239.15765398139763,239.87303161621094,68547400
2018-06-27,240.4559510401618,241.87786591926562,237.7357262109778,237.88587951660156,105110700
2018-06-28,237.83288561084004,240.0055130673899,237.12632147068877,239.24598693847656,76650500
2018-06-29,240.33226513097114,241.69237739233853,239.4755747196289,239.59039306640625,97592500
2018-07-02,238.0272130720959,240.2616701857131,237.78873585726308,240.10267639160156,63554800
2018-07-03,240.994682013276,241.09184637679854,238.8308949763959,239.2548065185547,42187100
2018-07-05,240.37641982628065,241.26841815000049,239.30774680813616,241.2065887451172,56925900
2018-07-06,241.23322596652264,243.61780990906817,240.85343583468116,243.24688720703125,66493700
2018-07-09,244.24482851406478,245.49012273882505,244.20068004015275,245.4371337890625,50550400
2018-07-10,245.88749950934758,246.41741581459235,245.59603341276468,246.32025146484375,51966800
2018-07-11,244.77473167559435,245.56077930884817,244.21832078062482,244.5186004638672,77054700
2018-07-12,245.77275928969894,246.7884168085472,245.17219986409648,246.7354278564453,60124700
2018-07-13,246.55873442688798,247.22993660683716,246.1083015139333,246.92965698242188,48216000
2018-07-16,246.9738797670635,247.11516565639909,246.26731555704208,246.7089080810547,48201000
2018-07-17,245.94052395018647,248.09549747066842,245.88753500727847,247.70689392089844,52315500
2018-07-18,247.78643474875258,248.3340052541217,247.34484215375514,248.22802734375,44593500
2018-07-19,247.56560956155548,247.94537268029526,246.81489684712972,247.2918243408203,61412100
2018-07-20,247.08868447408216,247.71576529783255,246.85023420124972,247.0092010498047,82337700
2018-07-23,246.80608651802618,247.67159066471092,246.4616313923837,247.46847534179688,47047600
2018-07-24,248.87276945761016,249.55281237067854,247.84827137316475,248.71377563476562,68026900
2018-07-25,248.46638757068533,251.15127712172054,248.42223910825902,250.83334350585938,78882900
2018-07-26,250.1179757947418,250.92165033968266,250.02081143983833,250.24160766601562,57919500
2018-07-27,250.56835700469614,250.66552134999688,247.62736342184445,248.54588317871094,76768700
2018-07-30,248.6253858949208,248.7843527057693,246.72651682779656,247.24761962890625,63742500
2018-07-31,248.00721461622982,249.07586107857932,247.62745147833215,248.46646118164062,68570500
2018-08-01,248.66949437434937,249.17291614708773,247.40654665901724,248.05125427246094,53853300
2018-08-02,246.75309367253044,249.57042929536425,246.54995140015342,249.40264892578125,63426400
2018-08-03,249.52628369791557,250.52428716723554,249.34963589792847,250.47129821777344,53935400
2018-08-06,250.50657037580902,251.69884839251776,250.11796687538163,251.38975524902344,39400900
2018-08-07,252.0522055913909,252.59977603437054,251.91970626585007,252.21998596191406,43196600
2018-08-08,252.05218068817663,252.5114271863113,251.65473665616224,252.11398315429688,42114600
2018-08-09,252.17581933268963,252.564422900246,251.63708940424485,251.76956176757812,35717000
2018-08-10,250.3388338691097,250.877563856801,249.3761383667904,250.08270263671875,77076000
2018-08-13,250.35647413214605,250.96587398972937,248.85504872451506,249.14651489257812,65732900
2018-08-14,249.87068683298415,250.97466797152953,249.48208331600298,250.73619079589844,43842000
2018-08-15,249.39382333315953,249.53513618941975,247.4331512506401,248.86390686035156,102925400
2018-08-16,250.29462761533514,251.74306397579707,250.2592926680228,250.87753295898438,69967900
2018-08-17,250.67435404087598,252.202273594827,250.26809654053721,251.76068115234375,65618500
2018-08-20,252.21116035768992,252.56442898598036,251.7607273588351,252.2994842529297,39807500
2018-08-21,252.81161463558436,253.74778824011838,252.33468736166745,252.89109802246094,67272000
2018-08-22,252.48494240121423,253.26214954531227,252.21997071881626,252.74107360839844,44993300
2018-08-23,252.5644233792702,253.4211139340078,252.08749591769774,252.40545654296875,49204900
2018-08-24,252.97950040100943,254.06582759747945,252.9265114599783,253.9245147705078,57487400
2018-08-27,255.1167641050527,256.03528390037553,254.95779729989957,255.92930603027344,57072400
2018-08-28,256.38859669554984,256.4946015366076,255.59373557995536,256.0530090332031,46943500
2018-08-29,256.26494502760124,257.66036537146607,256.02649479713034,257.4307556152344,61485500
2018-08-30,256.9538622126653,257.32478484249407,255.79689194613198,256.38861083984375,61229500
2018-08-31,255.9823323995439,256.8390229116999,255.49659143965482,256.3974304199219,66140800
2018-09-04,255.9823355361778,256.3091096716709,254.95783770837934,255.95584106445312,57594400
2018-09-05,255.602521281376,255.80566349237063,254.26009006165867,255.26690673828125,72452400
2018-09-06,255.37298666172072,255.67326638537259,253.47414393566402,254.49864196777344,65909900
2018-09-07,253.4564578962428,254.97553727559858,253.2179806806409,254.0040283203125,73524800
2018-09-10,255.0108267983319,255.27579846839774,254.25130064001073,254.4456024169922,50210900
2018-09-11,253.8008929804244,255.72622999265644,253.4564648134547,255.28463745117188,50530500
2018-09-12,255.2934466046117,255.94699486096997,254.56041493485847,255.346435546875,59810800
2018-09-13,256.4062834173273,257.0421777146509,256.1236577401461,256.856689453125,51034200
2018-09-14,257.0598152146336,257.24527651158894,256.1236413026373,256.9008483886719,55079900
2018-09-17,256.8479564718751,256.88326447809345,255.2670472316184,255.54083251953125,68244000
2018-09-18,255.75265618865916,257.51902588302914,255.7261617213501,256.92730712890625,61930400
2018-09-19,256.9803451034907,257.6162393929191,256.8566862640088,257.2011413574219,49080600
2018-09-20,258.45523141530987,259.6033609568986,257.2187510441675,259.285400390625,100360600
2018-09-21,260.02439890895715,260.1397370028223,258.88880602844426,259.0484924316406,105479700
2018-09-24,258.4719238918122,258.61387643830426,257.6113551925466,258.1880187988281,53409600
2018-09-25,258.64045746369817,258.74691509115587,257.7089261487671,257.9484558105469,44370000
2018-09-26,258.09040260622646,259.2703440505764,256.75962814321076,257.1766052246094,79739700
2018-09-27,257.64676201637326,258.97753622577073,257.37173751240476,257.8951721191406,59249500
2018-09-28,257.27425202331585,258.41872595233053,257.2387841884643,257.9219055175781,70091400
2018-10-01,259.1549167304643,259.8824130177635,258.15242305611275,258.81781005859375,62078900
2018-10-02,258.6670227050781,259.37675813634576,258.29442107979753,258.6670227050781,47258200
2018-10-03,259.7139991408268,260.1309763243409,258.45421416914235,258.80908203125,64694600
2018-10-04,258.32991396912035,258.38314277789755,255.20703986393897,256.7862243652344,111545900
2018-10-05,257.0080728548497,257.52262713688714,253.92954643343037,255.3490447998047,105951700
2018-10-08,254.66589648913015,255.70391262272844,253.29077352229592,255.3490447998047,87742200
2018-10-09,254.96749545911888,256.27162827331057,254.41741934248682,254.97634887695312,74339000
2018-10-10,254.47068495382157,254.541674754797,246.53041344296443,246.90301513671875,214731000
2018-10-11,245.8206752119577,247.43535491100366,239.85880384790093,241.46463012695312,274840500
2018-10-12,245.54563049794265,245.82953555740838,241.64203069165737,244.8181610107422,183186500
2018-10-15,244.4632174839941,245.7851383088067,243.3542389487289,243.44296264648438,102263700
2018-10-16,245.39484368863774,249.1387573439858,244.92463774239474,248.76612854003906,118255800
2018-10-17,248.80160534585232,249.43149770167693,246.2465139465882,248.81048583984375,110626000
2018-10-18,247.8789411434179,248.47336570550362,243.94872669197238,245.21739196777344,134557500
2018-10-19,245.86504549229036,247.79021756865455,244.39231836527114,245.08432006835938,139901600
2018-10-22,245.74969267143155,246.069065557759,243.45189193476455,243.9842071533203,82415800
2018-10-23,240.38218308014032,243.85992438712427,238.30615156642358,242.7420654296875,146352700
2018-10-24,242.4936915369687,242.87520076291182,234.8373258087181,235.3873748779297,177806700
2018-10-25,237.2150494501252,241.14526454646239,236.19479418032128,239.6104278564453,138061500
2018-10-26,235.91971729336254,240.42659505910345,232.6992386438329,235.39625549316406,201574600
2018-10-29,238.47474176561738,239.76116774155568,230.53447141916476,234.09205627441406,160749100
2018-10-30,233.92359067943056,237.87153941171934,233.43562370711567,237.56101989746094,157116000
2018-10-31,240.11598524936952,242.40493170958996,239.64577951524151,240.09825134277344,128296300
2018-11-01,240.95890437208678,242.84860846389773,239.8765400463614,242.65342712402344,99495000
2018-11-02,243.75353219705897,244.1793897890913,239.1756646127499,241.21620178222656,122634100
2018-11-05,241.70414710230466,243.09703095872834,240.73712084759322,242.54698181152344,65622500
2018-11-06,242.4848533509687,244.2414582856126,242.4227440457888,244.08177185058594,60085900
2018-11-07,246.2465950845436,249.38723155386472,245.82073735278772,249.30738830566406,102752100
2018-11-08,248.50885923276533,249.49364660842488,247.7192803078386,248.85487365722656,65584900
2018-11-09,247.55061683367435,247.7369176416943,245.0221404261499,246.4239044189453,98812600
2018-11-12,245.91822329978518,246.15775292916524,241.30486151968046,241.81944274902344,99673600
2018-11-13,242.2808324330714,244.26811393698574,240.6484187584732,241.36703491210938,98176600
2018-11-14,243.23007953386727,243.62929561444977,238.16427249708286,239.7168426513672,125335900
2018-11-15,238.4570567918774,242.68005673296886,236.88675255543484,242.2187042236328,135101400
2018-11-16,241.12745002947233,243.7535038549721,240.6128687812642,242.8485870361328,126668000
2018-11-19,242.2453391208927,242.538124711147,237.82718452869233,238.74098205566406,103061700
2018-11-20,235.42283675811683,236.8778296815921,233.4621701682525,234.32273864746094,136021300
2018-11-21,235.86649217131097,237.01096598131056,235.11240817622902,235.1212615966797,75563700
2018-11-23,233.48879401808904,234.94378700042947,233.39121689288703,233.5509033203125,42807900
2018-11-26,235.79541007378356,237.54316102500275,235.40504753114917,237.3213653564453,79981400
2018-11-27,236.29233909687386,238.11993408203125,235.68906109830675,238.11993408203125,75502400
2018-11-28,239.1845676852802,243.60272216796875,238.05782782750268,243.60272216796875,127629600
2018-11-29,242.8308625626681,244.4632761090894,241.6952693532151,243.07041931152344,82346400
2018-11-30,242.91958839251905,245.11093160574055,242.60021549084044,244.552001953125,98204200
2018-12-03,248.65970195353918,248.7661596037664,246.20221427852104,247.79025268554688,103176300
2018-12-04,246.9651371222489,247.390994725935,239.45069573277385,239.76121520996094,177986000
2018-12-06,235.91968861471403,239.51276852883728,232.83228237669715,239.39743041992188,204185400
2018-12-07,239.06034846057895,240.62179936686118,233.00089985327392,233.83485412597656,161018900
2018-12-10,233.65746427043604,235.2455299779315,229.4433435434689,234.27850341796875,151445900
2018-12-11,237.46340468272,237.64970553153896,232.86780324734315,234.33164978027344,121504400
2018-12-12,237.2947970890766,238.6521857615364,235.4317076960782,235.5115509033203,97976700
2018-12-13,236.45200246750798,237.3125710570535,234.32276869095844,235.43174743652344,96662700
2018-12-14,233.29359506914284,234.2428872182489,230.53446939658846,231.0845184326172,116961100
2018-12-17,230.1352693427575,231.2442481147202,224.92750936156915,226.55105590820312,165492300
2018-12-18,228.18346461499536,228.84885182471092,224.7056955526917,226.30262756347656,134515100
2018-12-19,226.38249365580683,230.13527410736953,221.21909542606414,222.91360473632812,214992800
2018-12-20,221.67152791499083,223.23296500175658,217.04929888317656,219.28500366210938,252053400
2018-12-21,220.18184659021884,222.83216813756005,214.14945865139123,214.79196166992188,255345600
2018-12-24,213.31057628455403,214.91683339243812,209.0540119691451,209.11647033691406,147311600
2018-12-26,210.5710868788151,219.68211364746094,208.59895689050683,219.68211364746094,218485400
2018-12-27,216.46069713767926,221.5650056323348,213.23926322091438,221.3686981201172,186267300
2018-12-28,222.7161726307013,224.34026776675762,219.92306940648027,221.08314514160156,153100200
2018-12-31,222.69834072493202,223.2605343594227,220.83330337470466,223.01959228515625,144299400
2019-01-02,219.5036463731044,224.1707189074987,219.47687654809107,223.25157165527344,126925200
2019-01-03,221.51145639556273,221.81487042798517,217.4422797539412,217.92416381835938,144140700
2019-01-04,220.94035994976915,225.8662121607663,220.56556877081383,225.2237091064453,142628800
2019-01-07,225.49138437726992,228.40048512247722,224.59902068183817,226.99948120117188,103139100
2019-01-08,229.1768824554094,229.6141320120839,226.66040995079652,229.1322479248047,102512600
2019-01-09,229.83722205027829,231.04191864728134,228.61468798077402,230.20309448242188,95006600
2019-01-10,228.67713289844357,231.26498220929608,227.99892776477134,231.01512145996094,96823900
2019-01-11,229.94428092089964,231.13113993995213,229.36424993914574,231.1043701171875,73858100
2019-01-14,229.21257388587543,230.4975800558513,228.8110264782483,229.6944580078125,70908200
2019-01-15,230.06925535334858,232.6392676098816,230.06032300031862,232.32693481445312,85208300
2019-01-16,232.75522277360974,233.77253051091907,232.54999654199065,232.88909912109375,77636700
2019-01-17,232.0235184925681,235.5126641905326,231.9788839632567,234.65597534179688,96118400
2019-01-18,236.4585852744533,238.24331299330493,234.69169502898802,237.77926635742188,127900300
2019-01-22,236.31577927521437,236.5299378647704,232.96048279733822,234.5667266845703,115531200
2019-01-23,235.5929951823012,236.2890379149848,232.60357075666337,235.0575714111328,86030300
2019-01-24,234.8790794198042,235.76253814239962,233.87070392027388,235.18247985839844,59204100
2019-01-25,237.0207562512884,237.99345684187594,235.28066303115364,237.17247009277344,96883400
2019-01-28,235.03967233956106,235.43228728722033,233.6118850682267,235.36984252929688,85613700
2019-01-29,235.51268570154357,236.0748520668469,234.22767954385318,235.0575714111328,66136300
2019-01-30,236.56567202894044,239.61754127391015,235.80715727798884,238.77871704101562,92473700
2019-01-31,238.7162274696689,241.35761645588957,238.50204165856266,240.875732421875,104012100
2019-02-01,241.0720544623004,242.0090527116639,240.20646056117508,240.9917449951172,85782500
2019-02-04,241.03642281761273,242.74977365053556,240.36714982913762,242.6873016357422,60744800
2019-02-05,243.11561117191027,244.00797502814757,242.6158895910401,243.70457458496094,79552800
2019-02-06,243.42795057373232,243.91873981486725,242.65159835498443,243.38331604003906,58347800
2019-02-07,241.77711275360616,242.3214417408131,239.41235351785903,241.063232421875,95482000
2019-02-08,239.82270804211012,241.45572138328757,239.00172158006598,241.35757446289062,75788900
2019-02-11,242.0090871381183,242.26785304714784,240.96500945065426,241.4915008544922,68021400
2019-02-12,243.0977895056119,244.9717319393332,243.0263851421111,244.59695434570312,72270200
2019-02-13,245.42680019751208,246.2299221230905,245.00738814719733,245.39109802246094,65277200
2019-02-14,244.31136276656764,245.97117361390244,243.4993084316864,244.84678649902344,83234400
2019-02-15,246.6137182344973,247.55071683597302,246.40849192994528,247.5150146484375,97088700
2019-02-19,246.72077942009167,248.59472181280694,246.71184706665318,247.9433135986328,59120800
2019-02-20,247.90758469716386,248.8981226746034,247.4078631485972,248.44300842285156,76610800
2019-02-21,247.80935470910865,248.16629466236108,246.6046585382055,247.5594940185547,64214700
2019-02-22,248.17523020847509,249.29068471964067,247.54165967131036,249.09439086914062,78114600
2019-02-25,250.51335855187014,251.03091769569934,249.35326899817477,249.43357849121094,69030700
2019-02-26,249.08549936705506,250.12954971036925,248.88024589954088,249.2550506591797,56844100
2019-02-27,248.5412886600617,249.49612497245283,247.6132494194689,249.1481170654297,56921600
2019-02-28,248.9338207584465,249.3710975786756,248.36272203533355,248.6839599609375,69268300
2019-03-01,250.25457758958802,250.6472199521394,248.8089521787351,250.2367401123047,78880500
2019-03-04,251.28965783560562,251.53058626385302,247.04199732647075,249.32644653320312,106494600
2019-03-05,249.45138180546053,249.64770292882656,248.44300636420704,248.98733520507812,59114600
2019-03-06,249.1033413882174,249.1122737404231,247.15799490205438,247.47923278808594,75039800
2019-03-07,247.03310884791438,247.17589035279158,244.57020277894787,245.40902709960938,94885100
2019-03-08,243.56181425633898,245.08774895787133,243.09779481459196,244.91819763183594,85795800
2019-03-11,245.63209223186442,248.63042182022505,245.6053224045678,248.4698028564453,65098900
2019-03-12,249.02301316544484,249.92430922135716,248.83562441270334,249.40672302246094,79667500
2019-03-13,250.2902734857053,251.98575969985632,250.12962726303425,251.0576934814453,80639200
2019-03-14,251.0844072122771,251.50381930289518,250.45976886914966,250.8970184326172,67518400
2019-03-15,251.4464445636101,252.94324092937174,251.25820304120282,252.13658142089844,81309000
2019-03-18,252.3517183749023,253.34661954395162,252.12764473850024,253.0508270263672,62199800
2019-03-19,254.10847232408358,254.87030079650296,252.22624833038137,253.1135711669922,90268100
2019-03-20,252.89840780961697,254.09943891227132,251.2492295483872,252.35165405273438,84609200
2019-03-21,251.5360335485308,255.6051897835249,251.49120242401878,255.20187377929688,79550400
2019-03-22,253.84852766172398,254.36836643299236,250.22749024752656,250.2902374267578,122659300
2019-03-25,249.94965341580806,251.13276877053153,248.84722863990814,250.10203552246094,85575200
2019-03-26,251.84984693779478,252.9164398526306,250.56815204105743,251.96636962890625,68125900
2019-03-27,251.9572942642795,252.53990748012842,249.10708476578716,250.64871215820312,72224700
2019-03-28,251.2761173166963,252.0469173002357,250.12886168470223,251.59877014160156,56238500
2019-03-29,253.10460899667098,253.50792509730042,251.9842409070283,253.18527221679688,82186800
2019-04-01,255.17501552412202,256.4835976324492,254.90611080417543,256.18780517578125,77617900
2019-04-02,256.3760406254756,256.54633873826305,255.5245500615383,256.31329345703125,40070400
2019-04-03,257.52333435925203,257.9177061153034,256.1161454730113,256.7166748046875,68243200
2019-04-04,257.03934532302384,257.6488190413837,256.3492083789462,257.3978576660156,48997500
2019-04-05,258.06109087920464,258.6974522325927,257.77427011188774,258.6436767578125,58621700
2019-04-08,258.2224968795213,258.94849336551664,257.5681919310813,258.8409423828125,53566300
2019-04-09,257.8818272500247,258.20448010644867,256.9676168040888,257.51434326171875,66142300
2019-04-10,257.9267010253007,258.4824266834013,257.51441314596076,258.3927917480469,52601500
2019-04-11,258.8767431671362,258.885714865524,257.756374978226,258.321044921875,55093100
2019-04-12,259.92534573388645,260.3466051469437,258.3658024123571,260.0687561035156,69727800
2019-04-15,260.1404576397442,260.23906423948523,259.1007529344028,259.8984680175781,49596700
2019-04-16,260.7768362558313,260.8306117253508,259.4771985860694,260.0687561035156,52153200
2019-04-17,261.1801918114328,261.2070795502625,259.020118949662,259.43243408203125,58268300
2019-04-18,260.0150477371109,260.2122336271481,258.7243814300919,259.9433288574219,68708500
2019-04-22,259.18148687000274,260.3197710128511,259.091851951437,260.1673889160156,40160100
2019-04-23,260.5348249155469,262.73972862437995,260.3018069935081,262.5066833496094,52246600
2019-04-24,262.4260254214715,262.7576499482489,261.7806924075933,261.9241027832031,50392900
2019-04-25,261.82562561695454,262.4171834515079,260.57979010160784,261.76287841796875,57770900
2019-04-26,261.80757659857346,263.05341148117117,261.03674925919904,262.9817199707031,50916400
2019-04-29,263.07132913895236,263.91384790637727,262.98169424508666,263.39398193359375,57197700
2019-04-30,263.053468419192,263.81532422738735,261.6463068189115,263.52850341796875,81111700
2019-05-01,264.15588846112246,264.3620460215108,261.53869676009515,261.54766845703125,71671900
2019-05-02,261.43105720742267,262.34529469755904,259.4950586640298,260.98291015625,65030200
2019-05-03,262.4529060957811,263.8152635983207,261.09052124050993,263.53741455078125,56543700
2019-05-06,259.2531340651493,262.89208684427564,258.9394255801766,262.4529113769531,107198100
2019-05-07,260.0598739928055,260.6514317140308,256.1699586920878,258.0700988769531,144729900
2019-05-08,257.7115783691406,259.41453259316427,257.1200206665922,257.7115783691406,91568300
2019-05-09,255.6501289651859,257.5323258192694,253.92025952900033,256.93182373046875,103471100
2019-05-10,255.99962249136024,258.9753267004435,253.02391828227698,258.2224426269531,112429300
2019-05-13,253.13149035474845,254.09050462722408,250.89969857658744,251.73324584960938,127290500
2019-05-14,252.74604827795415,255.53353807627536,252.62058128578565,254.00982666015625,77003200
2019-05-15,252.38761335271656,256.1341185162251,252.18145573121285,255.4977569580078,73956400
2019-05-16,256.1967699119321,259.2172774500788,256.12507840020066,257.8638916015625,76749600
2019-05-17,255.56932681582998,258.6704969130999,255.55138342710202,256.19671630859375,100353000
2019-05-20,254.6013716078713,256.30432540724155,253.75885272822012,254.50279235839844,62877600
2019-05-21,256.1878013017382,257.1737305545002,255.93683997855635,256.79730224609375,46847100
2019-05-22,255.84724901110678,256.95864532113876,255.5335404986103,256.0085754394531,49482500
2019-05-23,253.7947494674691,253.83955325059122,251.4733500353622,252.8805389404297,98733800
2019-05-24,254.3145364334415,254.72685150622567,252.83565630605509,253.4541015625,55268100
2019-05-28,253.73200127216015,254.68207123353233,251.0789772679172,251.09689331054688,70029400
2019-05-29,249.9855221480754,250.38883829349157,248.0136631502421,249.41188049316406,104972900
2019-05-30,250.16470909269745,250.99828364691183,248.9995373499436,250.093017578125,62523800
2019-05-31,247.55652073533304,248.38109625419122,246.69605842948016,246.7229461669922,86862800
2019-06-03,246.75879961480473,247.8701958753177,244.76902502898528,246.09555053710938,96428000
2019-06-04,248.38114748509258,251.5719539740784,247.93300019896827,251.43751525878906,77231900
2019-06-05,253.05074771727152,253.6423052143005,251.24921484508306,253.61541748046875,71169700
2019-06-06,253.91126241776183,255.93686927504896,253.2659293196054,255.2646484375,69430400
2019-06-07,256.27746425638986,258.89465607265004,256.10716612351325,257.819091796875,74272200
2019-06-10,259.36074011961,260.6603781109152,258.9125928609169,259.0022277832031,60799100
2019-06-11,260.8127359235809,261.18021996235245,258.2941504883736,258.9394836425781,58641300
2019-06-12,258.70637335671375,259.2620713893022,257.9714055414129,258.4822998046875,47096300
2019-06-13,259.3875627521784,259.90742875930414,258.68845429820976,259.54888916015625,48945200
2019-06-14,259.26220703125,259.8627091473257,258.50035108522394,259.26220703125,52324700
2019-06-17,259.49506486872434,260.1224816964581,259.1903281489675,259.3606262207031,39205700
2019-06-18,261.1712991311088,263.1252148132128,260.8127594054737,262.0765380859375,85434800
2019-06-19,262.211032754667,263.19696250504995,261.2430464060388,262.66815185546875,78674400
2019-06-20,265.3389355268654,265.58092510740806,262.7307161923283,265.1775817871094,116570000
2019-06-21,264.9092951972342,266.1611896327849,264.57605770329127,264.7922058105469,83309500
2019-06-24,264.99933890935563,265.3145457048724,264.3148333255094,264.46795654296875,47582700
2019-06-25,264.5219777826687,264.5489962916945,261.7659799189752,261.8740539550781,82028700
2019-06-26,262.7657201720802,263.27008405135524,261.5048104738926,261.6128845214844,51584900
2019-06-27,262.3694009589699,263.0448911665439,261.99114183475797,262.54052734375,40355200
2019-06-28,263.5133148180543,264.3869502298254,262.99996296700357,263.8916015625,59350900
2019-07-01,267.2058881698985,267.4220637118567,265.0893468337903,266.2872314453125,78705600
2019-07-02,266.24223128349144,267.0348109497761,265.40462992580103,266.98077392578125,61504500
2019-07-03,267.6563016219781,269.133387113011,267.51219370925975,269.1153564453125,40898900
2019-07-05,267.890486025087,268.97128165021803,266.6025576032776,268.80914306640625,51677300
2019-07-08,267.5031881847624,268.6290054105684,266.79166400203684,267.3320617675781,45841800
2019-07-09,266.17933144399143,267.9626090450135,266.12529439461395,267.6654052734375,41101300
2019-07-10,268.7280047678734,269.88985558425395,268.1966224529746,268.94415283203125,58448500
2019-07-11,269.5836918467792,269.81784313562406,268.5749640265412,269.5746765136719,50826100
2019-07-12,270.06104314152424,270.85362287067034,269.75482415267635,270.78155517578125,40326000
2019-07-15,271.21386536805954,271.21386536805954,270.36724865283577,270.8716125488281,33900000
2019-07-16,270.78155022134894,270.9887104831493,269.6917668565987,269.99798583984375,36650100
2019-07-17,269.97090595616555,270.13301700119024,268.16058349609375,268.16058349609375,36036300
2019-07-18,267.66533690419124,269.5206817543314,267.22402528507104,269.14239501953125,51392600
2019-07-19,270.23214960844706,270.2591681205926,267.4761514265193,267.64727783203125,58678600
2019-07-22,268.0434902740456,268.8450851280637,267.53013863886196,268.3046875,43638100
2019-07-23,269.42157698333074,270.22314453125,268.5929634364693,270.22314453125,44564500
2019-07-24,269.46663183286364,271.49310302734375,269.37656094928735,271.49310302734375,47213200
2019-07-25,271.04275323442494,271.09679026285806,269.39454140989733,270.1961364746094,55394100
2019-07-26,270.8806220571784,272.20458412713305,270.7545173430064,272.0064392089844,45084100
2019-07-29,271.8893034379059,272.0063927994392,270.9616313625273,271.5110168457031,38126500
2019-07-30,270.11504669745034,271.24987912226163,269.7367600605903,270.8445739746094,45849000
2019-07-31,271.0877952542594,271.2769523537297,265.8730292190799,267.8814697265625,104245200
2019-08-01,268.034580410699,270.97970848614085,264.7561873361929,265.54876708984375,142646600
2019-08-02,264.6570998538528,264.900266462213,262.0001603982473,263.5492858886719,116749700
2019-08-05,259.4693319799065,259.57740603070056,253.73217206883004,255.62355041503906,178745400
2019-08-06,257.5059389600673,259.4243360091834,256.0378688244235,259.2081604003906,120711700
2019-08-07,256.14586625780424,260.12676707572143,254.02033705525537,259.3612060546875,140572300
2019-08-08,260.8473662533496,264.4499816894531,260.2979805925156,264.4499816894531,87713900
2019-08-09,263.51317920236056,264.1076137886944,260.87427114142235,262.6485595703125,93730000
2019-08-12,261.15357642378325,262.6396497436987,258.50565196905086,259.45135498046875,65527600
2019-08-13,259.1540643328322,264.9272573466739,258.8118115588366,263.4862060546875,94299800
2019-08-14,259.45130980415513,260.0547323721658,255.56949467797537,255.69557189941406,135622100
2019-08-15,256.5781929304247,257.2626984377654,254.33557434084287,256.37103271484375,99556600
2019-08-16,258.01926387137956,260.58610474870034,256.4250893426971,260.15380859375,83018300
2019-08-19,263.1619782082209,263.96354562152703,262.48648800661573,263.2880554199219,53571800
2019-08-20,262.78372151003504,263.3151038974845,261.1445526567622,261.2706298828125,51596400
2019-08-21,263.4232282308441,263.76545358018495,262.7387225606181,263.3962097167969,49524700
2019-08-22,264.09874699254823,264.72918821676154,261.54988112141444,263.3151550292969,51666400
2019-08-23,262.0182453140288,263.67544519573477,255.30836274852658,256.55126953125,149161500
2019-08-26,258.73075758618586,259.38824462890625,257.208650757384,259.38824462890625,72423800
2019-08-27,260.77536371351385,261.14463514735735,257.61405941616033,258.37060546875,66668900
2019-08-28,257.713142961908,260.35205252602015,256.9115477267474,260.18994140625,59696700
2019-08-29,262.738756504129,264.0357003174939,261.7390163836797,263.5133056640625,57899400
2019-08-30,264.9903570171277,265.00836019790177,262.4685374201458,263.3962097167969,62901200
2019-09-03,261.7029833463762,262.61262500129374,260.53211690558965,261.8560791015625,69101400
2019-09-04,264.0176641596419,264.8462502511639,263.2701061248375,264.8282470703125,46887300
2019-09-05,267.30505471636684,269.1423687179154,264.79222286459446,268.23272705078125,83258100
2019-09-06,268.5478903361211,269.07927265061045,267.87240015038213,268.4397888183594,49584300
2019-09-09,269.4216290978449,269.51167250198444,267.63832442630144,268.57501220703125,51260300
2019-09-10,267.8182895737971,268.57486263913984,266.56639560419876,268.5118103027344,57947100
2019-09-11,268.8180718772411,270.50228965378903,268.1696002080379,270.4212341308594,68821100
2019-09-12,271.32190683250764,272.4116900319859,270.56536107938297,271.3579406738281,72908700
2019-09-13,271.7993097824489,272.15057796681884,270.8085850793493,271.1778564453125,62104800
2019-09-16,270.0519027336785,271.22276860427496,269.70066221253126,270.3401184082031,58191200
2019-09-17,270.1420991494671,271.11479314596744,269.97097273102594,271.0247497558594,41475500
2019-09-18,270.6374460314941,271.2949331869254,268.6109750229394,271.1868591308594,73375800
2019-09-19,271.57412843040197,272.564853068215,270.83558574714397,271.1688232421875,76560500
2019-09-20,271.7696025331954,272.0501199494442,269.1004209167277,269.8876037597656,89565000
2019-09-23,269.22709988546444,270.5390897940951,268.97375334735597,269.82427978515625,43476800
2019-09-24,270.91001539595555,271.2990782896173,266.74787081467014,267.70697021484375,94869400
2019-09-25,267.7884732719116,269.7338158847859,266.31362352330837,269.29046630859375,71854000
2019-09-26,269.2994371147494,269.507526385877,267.32695184488114,268.7294006347656,56179700
2019-09-27,269.4804578779437,269.5890586383506,265.7345462186397,267.2817687988281,84746600
2019-09-30,267.7974620299853,269.2270541925325,267.7522324322751,268.52130126953125,51662400
2019-10-01,269.3989896786448,270.0504560848609,265.110185278463,265.32733154296875,88242400
2019-10-02,263.75290831271883,263.7619652759954,259.355531740397,260.6403503417969,122539500
2019-10-03,260.41421121100484,262.8029306373284,257.70882934443205,262.7757873535156,85278800
2019-10-04,263.42725373830876,266.5850420764219,263.37293955799163,266.3316955566406,65091200
2019-10-07,265.5355381167573,267.15516152028187,264.9021578144805,265.1826477050781,59610500
2019-10-08,263.3367631205743,264.06965938553134,261.02947357933596,261.065673828125,95708100
2019-10-09,263.0743985044532,264.47684770935257,262.45007528092935,263.5448913574219,62359400
2019-10-10,263.4634191387641,266.20500117894466,263.3005594403848,265.32733154296875,55296300
2019-10-11,268.06888493024525,270.30377370590077,267.95128245800737,268.07794189453125,98720400
2019-10-14,267.76124398211886,268.4308242275137,267.4355246297877,267.77935791015625,40394800
2019-10-15,268.8199151174833,271.1724341538124,268.7022850237621,270.43048095703125,46754500
2019-10-16,269.968950474554,270.6837602115542,269.5618013428636,269.99609375,48928200
2019-10-17,271.154339092206,271.66103213680316,270.1047527533405,270.79241943359375,45736600
2019-10-18,270.2585831298609,270.9009925949094,268.7565903144165,269.60711669921875,64304000
2019-10-21,270.9191530022715,271.63393547659007,270.4848327697691,271.43487548828125,39048600
2019-10-22,271.96869222968974,272.2582390304072,270.4576699114692,270.54815673828125,48594700
2019-10-23,270.29470651822044,271.389522148428,270.0865896576471,271.3352355957031,34352200
2019-10-24,272.2672627207654,272.4120361034301,270.95527292409713,271.7786560058594,35453100
2019-10-25,271.2086957119938,273.4345560321508,271.15440912981506,272.89166259765625,45205400
2019-10-28,274.10396817421713,274.9273510646477,274.0768248970686,274.4296875,42147000
2019-10-29,274.1582941517787,275.27122390029245,274.03160709840614,274.3482971191406,44284900
2019-10-30,274.5474431635399,275.5608294575838,273.24451003899617,275.18988037109375,49643900
2019-10-31,275.18074553352045,275.18074553352045,273.0092001446827,274.4568786621094,69053800
2019-11-01,275.8954257966221,277.04452767335766,275.7325385691593,276.9992980957031,71141500
2019-11-04,278.5466859006218,278.6824023272669,277.74138908135876,278.11236572265625,60606900
2019-11-05,278.31141105889066,278.6100147945176,277.5151712474853,277.8047180175781,42933200
2019-11-06,277.80466795268586,278.13944426471744,276.92699844774336,277.8680114746094,46487100
2019-11-07,279.1981662183995,280.1753521514452,278.3747830389513,278.84527587890625,54272300
2019-11-08,278.5013371850439,279.5871234668853,277.8046413486891,279.5328369140625,49032100
2019-11-11,278.15755418758573,279.17094007299147,278.0218101817913,278.9990234375,35797300
2019-11-12,279.3609854935828,280.482944664036,278.81809222595433,279.5871887207031,46484600
2019-11-13,278.60091337809416,280.0757626644481,278.37471017743115,279.6776428222656,53917700
2019-11-14,279.3971693561255,280.16626580577037,278.76378931225406,280.0848083496094,51219900
2019-11-15,281.4149705517262,282.1569239474839,280.72733134761177,282.1116943359375,62023600
2019-11-18,281.8763222079318,282.5549317880183,281.4239158212075,282.3196716308594,49228000
2019-11-19,282.91689092495204,282.92594789001487,281.59587182260094,282.23828125,67804700
2019-11-20,281.6501230250607,282.16587294031694,279.6414375348948,281.18865966796875,79406200
2019-11-21,281.2972742396407,281.40584736131234,279.9400549933533,280.73626708984375,54664700
2019-11-22,281.4782563218255,281.6139727413129,280.3562971037963,281.3606262207031,44850200
2019-11-25,282.2835536082596,283.5412292480469,282.2835536082596,283.5412292480469,48647200
2019-11-26,283.57741508601435,284.3645978931575,283.2607250475997,284.1836242675781,37569000
2019-11-27,284.66322888151734,285.450439453125,284.44608257911733,285.450439453125,44444600
2019-11-29,284.889359653411,285.1336767941421,284.165520421141,284.3917236328125,36592700
2019-12-02,284.6451648847005,284.708508432103,281.5507193819938,281.9759826660156,75767800
2019-12-03,279.27048230227246,280.16626580577037,277.8951767026078,280.0848083496094,73941700
2019-12-04,281.1254102128774,282.4102292100744,280.78157685476225,281.81304931640625,49080000
2019-12-05,282.50970219442365,282.5277885093226,281.01673902807784,282.3196716308594,40709000
2019-12-06,284.21985826013315,285.296587950962,284.2108012939693,284.8984680175781,48927000
2019-12-09,284.5093785762691,285.17893130524726,283.9302850497049,284.002685546875,34838500
2019-12-10,283.9484081271428,284.60890391207636,283.03453820665106,283.6860046386719,52649800
2019-12-11,284.13844266213465,284.744679558798,283.6046062730117,284.4913330078125,53429100
2019-12-12,284.5003229017807,287.72145472298655,284.2650903166584,286.9433288574219,96389600
2019-12-13,286.7079965787049,288.3366760105679,285.9389002591607,287.11517333984375,81503900
2019-12-16,288.8343915151686,289.67586093311127,287.051908896003,289.0877380371094,82749700
2019-12-17,289.46778259690007,289.7663587326568,289.0696626740905,289.1510925292969,61097700
2019-12-18,289.5401661044706,289.7663693592397,289.11490288099657,289.169189453125,48133000
2019-12-19,289.3591315184229,290.42683164173593,289.1057850309427,290.35443115234375,85310500
2019-12-20,291.38189255833026,292.7548861145354,290.40900397558755,291.6274108886719,147142100
2019-12-23,292.4094814882067,292.46403497307483,291.92757387289413,292.07305908203125,52990000
2019-12-24,292.300367254362,292.34581924113377,291.7820814125287,292.0821533203125,20270000
2019-12-26,292.46403797456816,293.64609490526334,292.45496422597455,293.6369934082031,30911200
2019-12-27,294.3642412894072,294.4187947469577,293.036727574923,293.5640869140625,42528800
2019-12-30,293.64599037883215,293.7823740438549,291.4637407446412,291.9456481933594,49729100
2019-12-31,291.44557119091616,292.9003950592716,291.10004740048026,292.6548767089844,57077300
2020-01-02,294.18241827406945,295.4099266184102,293.26405545190016,295.3917236328125,59151200
2020-01-03,292.0183611242532,294.27333912755284,291.9638076663748,293.1549377441406,77709700
2020-01-06,291.4091808205573,294.35520666204394,291.29097239733835,294.27337646484375,55653900
2020-01-07,293.70958866181826,294.1824223186019,293.0003659250968,293.4459228515625,40496400
2020-01-08,293.63692440584015,296.2192238536559,293.39143377910256,295.0099182128906,68296000
2020-01-09,296.56469419323554,297.08297983800134,295.9827535924202,297.0102233886719,48473300
2020-01-10,297.59210477257307,297.74666363684656,295.69175220169865,296.15545654296875,53029300
2020-01-13,296.7739367937053,298.20145656045855,296.3465826887822,298.1923828125,47086800
2020-01-14,297.7558156184295,298.8014606220253,297.1829765277459,297.7376403808594,62832800
2020-01-15,297.6466548416363,299.1651054834045,297.56482466469515,298.4104309082031,72056600
2020-01-16,299.7835829561891,300.89288330078125,299.55626753925185,300.89288330078125,54050300
2020-01-17,301.602060838024,302.0384886137536,300.8291829872231,301.8293762207031,95846000
2020-01-21,300.87455177039266,302.0384050979575,300.80182307736766,301.2382507324219,77742400
2020-01-22,302.0928960828411,302.7384914365216,301.1200078040053,301.2745666503906,48914900
2020-01-23,300.62920834330345,302.0294791682876,299.51990792972526,301.62030029296875,51963000
2020-01-24,302.2749912551026,302.3568214862694,297.65592582936773,298.93798828125,87578400
2020-01-27,293.7187945890734,295.61914813945754,293.3823722127157,294.1461486816406,84062500
2020-01-28,295.56449078822,298.1013377120743,294.2369769931781,297.22845458984375,63834000
2020-01-29,298.5833415914443,298.81065700129847,296.7829935559523,296.9830322265625,53888900
2020-01-30,294.92805295887075,298.155948000126,294.1824796021824,297.9468078613281,75491800
2020-01-31,297.3285107663314,297.4830974307918,291.6274511456699,292.5367126464844,113845600
2020-02-03,294.0096870424728,296.5647094244046,293.8914786175827,294.7098083496094,69083000
2020-02-04,298.30140865327917,300.0653780748739,297.9831615981231,299.2015686035156,62573200
2020-02-05,302.1202164545548,302.8658173167413,300.6654206971036,302.65667724609375,65951100
2020-02-06,303.6115159327302,303.86610804710017,302.6022212214516,303.6751708984375,50359700
2020-02-07,302.62037823914807,303.68419851140686,301.51107824895325,302.056640625,64139400
2020-02-10,301.1747098442984,304.3753004752346,301.1383316131343,304.3116455078125,42070000
2020-02-11,305.6572883777854,306.4392397930032,304.3115716359892,304.8389587402344,54864500
2020-02-12,306.2665812903475,307.0121824833329,305.9028821896233,306.8030700683594,43992700
2020-02-13,305.3844613693343,307.4394006150512,305.1116941015181,306.4755859375,54501900
2020-02-14,306.8848140935639,307.08485270504895,305.69368391786554,306.9666442871094,64582200
2020-02-18,305.97565102151555,307.0303978801557,304.7935942108236,306.1756896972656,57226200
2020-02-19,307.13941318370024,308.31234039976835,306.8575443722306,307.6394958496094,48814700
2020-02-20,307.0939679878166,307.91232553087383,303.4023685434506,306.37567138671875,74163400
2020-02-21,305.0299107358874,305.3390562696756,302.40213207600556,303.2204895019531,113788200
2020-02-24,293.81876238067053,303.29325128301434,292.0911434027477,293.1640930175781,161088400
2020-02-25,294.5461162383918,295.155305787831,283.4076649920906,284.2805480957031,218913200
2020-02-26,285.671768973568,289.2451599784566,282.5075567395727,283.2349548339844,194773800
2020-02-27,277.7430794140114,283.2895814994862,270.51446533203125,270.51446533203125,284353500
2020-02-28,262.50367427993046,270.85978548709136,259.6304060535097,269.377685546875,384975800
2020-03-02,271.1508409072188,281.1072645783154,267.7411105744401,281.0436096191406,238703600
2020-03-03,281.4163498763603,285.362540273407,270.5688700932583,272.99658203125,300139100
2020-03-04,278.3431137377837,284.6897687189938,275.8062664944297,284.4715270996094,176613400
2020-03-05,277.30652348973354,280.4798365727048,272.78749368251545,275.0151672363281,186366800
2020-03-06,266.550048117172,271.669195665043,263.895019628656,270.4689636230469,228667200
2020-03-09,250.31965987878343,258.40300728811127,248.6375484367583,249.34677124023438,309417300
2020-03-10,258.8121691635351,262.34007996344667,248.68298420253547,262.2491760253906,276444100
2020-03-11,255.22964556471337,256.35712064223424,246.30069337444888,249.46490478515625,255316300
2020-03-12,232.7709352018375,242.46366575529143,225.2058731481479,225.59686279296875,392220700
2020-03-13,239.2176595616623,246.84637861531118,225.96972368329568,244.8823699951172,329566100
2020-03-16,219.29565492416742,233.5892450551575,215.82228363619473,218.0863494873047,297240000
2020-03-17,222.80537549634366,232.92547174543108,215.55857593872489,229.8612518310547,262070500
2020-03-18,214.81303238868713,225.8332774835406,207.3298140234867,218.22276306152344,327597100
2020-03-19,217.54078281186924,224.9330821910598,211.1486764895506,218.6864471435547,289322000
2020-03-20,221.81991016314782,223.59425218036205,208.98795912832034,209.26234436035156,347158800
2020-03-23,208.7044789871797,210.06723647976997,199.62241092920152,203.91192626953125,326025200
2020-03-24,214.4024524745698,223.25586710368103,213.83539985668068,222.38697814941406,235494500
2020-03-25,223.96012504187064,234.45983814371337,219.2773351144632,225.71617126464844,299430300
2020-03-26,228.21302993098874,240.35901111388173,227.78316298320365,238.89566040039062,257632800
2020-03-27,231.64282838705617,238.53896824316124,229.6123970169316,231.78001403808594,224341200
2020-03-30,233.86534941132197,240.02065962306284,231.8806509910672,239.30726623535156,171369500
2020-03-31,238.31031171628476,240.8437663965274,234.34091545507368,235.74026489257812,194881100
2020-04-01,226.80454835925843,235.6579634150699,223.0729450503608,225.1308135986328,189554600
2020-04-02,224.2527626516447,231.1031684005244,223.70399220839067,230.3257598876953,177660400
2020-04-03,229.34713296100213,231.68854153043867,224.2802099883143,226.99659729003906,135561200
2020-04-06,235.82257866876083,244.20039326267332,226.97831890956317,242.2431182861328,188061200
2020-04-07,250.79468057924873,251.54466592390668,242.27055425611888,242.49005126953125,201427200
2020-04-08,245.0784176857371,252.43187579591768,242.5998371553158,250.63009643554688,153774500
2020-04-09,253.8769958653846,257.1879018296758,251.94718547455085,254.44407653808594,189999200
2020-04-13,253.47457156857448,253.8129721922828,248.2338556738121,252.12094116210938,114839100
2020-04-14,256.986684742042,260.57193412967735,251.98377555177996,259.5567321777344,134143400
2020-04-15,253.86777191417943,259.69382092824196,251.937934347916,254.0415496826172,121775000
2020-04-16,255.31287012366016,256.1177297950417,252.21236288007296,255.26715087890625,131798300
2020-04-17,261.0109754835331,262.7670081547687,258.28543213366686,262.16339111328125,146684800
2020-04-20,258.47741548206835,262.3004990519238,257.3250281055535,257.5445251464844,100109300
2020-04-21,253.09953104215276,254.29766552191046,248.7917064291713,249.72462463378906,126385700
2020-04-22,254.581194737837,257.0049008539564,253.26415671405383,255.26715087890625,92951600
2020-04-23,256.53851790341855,259.6939282537164,254.94710811542575,255.24891662597656,104709700
2020-04-24,256.75795780388637,259.47434514496024,254.71837156685336,258.8066711425781,85063200
2020-04-27,260.77311225237196,263.6541227954052,260.3158081054895,262.5382995605469,77896600
2020-04-28,266.16934385989936,266.5168995404028,261.0292487828998,261.3310852050781,105270000
2020-04-29,266.6357062557457,269.6996490647606,265.6113496189512,268.1722412109375,118745600
2020-04-30,266.80036532536803,268.27289912485736,263.94679204552654,265.6754150390625,122901700
2020-05-01,260.94676956122765,265.8399272556353,257.4803979133021,258.6419677734375,125180000
2020-05-04,256.7671117660128,259.6572771920801,255.2946058776954,259.35546875,80873200
2020-05-05,262.1633243825663,264.5504385375619,259.4835009746892,261.7517395019531,79569900
2020-05-06,263.4436975938998,263.82781732551877,259.54745856060816,259.9773254394531,73632600
2020-05-07,263.1785312311904,265.03518491368027,262.6114785663358,263.114501953125,75250400
2020-05-08,266.2332909565574,267.9344766802259,265.1083128503956,267.468017578125,76452400
2020-05-11,265.54745236725,268.8949231270032,265.12674023475915,267.52301025390625,79514200
2020-05-12,268.7028030813547,269.11436010431197,262.0535823124858,262.1907958984375,95870800
2020-05-13,261.6328872690551,262.666399268781,255.13916178368657,257.5537414550781,144721100
2020-05-14,255.12999344010436,260.7639559394108,249.67890794003233,260.63592529296875,121977900
2020-05-15,258.25795394887507,261.8797951803383,257.31590846985506,261.8340759277344,111146300
2020-05-18,268.0258902625386,271.4099513684289,267.7057997595582,269.80938720703125,119703800
2020-05-19,269.2149188705736,270.9160766593907,267.0198648575471,267.03814697265625,95189300
2020-05-20,270.5593529321453,272.43428822067204,270.3307009256605,271.5745544433594,85861700
2020-05-21,271.4465815641365,272.2514412639975,268.6112904984,269.6996765136719,78293900
2020-05-22,269.4161179191645,270.3856002837618,268.18139138715867,270.2118225097656,63958200
2020-05-26,276.14762383993184,276.3854308835985,270.23010816848546,273.5409851074219,88951400
2020-05-27,276.32148280283,277.647676135296,271.5197887469561,277.611083984375,104817400
2020-05-28,278.6354121938182,280.6384065978622,276.4312028479003,277.098876953125,90405200
2020-05-29,276.63246245988785,278.91898357239154,273.8977921410565,278.3336486816406,119090800
2020-06-01,277.6933091449905,280.06214079412035,277.18113083769884,279.45849609375,55758300
2020-06-02,280.37311161244173,281.8182080910608,279.04694656843077,281.7724609375,74267200
2020-06-03,283.74802731711804,286.47356968873544,283.47365603310084,285.5223693847656,92567600
2020-06-04,284.5437173559386,286.2723400914508,282.68706399832803,284.7723693847656,75794400
2020-06-05,290.14111331971145,293.83610963798606,290.0770840592824,292.0709228515625,150524700
2020-06-08,292.8757764564875,295.7933782251572,292.3361610829709,295.601318359375,73641200
2020-06-09,292.9489787890649,295.6745211196793,292.08924489657664,293.39715576171875,77479200
2020-06-10,293.97334309587063,294.86051405519015,291.0465860578865,291.7599792480469,95000800
2020-06-11,284.86387360342525,285.49495551971415,274.3916260395954,274.94036865234375,209243600
2020-06-12,281.91884136581535,282.68710895546064,273.1020322461087,278.23297119140625,194678900
2020-06-15,272.571533180231,281.95542250093104,271.4008357686363,280.8304443359375,135782700
2020-06-16,288.5406401343892,288.6869808136118,281.3975514551438,286.2358093261719,137627500
2020-06-17,287.2509617160601,287.5436429956931,284.3150497306048,285.0467529296875,83398900
2020-06-18,283.53770864356693,285.63214141110257,283.0804045248097,285.15655517578125,80828700
2020-06-19,288.606925057698,288.7998301267632,281.58855589183077,283.5268859863281,135549600
2020-06-22,282.92969448323436,285.74070848311646,281.79059883305774,285.345703125,74649400
2020-06-23,287.9822882833986,288.9101167071253,286.25525352949296,286.6594543457031,68471200
2020-06-24,284.6291534248059,285.24464967116955,277.5189452723247,279.3470153808594,132813500
2020-06-25,278.777527255436,282.60823878319684,276.7657189618887,282.3418273925781,89468000
2020-06-26,281.2486339410296,281.4599295868436,275.05705756423436,275.6357727050781,127961000
2020-06-29,276.88522233022,279.8248316025457,274.6070020157389,279.6870422363281,79773300
2020-06-30,279.25523166814565,284.95996268018115,279.09907976025323,283.2696533203125,113394800
2020-07-01,284.3811913050776,286.5124263442875,283.921874858754,285.2538757324219,72396500
2020-07-02,288.6712011809494,290.01242543532555,286.1633512394865,286.82476806640625,69344200
2020-07-06,290.6278998033505,291.83130671638787,289.8838093619901,291.2525634765625,61713800
2020-07-07,289.718414264675,291.6842738605442,287.8719533827628,288.24859619140625,82910000
2020-07-08,289.0111389985439,290.56363114196824,287.256574491188,290.4533996582031,54638600
2020-07-09,291.0596644429372,291.29851798418645,285.40088203041387,288.7998352050781,83354200
2020-07-10,288.73557224712687,292.01509919724424,287.3117021320966,291.7486877441406,57550400
2020-07-13,294.0819575281441,296.4520180972743,288.57016007630955,289.2223815917969,102997500
2020-07-14,287.80771779411623,293.742107367341,286.61350606595687,292.970458984375,93657000
2020-07-15,296.17641945606164,296.7551626349699,293.2918988610107,295.6619873046875,87196500
2020-07-16,293.7696908622151,295.1384452286561,293.12663646975597,294.6883239746094,54622500
2020-07-17,295.68955664678975,296.32341557834684,293.7236688220878,295.5425720214844,62774900
2020-07-20,295.27619796890855,298.6751512770174,294.53210748290684,297.9310607910156,56308800
2020-07-21,299.88771395693493,300.3286397959149,297.58193646428316,298.56488037109375,57292200
2020-07-22,298.20664479704493,300.57673367466816,298.096413320775,300.2643737792969,57792900
2020-07-23,299.9060815666081,300.604251536004,295.32211240358737,296.6816711425781,75738000
2020-07-24,294.8353071395609,295.79066538679007,293.2736196426377,294.77099609375,73766600
2020-07-27,295.45993962173293,297.09510525887373,294.6699006548691,296.9205627441406,48293000
2020-07-28,296.1948119559722,297.3063779975777,294.74338424671515,295.037353515625,57495000
2020-07-29,295.910055607234,299.2263352942239,295.8733024378187,298.66595458984375,48454200
2020-07-30,295.70805101133647,298.0138295446876,293.631958835389,297.6004333496094,61861700
2020-07-31,299.38250887264957,300.053121099359,295.18434905701736,299.9520568847656,84986800
2020-08-03,301.6055948819654,302.7998065744939,301.063604773236,302.037353515625,53077900
2020-08-04,301.1830061675054,303.2040100097656,301.1830061675054,303.2040100097656,41917900
2020-08-05,304.49930864404297,305.344463414178,304.2328972007619,305.08721923828125,42697700
2020-08-06,304.5084445350137,307.24595264171285,304.1869174123309,307.12652587890625,43679400
2020-08-07,306.16194069300275,307.6317587906,305.2616704500429,307.34698486328125,57308300
2020-08-10,307.79711328642304,308.4493347450377,305.86797873960825,308.265625,44282100
2020-08-11,309.44158091644624,310.07544003010565,304.99539985279966,305.7210998535156,69601100
2020-08-12,308.1462545152505,310.755168860554,308.11869664674026,309.9835205078125,53774400
2020-08-13,309.2210868443049,310.7276586457943,308.5045541186952,309.4231872558594,41816100
2020-08-14,309.0373370596852,309.96516537922156,308.31160912555913,309.4323425292969,47260400
2020-08-17,310.4428410719962,310.8102886684304,309.4415344570698,310.415283203125,35481000
2020-08-18,310.8103002489864,311.5084703323429,309.22105499298743,311.0859069824219,38733900
2020-08-19,311.4625096622481,311.97694190316844,309.23023818456306,309.7906188964844,68054200
2020-08-20,308.0727368847193,311.2328365188577,307.9441428478694,310.7551574707031,42207800
2020-08-21,310.42447869422375,312.07800689641704,310.0845609319981,311.8575439453125,55106600
2020-08-24,314.282655050301,315.09105641524553,311.8299211267681,315.017578125,48588700
2020-08-25,315.57797452610504,316.2026382005386,314.4204880441908,316.1199645996094,38463400
2020-08-26,316.7077985719183,319.55553733406884,316.1658086773657,319.2891540527344,50790200
2020-08-27,320.1527409405033,321.4296260137834,318.3338378197821,319.98736572265625,58034100
2020-08-28,321.0071247417891,322.18297388597506,319.82208029637775,322.0543518066406,48588900
2020-08-31,321.8431427119025,322.71582741898374,320.65809805087804,320.88775634765625,66099200
2020-09-01,321.71445732028485,324.0110398362748,320.8233821827026,323.9100036621094,54908700
2020-09-02,325.8115446408763,329.55955455684506,324.67242077563617,328.5950012207031,69540000
2020-09-03,326.9139385366805,327.38245036251664,314.7144927720197,317.28668212890625,148011100
2020-09-04,317.9664062807728,319.52806537103726,307.6225909820258,314.6960754394531,139156300
2020-09-08,309.31290219076556,314.76041705680797,305.79455021998007,306.0976867675781,114465300
2020-09-09,310.08448592607925,314.59497627275397,309.2209688638553,312.1422424316406,91462300
2020-09-10,314.0071656953316,314.6593873315728,305.76702585786137,306.722412109375,90569500
2020-09-11,308.49534310221514,309.5517654532482,304.0675252807341,306.8785400390625,84680200
2020-09-14,310.0293657621418,312.68422793413146,307.0254466851529,310.9204406738281,65605700
2020-09-15,313.3640785558133,314.1908426333069,310.92970675868344,312.49139404296875,52920900
2020-09-16,313.722314804491,315.1461845137935,310.9755835087965,311.2511901855469,82096000
2020-09-17,306.4191899701,310.2223436585627,305.89556248526213,308.513671875,91523300
2020-09-18,309.31525102875935,309.4259237792602,302.4901593299551,304.9619445800781,105877900
2020-09-21,300.39645567196135,301.7153525566458,296.7348829024936,301.5677795410156,99450800
2020-09-22,303.043459504694,305.19242981762375,300.54397867680115,304.6390380859375,63612100
2020-09-23,305.19248294549067,305.46919293283975,297.0761632901137,297.57421875,93112200
2020-09-24,296.2645346304888,301.4110140489383,294.95484153622937,298.3674011230469,76681300
2020-09-25,297.5188397783968,303.97501178267646,296.6518940041928,303.1910705566406,71069400
2020-09-28,307.3322255987747,308.9370364423363,306.3453468665424,308.22686767578125,64584600
2020-09-29,308.0239809607782,308.76181796353166,305.85654606350835,306.54827880859375,51304000
2020-09-30,307.2123221968008,312.0083468241908,307.0186449225947,308.87249755859375,104081100
2020-10-01,311.454934234135,312.4233486871583,308.9831496490162,310.8554382324219,88698700
2020-10-02,305.93029309925635,310.82775782543484,305.4599059080019,307.9040222167969,89431100
2020-10-05,309.9515464147121,313.5485503664023,309.90544216593185,313.3641052246094,45713100
2020-10-06,313.5024159911563,315.58684573448136,308.40204248328774,308.9093017578125,90128900
2020-10-07,311.8516163527998,315.08893515864236,311.82394816414654,314.2865295410156,56999600
2020-10-08,316.21406610772175,317.1363763322467,315.30095984570346,317.0718078613281,45242500
2020-10-09,318.7135321923036,320.3644754439447,318.09560007830606,319.9033203125,59528600
2020-10-12,322.4303863309191,326.5162133421552,321.9415631009819,325.04974365234375,80388500
2020-10-13,324.9114894581619,325.08673067665825,321.9693171855265,322.92852783203125,73255500
2020-10-14,323.50033584861643,324.5886552411015,320.1708091953333,320.8994140625,57727900
2020-10-15,317.0072439350563,320.98239880801316,316.4723163816997,320.5028076171875,60357700
2020-10-16,321.8493854624627,323.500328734651,320.1339018625422,320.30914306640625,89501900
2020-10-19,321.5634252410943,322.19058938218416,314.54465857388607,315.4393005371094,68425600
2020-10-20,316.77662276612375,319.9309357295135,316.02034986675716,316.7028503417969,60051900
2020-10-21,316.6566960303583,318.81492630925965,315.7989544419074,316.10333251953125,63575000
2020-10-22,316.31550456028447,318.41837073196325,314.184970207926,317.8373107910156,55399300
2020-10-23,319.05481431257,319.11015068212924,316.47235657754385,318.9164733886719,49143900
2020-10-26,315.5500707808946,316.33404027290226,309.5458208963196,313.02294921875,91473000
2020-10-27,313.36415234517256,313.69617053832854,311.73164512212657,311.94378662109375,65994100
2020-10-28,306.29923020856904,311.9714324418126,300.793037060004,301.2818603515625,127094300
2020-10-29,301.512373539404,307.4981565925176,299.8337625393213,304.3438720703125,90597700
2020-10-30,302.77601447703177,304.07647533605143,297.5372988957393,301.17120361328125,120287300
2020-11-02,304.54681396484375,306.5389790620521,301.81675573433955,304.54681396484375,86068300
2020-11-03,307.7656564080065,311.9713881697363,304.62980772905644,309.9238586425781,93294200
2020-11-04,314.37865106265446,320.90862324436983,313.20732720493976,316.8504638671875,126959700
2020-11-05,322.107657910906,324.8284847044749,321.75717547412864,323.02996826171875,82039700
2020-11-06,322.74400475930975,324.20127065202445,320.6411386081411,322.9561462402344,74973000
2020-11-09,335.6932240544699,336.07137459090427,326.553127154814,327.0142822265625,172304200
2020-11-10,326.0274414780705,327.5861480533205,323.2789749451511,326.53472900390625,85552000
2020-11-11,328.71137691264624,329.7812602109788,327.4754845197472,328.9604187011719,58649000
2020-11-12,327.9550663459089,329.00651354142656,323.97070745695135,325.7691955566406,67546200
2020-11-13,327.6692037314988,331.0171949671076,327.1527121622969,330.27935791015625,62892200
2020-11-16,332.93559901843656,334.59574638349557,331.65357412637275,334.4020690917969,74541100
2020-11-17,332.00398913327604,333.802505202386,330.5006190703116,332.6034851074219,66111000
2020-11-18,332.87100914114745,333.41516883301097,328.56380771525403,328.6007080078125,70591300
2020-11-19,327.9735621111223,330.35311040072077,326.6362008611728,329.98419189453125,59940900
2020-11-20,329.7259436268605,329.92885302572876,327.6507453802579,327.7245178222656,70417300
2020-11-23,329.5229862809576,330.94335186636596,327.3002153270848,329.6889953613281,63230600
2020-11-24,332.22539331938475,335.54571610904793,331.3768835849959,335.0015563964844,62415900
2020-11-25,334.91859445437876,334.9462626417011,333.3967878582888,334.485107421875,45330900
2020-11-27,335.573402977946,335.8869851273918,334.41128290018645,335.4166259765625,28514100
2020-11-30,334.6418093714301,334.90928722000234,331.2661786885653,333.931640625,83872700
2020-12-01,337.16896165443563,339.1150227531008,336.57866958962217,337.583984375,74231400
2020-12-02,336.47726746171054,338.45099696751333,335.90543955018524,338.2942199707031,45927000
2020-12-03,338.1927942556074,339.58549206347914,337.1044746630616,338.2020263671875,62882000
2020-12-04,338.78295063000496,341.11639404296875,338.69071399123095,341.11639404296875,50749900
2020-12-07,340.3509588633568,340.9043507086095,339.151966654208,340.41552734375,48944300
2020-12-08,339.1519192516688,341.9741863066491,339.105814998791,341.4115905761719,42458900
2020-12-09,342.06651952920635,342.2232965505909,337.5195355621364,338.349609375,74098300
2020-12-10,336.9844740552152,339.28101745162724,336.1175002134625,338.23883056640625,57735400
2020-12-11,336.5510562374535,338.24810398025454,335.03848183162887,337.84228515625,57698600
2020-12-14,340.0004557165168,341.0703108111561,336.1544096839779,336.32965087890625,69216200
2020-12-15,338.85690756124393,340.87677001953125,337.49190589215584,340.87677001953125,63865300
2020-12-16,341.08877636600363,342.32466869787885,340.2125703879291,341.4115905761719,58420500
2020-12-17,343.04411893080777,343.52371018713376,342.2232491966983,343.32080078125,64119500
2020-12-18,343.6078706270574,343.7745873422909,339.94920475396054,341.94989013671875,136542300
2020-12-21,338.05044054116735,350.5454322565791,335.3272876322013,340.7272644042969,96386700
2020-12-22,341.0515319715881,341.1626764801447,339.0323313550487,340.153076171875,47949000
2020-12-23,341.1163946418889,342.3575555008269,340.13458040621174,340.4587707519531,46201400
2020-12-24,340.9310482842166,341.8109892466204,340.3475397301883,341.783203125,26457900
2020-12-28,344.3210549674562,345.1083660073762,343.70048890382196,344.7193603515625,39000400
2020-12-29,346.2384721497358,346.41446036686983,343.47826119327533,344.0617980957031,53680500
2020-12-30,344.87680252607737,345.5807552049066,344.16360665234055,344.5526123046875,49455300
2020-12-31,344.35813994007736,347.0257205730323,343.8487183090097,346.3032531738281,78520700
2021-01-04,347.62773872628424,347.757426120549,337.9114732173505,341.5886535644531,110210800
2021-01-05,340.949602377982,345.0250605268472,340.9032733293273,343.94134521484375,66426200
2021-01-06,342.4408544416183,349.17465054566816,341.8943751612788,345.99761962890625,107997700
2021-01-07,348.3594891696927,351.87919612243684,348.1835009953903,351.1382141113281,68766800
2021-01-08,352.5183216455743,353.3519335138123,349.28574719059816,353.138916015625,71677200
2021-01-11,349.9804746734245,352.5090967320955,349.86005871507695,350.7585144042969,51034700
2021-01-12,350.94378384862574,351.8422112962133,348.60036486061927,350.8326110839844,52547700
2021-01-13,350.7584722249537,352.7684008880122,349.98043258764204,351.77734375,45303600
2021-01-14,352.51837079015854,353.0185492874925,350.2120377042884,350.54547119140625,49989100
2021-01-15,348.9337700181384,349.7303243022452,346.13653029489757,347.989013671875,107160000
2021-01-19,350.43436384879664,351.2587327237774,348.9616425912402,350.72149658203125,51233300
2021-01-20,352.99994173082,356.40853248612547,352.6109360670709,355.5749206542969,61836100
2021-01-21,356.1307609286557,356.55685258078455,354.9822299475426,355.8992004394531,47840100
2021-01-22,354.0558980073029,355.79723696621016,353.67613550952814,354.6394348144531,52860500
2021-01-25,355.3712516562635,356.39009516001715,350.54551087699815,356.03814697265625,70402000
2021-01-26,356.9828067931668,357.390355390859,355.2507393863011,355.4822998046875,42665300
2021-01-27,352.1756209612476,352.268250784751,344.57118450473314,346.7941589355469,123351100
2021-01-28,348.6003272642872,353.7595005336595,348.1650207830178,349.77667236328125,94198100
2021-01-29,347.9242248487391,348.8875242713741,341.1070702475137,342.7743225097656,126765100
2021-02-01,346.1550740721614,349.5080647438886,343.0614299643618,348.4799499511719,75817600
2021-02-02,351.64767805001776,354.95436791269526,348.563305430762,353.40753173828125,64450700
2021-02-03,354.2319040558715,355.3989777290151,352.41647810504685,353.6854248046875,52427100
2021-02-04,354.7135510817987,357.7516230488669,353.79658074701985,357.705322265625,47142600
2021-02-05,359.56706738711136,359.8171424896875,357.6590115971153,359.1131896972656,48669800
2021-02-08,360.55801481683307,361.7528742541925,359.70588847492877,361.7065734863281,38365200
2021-02-09,360.8730120616109,362.0586285633891,360.46549172244113,361.4658203125,35551100
2021-02-10,363.1978292361721,363.3460312750163,358.9185978311458,361.30828857421875,59154400
2021-02-11,362.3827831768322,362.7996032364326,359.4743990216484,361.8918762207031,42913300
2021-02-12,361.09534309546916,363.92036905749677,361.0212279279476,363.6795654296875,50593300
2021-02-16,364.9021580602048,365.09668916164804,362.6513976005245,363.3645935058594,50972400
2021-02-17,361.62333111241526,363.69810367108147,360.6137026893847,363.4480285644531,52290600
2021-02-18,360.854465504746,362.64210502833146,359.1409128726459,361.901123046875,59712800
2021-02-19,363.1516874854546,363.4388202281196,360.8175396848733,361.26214599609375,83241000
2021-02-22,358.51118456360194,360.8823615464996,358.2147803740749,358.4833984375,67414200
2021-02-23,356.28817782496253,360.26176310227765,352.1571472693643,358.918701171875,107284100
2021-02-24,357.8349308137793,363.2997792629968,356.8531169079845,362.8736877441406,72433900
2021-02-25,361.6140854057681,362.9756620610373,352.6943718341732,354.1300354003906,146670500
2021-02-26,356.0009908112732,357.14024997245446,350.3323963247881,352.3052673339844,152701600
2021-03-01,357.14964047165864,362.0865260377389,352.49991592373885,360.8453369140625,105348800
2021-03-02,361.0675516711816,361.29911209964035,357.5293015403347,358.02947998046875,79595300
2021-03-03,357.33484267513,358.29811382408514,353.18526911043256,353.28717041015625,119940200
2021-03-04,353.1018549094259,355.6768056530186,344.4507609972597,348.9152526855469,183433000
2021-03-05,352.3978775655479,356.3807334772414,345.15468960580324,355.3340759277344,152039600
2021-03-08,356.2881862042194,359.08542635862597,353.28717171626954,353.5650329589844,123149200
2021-03-09,357.390482434412,361.1510227044543,356.8903038382334,358.6131286621094,113633600
2021-03-10,360.947238230183,362.5311040959759,359.53936060132963,360.8453369140625,109899400
2021-03-11,363.29977289296414,366.4675035095816,362.84589526271924,364.5038757324219,86245000
2021-03-12,363.15163038715974,365.1337731463777,362.3458045414346,364.9948425292969,64653600
2021-03-15,365.2448796926078,367.43082481864235,363.11453507428547,367.1714782714844,73427200
2021-03-16,367.7828178436457,368.48674235114737,365.9395775428918,366.7083740234375,73722500
2021-03-17,365.4301208451546,368.7553250112462,364.2908334278087,367.9587707519531,97959300
2021-03-18,365.38391982937577,367.45869266810354,361.92902731965506,362.6051940917969,115349100
2021-03-19,362.305939150035,363.87641702535865,359.76900680699566,361.9342346191406,113624500
2021-03-22,362.44521540409215,366.19949525918395,362.3894611592487,364.82415771484375,73778600
2021-03-23,364.1923772601294,365.6327429914725,361.1722317802097,361.95281982421875,90686600
2021-03-24,363.3466815716018,364.9729135223698,360.0663405424219,360.11279296875,97588600
2021-03-25,358.6816752192018,362.92844160622286,356.7487667963971,362.1385803222656,116128600
2021-03-26,363.28162946554033,368.3740689250356,362.6869079495488,367.9744873046875,114409100
2021-03-29,366.506169777318,368.6899723870586,365.0286254649994,367.78857421875,108107600
2021-03-30,366.52485411067954,367.4820067384965,365.22384572711366,366.81292724609375,76262200
2021-03-31,367.379739547907,369.85161555750506,367.35186241979716,368.2997131347656,112734200
2021-04-01,370.22331734295256,372.3327906716872,370.01887561856495,372.2770080566406,99682900
2021-04-05,374.92546817300206,378.15935697469143,374.85113861446,377.620361328125,91684800
2021-04-06,377.0627218481214,378.4380310220128,376.72816802256057,377.3972473144531,62021000
2021-04-07,377.2300221296708,378.1778727378527,376.77468630209785,377.83404541015625,55836300
2021-04-08,379.0793553590518,379.6833787740755,378.15007984078824,379.62762451171875,57863100
2021-04-09,379.5067812528372,382.55480332633414,379.38597091748704,382.38751220703125,61104600
2021-04-12,381.7927810410096,382.79638593522094,381.1887577388025,382.52691650390625,56704900
2021-04-13,382.42475109343,384.2833021211937,382.04374472962985,383.6606750488281,56551000
2021-04-14,383.6326872969194,384.68277286229085,381.81131575549193,382.3503112792969,61659900
2021-04-15,384.4784328546867,386.7272920226282,384.43198042379737,386.4577941894531,60229800
2021-04-16,387.7401793717676,388.35350456848977,386.3276909048911,387.7494812011719,82037300
2021-04-19,386.8202693324789,387.2663034694135,384.52495747203403,385.8445129394531,78498500
2021-04-20,384.63636975752553,385.7329078820872,381.55116873929074,383.0194396972656,81851800
2021-04-21,382.4061826077296,386.8481185088796,382.2667685907722,386.6436767578125,66793000
2021-04-22,386.4763973374381,387.30343777713887,382.05303692792,383.1123962402344,97582800
2021-04-23,383.6699439588904,388.66945033208026,383.59561440222234,387.2662353515625,73209200
2021-04-26,387.9166850756221,388.6415186781956,387.33123709676823,388.07464599609375,52182400
2021-04-27,388.37206467020457,388.56723292463965,386.8573412168641,387.9910583496094,51303100
2021-04-28,388.2605228895101,389.37566462785594,387.41487893712383,387.8795166015625,51238900
2021-04-29,390.5930916563602,390.96479619087927,386.98749811712497,390.3514709472656,78544300
2021-04-30,388.09326732154926,388.93891128959154,386.89449418451875,387.7865905761719,85527000
2021-05-03,389.76600704578584,390.1470133949862,388.1305014883067,388.6230163574219,68128300
2021-05-04,386.6436491697438,387.13616403136706,382.55484279938787,386.2254638671875,101591200
2021-05-05,387.8610371745142,388.0933560641573,385.78874246957105,386.3463134765625,60162200
2021-05-06,386.4206161525747,389.5615718594526,384.42267951252586,389.4314880371094,74321400
2021-05-07,390.1935113301949,392.9162817949607,389.5151299919211,392.2657775878906,67733800
2021-05-10,392.61877934361434,392.84179632083254,388.26047630535754,388.38128662109375,81852400
2021-05-11,383.8836181645365,385.9001296111552,381.0586134145165,384.91510009765625,116888000
2021-05-12,382.14603140850886,383.40983266568554,375.4273583261664,376.7376403808594,134811000
2021-05-13,378.2801260879357,383.1866988347354,378.2336453045816,381.2630920410156,106394000
2021-05-14,383.9858394467586,387.96313660337415,383.9579623220789,387.11749267578125,82201600
2021-05-17,386.0117863590001,386.94106191389204,384.1253297576997,386.132568359375,65129200
2021-05-18,386.3926838620524,386.6343045309309,382.6477052906037,382.8056945800781,59810200
2021-05-19,378.14074413936413,381.97862757643315,376.66317135235914,381.80206298828125,106467100
2021-05-20,382.67556601783144,387.1639817014691,382.55478404780166,385.9094543457031,78022200
2021-05-21,387.3870617505494,388.62301401036063,385.13823098788333,385.59356689453125,76578700
2021-05-24,387.8238544432402,390.5931057902049,387.5822337254024,389.5244445800781,51376700
2021-05-25,390.60230787289504,390.95543705465997,388.08397953448286,388.6601257324219,57451400
2021-05-26,389.2456215946333,389.93327638516723,388.2141394088324,389.4314880371094,43088600
2021-05-27,390.45369225566577,390.9647824277328,389.35712563246545,389.63592529296875,56707700
2021-05-28,391.19710514384474,391.4573011473298,390.10056686910303,390.3328857421875,58520200
2021-06-01,392.68393734755085,392.8233229944938,389.5522835895408,389.9890441894531,54216600
2021-06-02,390.639473876416,391.43866542326464,389.63586897767476,390.602294921875,49097100
2021-06-03,388.2977009886876,390.2863354413077,386.83873191934526,389.1526184082031,58138800
2021-06-04,390.99262682035794,393.0091669281305,389.21770739294345,392.7117919921875,55938800
2021-06-07,392.70242342127887,392.8789879870348,391.40144374668,392.3307189941406,51555000
2021-06-08,393.18568426469994,393.2786174726193,390.5930264269201,392.4143981933594,47134300
2021-06-09,393.2506472528407,393.32500514526697,391.60584046304956,391.828857421875,48436300
2021-06-10,393.0462757947363,394.5981780350405,391.7359942091365,393.6502990722656,51020100
2021-06-11,394.1986050940301,394.41232026935137,392.9162006051728,394.3008117675781,45570800
2021-06-14,394.41234034324725,395.28586146390614,393.17641657338044,395.18365478515625,42358500
2021-06-15,395.33238351653245,395.36953411673755,393.58534109284255,394.4588623046875,51508500
2021-06-16,394.59826214861766,394.82127919481803,390.2213824615084,392.2564697265625,80386100
2021-06-17,391.84754100046604,393.1020400089684,389.6637383024435,392.1263122558594,90949700
2021-06-18,388.85950415112694,389.5494085797688,386.6312846967765,386.8363952636719,118676300
2021-06-21,388.58912956449535,392.5608031135424,387.7780195471861,392.37432861328125,72822000
2021-06-22,392.36500160297555,395.30178987033617,391.64710042623443,394.4720153808594,57700300
2021-06-23,394.54664482628675,395.34842259301394,393.91267704068656,393.99658203125,49445400
2021-06-24,396.13158375367453,396.74688700384473,395.879840335682,396.3273620605469,45110300
2021-06-25,397.0732627744451,398.18272076667404,396.7469465793157,397.7351989746094,58129500
2021-06-28,398.25727348362227,398.7047667692016,397.0639106353862,398.5369567871094,53159600
2021-06-29,398.91918326202716,399.5531510094126,398.2199465974664,398.7513732910156,35970500
2021-06-30,398.29453168040874,399.75827397212026,398.26656335103905,399.0870056152344,64827900
2021-07-01,399.8421598624358,401.45507598441856,399.7768909463528,401.29656982421875,53441000
2021-07-02,402.4526561515775,404.7181760542259,401.38047053367126,404.3638916015625,57697700
2021-07-06,404.4198237331857,404.6342665447706,400.9050044776281,403.6273498535156,68710400
2021-07-07,404.3079918986779,405.33354476274883,402.303519022366,405.0538330078125,63549500
2021-07-08,399.7582794572034,402.5086218416847,398.5835527035313,401.7534484863281,97595200
2021-07-09,403.25440855817396,406.34037048355896,401.5575875765757,406.0420227050781,76238600
2021-07-12,405.9582362315906,407.74829497300664,405.52937895734175,407.4965515136719,52889600
2021-07-13,406.7133908705391,408.2051016773012,405.8463441001398,406.1073913574219,52911300
2021-07-14,407.79489909676516,408.2797214909891,405.4734420081782,406.7134094238281,64130400
2021-07-15,405.3801248896569,406.0513932284904,403.4315887906017,405.3241882324219,55126400
2021-07-16,406.4989460325066,406.54555043309637,401.7534629006535,402.14501953125,75874700
2021-07-19,397.3436335763946,402.21032270665535,393.40926015344803,396.2062072753906,147987000
2021-07-20,396.8681095390226,403.1519362165868,396.07563556513816,401.88397216796875,99608200
2021-07-21,403.07734671744265,405.2776264574665,401.8373794156442,405.13775634765625,64724400
2021-07-22,405.3149375806969,406.22861725285645,404.3360174299691,405.9862060546875,47878500
2021-07-23,407.9067473953741,410.49858385610935,407.2261751560549,410.1629638671875,63766600
2021-07-26,409.5755481567641,411.17913206497195,409.52894375936796,411.1697998046875,43719200
2021-07-27,410.1349462433999,410.1629145724487,406.48025668627827,409.2958679199219,67397100
2021-07-28,409.9204951499821,410.49852624000596,407.7109118436593,409.1280212402344,52472400
2021-07-29,410.0510501972417,411.8970168587412,410.0417179366842,410.8248596191406,47435300
2021-07-30,408.2703168786377,410.27478967456426,408.1397790411661,408.8297119140625,68951200
2021-08-02,410.5358220845451,411.0858848397279,407.61766988765027,407.9719543457031,58783300
2021-08-03,408.76444835011597,411.4122212036647,406.5828332901923,411.291015625,58053900
2021-08-04,410.0137549202648,411.2630544145641,409.03483491751217,409.2679138183594,46732200
2021-08-05,410.42399765718676,411.94367672299376,410.1070137495975,411.8597717285156,38969700
2021-08-06,412.17678641929984,412.95992821159984,411.8970746314669,412.5403747558594,46930000
2021-08-09,412.51245517255137,412.82943914127515,411.44029765586345,412.2048034667969,41222600
2021-08-10,412.6522603659039,413.4260983713757,411.9716880778355,412.717529296875,43339300
2021-08-11,413.78028154445127,413.83621819957546,412.66149153794436,413.74298095703125,44034300
2021-08-12,413.5938605071988,415.1228718168817,412.6988454575395,414.9830017089844,38909400
2021-08-13,415.43050961256574,415.75682576675683,414.9457157376628,415.7381896972656,39470300
2021-08-16,414.44224972601063,416.8476114388509,412.89460242623954,416.71710205078125,73740000
2021-08-17,414.17188917128794,414.8431575675143,411.0113539592329,413.9854431152344,92673900
2021-08-18,412.97849742393936,414.53547694662274,409.2119630019986,409.454345703125,89351900
2021-08-19,406.7412780804755,411.2816785225219,406.6014364441112,410.0882873535156,92812200
2021-08-20,410.4332255267053,413.67766496271497,409.9484033014562,413.3513488769531,72008700
2021-08-23,415.02964970074015,417.8918656542568,413.42606560010046,416.9875183105469,54973000
2021-08-24,417.6494445800781,418.18087133123964,417.1366823512831,417.6494445800781,38744700
2021-08-25,417.83588293403466,419.03854953793854,417.4629339431671,418.5257873535156,40529700
2021-08-26,418.2460947166087,418.4791736205417,415.9619385292738,416.05517578125,57829600
2021-08-27,416.8569937732602,420.1480670762453,416.80105710708057,419.775146484375,77235100
2021-08-30,420.44633655758804,422.40420486497374,420.203925414651,421.6210632324219,48357400
2021-08-31,421.5278867191652,421.8635067020357,420.3997927296068,420.9964599609375,59300200
2021-09-01,421.92881443747484,422.44157672025335,420.9871664233345,421.2202453613281,48721400
2021-09-02,422.6373188627889,423.3178910483312,421.322750439352,422.51611328125,42501000
2021-09-03,421.3880192926544,422.92633435744506,420.98710195716393,422.4135437011719,47170500
2021-09-07,422.0685927572297,422.161830008836,420.23192986344264,420.9031982421875,51671500
2021-09-08,420.3717753085308,421.0989803051799,418.47914741318687,420.3904113769531,56181900
2021-09-09,420.1945871393745,421.9380124886916,418.348592294916,418.59100341796875,57970400
2021-09-10,420.5116222919028,420.9311472268283,415.16944383774626,415.2906494140625,89948200
2021-09-13,418.2740814053361,418.535128633361,414.0506644540541,416.3534851074219,83738600
2021-09-14,417.7892579298286,417.9943684978522,413.2209172260456,414.10662841796875,78197100
2021-09-15,414.5261632376649,418.05964737696985,413.4260376429731,417.5655212402344,78792200
2021-09-16,417.04340609771833,418.01299380157405,413.9667476565997,416.903564453125,77786700
2021-09-17,416.13484321720034,416.5557122591402,412.4871402613684,412.8425598144531,118425000
2021-09-20,406.7442686706509,408.31556968382773,401.11373055869257,405.9586181640625,166445500
2021-09-21,408.2875666376567,409.5782885516768,405.05142823770416,405.5751953125,92526100
2021-09-22,407.8386902585851,411.5612049090144,405.687505680315,409.5315856933594,102350100
2021-09-23,411.3927493965041,416.1066812903445,411.1589238061392,414.5072937011719,76396000
2021-09-24,412.8799262600289,415.90096352552064,412.66479641554514,415.19012451171875,62094800
2021-09-27,414.16121319157304,415.3209789209963,413.31008466514874,414.0022277832031,61371100
2021-09-28,411.24311932770905,411.57048088015347,404.9298280542011,405.65936279296875,130436300
2021-09-29,407.03433890810066,408.76465441878804,405.78103685503703,406.34222412109375,82329200
2021-09-30,407.81055870084094,408.5120355292715,401.0389781842043,401.3757019042969,140506000
2021-10-01,403.09671547477393,407.8199820779621,399.5893308061185,406.1457824707031,129240100
2021-10-04,404.9859554641585,405.88383781213133,398.7755335780304,400.9080505371094,128570000
2021-10-05,402.4045184317474,407.31485631227736,401.60953418086086,405.0794982910156,90682500
2021-10-06,401.4972133847707,406.968737621166,399.8791586518761,406.7629699707031,113032200
2021-10-07,410.0273552611265,413.1044805248047,409.84964546861346,410.2798767089844,72437500
2021-10-08,411.04679989256687,411.43027738651716,408.90494893100845,409.5315856933594,74557400
2021-10-11,408.8767873502811,411.7762304048919,406.5011113392327,406.56658935546875,65233300
2021-10-12,407.4831828203635,407.8853559760008,404.7801453584149,405.5657958984375,71181200
2021-10-13,406.5852176085442,407.83851915059586,403.6203255732195,407.0248107910156,72974000
2021-10-14,410.67253036010317,414.02092865194055,410.2048791998145,413.87127685546875,70236800
2021-10-15,415.9757203290179,417.3880360118953,415.3584173525913,417.02325439453125,66260200
2021-10-18,415.24622902810097,418.59459923333367,414.5915058971594,418.2579040527344,62213200
2021-10-19,419.87598933410356,421.5501601721971,419.26801990573733,421.4847106933594,46996800
2021-10-20,421.94295086059634,423.439440319079,421.83071914626356,423.14013671875,49571600
2021-10-21,422.54160853266404,424.46832943743675,422.1113773662151,424.2438659667969,41305400
2021-10-22,423.81362241263184,425.25399624119467,421.86817724672443,423.80426025390625,58845100
2021-10-25,424.8891720800844,426.40435739743305,423.1214653908989,426.0769958496094,45214500
2021-10-26,427.6203659381514,428.82688575743595,426.08645595262146,426.4605712890625,56075100
2021-10-27,426.9188157990134,427.58287254810574,424.4963573294037,424.5711975097656,72438000
2021-10-28,425.9928363723962,428.742627797446,425.98350275745725,428.6678161621094,51437900
2021-10-29,426.37627119478094,429.8275390968546,426.08632975417635,429.53759765625,70162400
2021-11-01,430.5196789876019,430.893822778383,428.55556680181957,430.2765197753906,48433600
2021-11-02,430.4449035360186,432.3248706330071,430.3139474896051,432.0162048339844,48908400
2021-11-03,431.45500068055804,435.05592075419565,431.0154073955712,434.65374755859375,52509800
2021-11-04,435.2523210060828,436.7862306774894,434.90626367716334,436.7020568847656,52847100
2021-11-05,438.91873147438207,440.20009126070624,436.71143139873345,438.2172546386719,66390600
2021-11-08,439.3116013484249,439.8073105381087,437.908647580282,438.5914001464844,50405200
2021-11-09,438.9561516297501,439.1899772416883,435.7387089260269,437.14166259765625,51149100
2021-11-10,435.45812386633844,437.14168548634404,432.1471735790114,433.62493896484375,69429700
2021-11-11,435.1120661491066,435.1869063329562,433.7465324971055,433.7652282714844,34848500
2021-11-12,435.0278628031356,437.59058233417034,434.08319821257237,437.03875732421875,53466700
2021-11-15,438.32015203819657,438.4791374698599,436.06606971793025,437.18841552734375,46980500
2021-11-16,436.926563287216,440.0504702557984,436.8517516451615,438.91876220703125,48857500
2021-11-17,438.6569161093225,438.83462588544296,437.2352664435286,437.8525695800781,47858300
2021-11-18,438.88128203134477,439.601483135465,436.1689108233059,439.339599609375,50625600
2021-11-19,439.2273759676528,440.4713442276694,438.1892039343977,438.5539855957031,57315600
2021-11-22,440.4246388586872,442.903184949133,437.1136597840557,437.3194274902344,72762000
2021-11-23,436.9919560370604,438.75032898546374,434.40117885688176,437.8992004394531,73206500
2021-11-24,435.9070327073579,439.189953253473,435.0933241891635,439.068359375,61858800
2021-11-26,432.4277214537044,433.88679095900204,428.1533825042478,429.2757568359375,112669600
2021-11-29,434.0457642896097,436.3746579851634,431.85716023659006,434.5414733886719,86268800
2021-11-30,432.1097764638972,434.0084394914815,425.84323798535684,426.08642578125,148559600
2021-12-01,431.77294909205705,434.6069137986882,421.15726273033675,421.3536682128906,131939200
2021-12-02,421.56889106102784,429.369310207567,421.1760514660489,427.8073425292969,127637800
2021-12-03,429.4628587252186,430.51972656716913,419.8760081618024,424.0848693847656,137331600
2021-12-06,426.61954425695245,430.9780574380259,424.21580992319184,429.1074523925781,98977500
2021-12-07,434.36381305031244,438.5446161321875,428.976461819127,437.9834289550781,95484700
2021-12-08,438.37629263787375,439.59217446913857,436.62725298872556,439.1432189941406,72238800
2021-12-09,437.8618166085867,439.24607444800387,435.98187817780683,436.17828369140625,61272600
2021-12-10,438.871953514165,440.43389253118346,436.32792985552976,440.28424072265625,77159800
2021-12-13,439.7698539667308,440.1159113005939,436.10345586445044,436.3840637207031,87724700
2021-12-14,433.1291924903542,435.60773818463684,430.47293705354144,433.3817138671875,97264100
2021-12-15,433.43779574813715,440.39641846112653,430.9311639415142,440.15325927734375,116899300
2021-12-16,441.9959589981192,442.2765383624164,434.72863948794816,436.27191162109375,116568600
2021-12-17,433.20548381703225,436.19958323758465,429.9298193213432,431.628662109375,135511600
2021-12-20,426.5696462517917,427.4331314987916,423.43476458066107,427.0389404296875,107134800
2021-12-21,430.4459816424699,434.7634937029002,428.28723993397614,434.6227111816406,69806300
2021-12-22,434.36936703944747,439.0810708579234,434.1722428370173,438.96844482421875,58890200
2021-12-23,439.9632519663119,443.1919979095506,439.86002100536876,441.69964599609375,56439700
2021-12-27,443.0699825475692,447.9975710329418,443.0230645907993,447.9506530761719,56808600
2021-12-28,448.3824616482978,449.4055195900255,446.8244014321464,447.58465576171875,47274600
2021-12-29,447.6879018485856,449.1708589058926,446.6930004438283,448.1571960449219,54503000
2021-12-30,448.57950388680786,449.5838002524032,446.4583137848695,446.918212890625,55329000
2021-12-31,446.4301930229222,447.5752433544864,445.5197611440757,445.79193115234375,65237400
2022-01-03,447.0496642498278,448.5044935235423,444.7501397489699,448.3730773925781,72668200
2022-01-04,449.7903556966754,450.5036920806799,446.3738800084919,448.222900390625,71178700
2022-01-05,447.85680153227196,448.6264508210621,439.52213275474475,439.6159973144531,104538900
2022-01-06,439.1561765159226,441.90623388075556,436.847228237835,439.2030944824219,86858900
2022-01-07,439.21246416672096,440.3856996959157,436.11510518357954,437.4666748046875,85111600
2022-01-10,434.2849014246999,437.1381897824005,428.5595059644335,436.9223327636719,119362000
2022-01-11,436.65950709740383,440.9957810759172,433.6747741107534,440.90191650390625,74303100
2022-01-12,442.6289659650615,444.1401084084531,440.1417120637422,442.0939636230469,67605400
2022-01-13,443.1920625646944,443.8396908575435,434.9794139965531,436.0024719238281,91173100
2022-01-14,432.8676006358353,436.52808978679013,431.6568135400959,436.1808166503906,95890900
2022-01-18,431.5065580894971,431.7130486527233,427.3486189663124,428.4561462402344,109709100
2022-01-19,429.9954920501737,431.3845844979552,423.735095055278,424.0072937011719,109357600
2022-01-20,425.8843872890035,430.5679331480556,417.2024466114866,419.31427001953125,122379700
2022-01-21,418.1974030107011,420.5438737739102,411.05475975634477,411.0829162597656,202271200
2022-01-24,405.49836193837206,413.3355811285161,394.9204805481449,412.8287353515625,251783900
2022-01-25,406.4650696517462,412.71607151675664,400.9180090511274,407.7884826660156,167997300
2022-01-26,413.6546772543713,416.7707975901355,402.5230040310263,406.76544189453125,186391100
2022-01-27,411.34574456850135,414.4712312098772,403.0767833933203,404.7568359375,149878300
2022-01-28,406.1084702684284,414.85612206975674,401.5469438515392,414.8092041015625,164457400
2022-01-31,414.1426402612618,422.62748544673485,412.8004660354222,422.28021240234375,152251400
2022-02-01,423.0030527931463,425.7719002894428,419.4927410147947,425.1336669921875,123155400
2022-02-02,427.5269726075797,429.98606938188885,425.2274198046737,429.26336669921875,117361000
2022-02-03,423.2564492415284,425.15238749253155,418.33822656188164,419.173583984375,118024400
2022-02-04,418.9389647113515,424.9740816327315,416.5737034611267,421.1446533203125,118454400
2022-02-07,421.90485354850045,423.2939459588078,418.46961678958075,419.79302978515625,84472900
2022-02-08,419.295621029324,424.16689728857614,417.87834332944396,423.2470703125,81012000
2022-02-09,427.26420999418116,429.76085856020444,427.06711445154485,429.4417419433594,92589900
2022-02-10,423.6224088627865,429.6012113130062,419.73666847993013,421.7264709472656,140103700
2022-02-11,421.8109600128864,423.8758370313711,411.98393963004395,413.41058349609375,153214600
2022-02-14,412.9038345326054,414.4806562198295,408.6050834849175,412.05908203125,123006300
2022-02-15,416.47977406549893,418.87316264321703,415.9635333424537,418.7042236328125,88482700
2022-02-16,416.66754036033973,420.5439150243388,414.79975861551924,419.173583984375,84863600
2022-02-17,416.00109810416023,419.1453745670453,409.6187092652566,410.2193908691406,102259100
2022-02-18,410.4728641481939,411.72120279634646,405.30126139332725,407.5632629394531,132642900
2022-02-22,405.36695455226914,408.7552449000615,399.70723904825377,403.1894226074219,124391800
2022-02-23,406.08972029022135,406.65287914171387,395.4742862168669,396.0374450683594,132578000
2022-02-24,385.77862865421275,402.42920784966424,385.4219890905369,401.9974365234375,213942900
2022-02-25,403.2270021290693,410.9515959948071,401.5844722117341,410.86712646484375,121804500
2022-02-28,405.4982539845117,411.2893557114207,404.24994429675763,409.8157653808594,145615000
2022-03-01,408.3235660185028,410.32276418948436,400.8805371353614,403.5743103027344,137785900
2022-03-02,405.8174781319554,412.71610887615117,405.0666188393467,410.9985046386719,117726500
2022-03-03,413.4200830615283,414.0207648146663,407.1596850828388,408.952392578125,105501700
2022-03-04,405.2355714996603,406.7560802365222,401.60323870750193,405.6297912597656,113978200
2022-03-07,405.04780577504613,405.75174706324987,393.60641107929933,393.672119140625,137896600
2022-03-08,393.85050819594045,400.9743915896494,389.6268598772116,390.6874694824219,164772700
2022-03-09,399.0314631063885,403.1330895948316,396.8539312695745,401.16204833984375,116990800
2022-03-10,396.57237407240876,400.24225827962516,394.6201227364952,399.3506164550781,93972700
2022-03-11,401.8284832426369,402.43856000737617,393.7660118820792,394.2728576660156,95636300
2022-03-14,395.04244919429476,398.4776572170098,390.2556430646185,391.3913269042969,95729200
2022-03-15,393.99127138077023,400.6270987320428,392.7241998621839,399.9982604980469,106219100
2022-03-16,403.4897960044395,408.9242024189119,398.71235566484523,408.8678894042969,144954800
2022-03-17,406.9624734004391,413.9831237792969,406.58704383141486,413.9831237792969,102676900
2022-03-18,412.3788887995638,418.8375945905653,411.6445165852454,418.5174865722656,106345500
2022-03-21,418.3480796576529,420.344064474389,414.9021699574172,418.3951721191406,88349800
2022-03-22,419.77901181940337,424.222912400997,419.77901181940337,423.29083251953125,74650400
2022-03-23,420.76766221116077,422.25522626407883,417.754837158317,417.8395690917969,79426100
2022-03-24,419.8543815321978,424.1476383476217,418.7434134818091,424.1382141113281,64736900
2022-03-25,424.7690638457169,426.48260848847235,422.1987468815837,426.2095642089844,77101300
2022-03-28,425.6164137873708,429.2412109375,423.73340526599765,429.2412109375,68529800
2022-03-29,433.11073878007403,435.04083957177517,430.4368703799773,434.5512390136719,86581500
2022-03-30,433.41203287887015,434.221741418466,429.7684162817575,431.86798095703125,79666900
2022-03-31,431.10531725171796,431.92442120464113,424.7689844456922,425.2209167480469,121699900
2022-04-01,426.79325811561665,426.9344779963225,422.86720176985517,426.42608642578125,89048800
2022-04-04,426.6237670104872,430.18265143910884,425.8046630222813,430.0790710449219,59601000
2022-04-05,428.5916034503726,431.04891596697667,423.5074858006422,424.6466979980469,74214500
2022-04-06,420.7488018120138,422.6694495834861,417.5288449887846,420.4004211425781,106898000
2022-04-07,419.52485288651064,424.3265300513527,417.58535653376873,422.5188293457031,78097200
2022-04-08,421.7656951059346,424.27010006715244,419.8544424687462,421.38909912109375,79272700
2022-04-11,418.13136863276185,418.96932106645863,413.68749690030825,414.1864929199219,89770500
2022-04-12,417.1617012912827,419.67553034639525,411.1078357022038,412.65191650390625,84363600
2022-04-13,412.4070937143792,418.1314267488248,412.22820561338756,417.37823486328125,74070400
2022-04-14,417.6041354302853,418.7151321138891,412.0775109158974,412.18109130859375,97869500
2022-04-18,411.2584985167614,414.02652350805334,410.128681843096,412.35064697265625,66002500
2022-04-19,412.2470573939194,419.72260380527314,412.0775935163657,419.007080078125,77821000
2022-04-20,420.77706452379897,421.38903649977607,417.53828781709484,418.6963195800781,65224400
2022-04-21,422.3022765002863,423.68628874029804,411.5314668018448,412.435302734375,85417300
2022-04-22,411.3526468930056,412.45419083312686,400.55359142974106,401.1184997558594,132471800
2022-04-25,398.8871230668873,403.6134641154083,394.33964139419555,403.4440002441406,119647700
2022-04-26,400.9206735749141,401.1184101209489,391.7316132043615,391.7598571777344,103996300
2022-04-27,392.83317570300943,398.1809410211438,390.7336398727966,392.8614196777344,122030000
2022-04-28,397.58781923542455,404.5078808966821,393.17216221026155,402.784912109375,105449100
2022-04-29,398.81168640225906,400.9583144294261,387.1558619784824,387.899658203125,145491100
2022-05-02,387.96565155346553,391.5904485536996,381.328029550651,390.23468017578125,158312500
2022-05-03,390.7336728773015,394.4243533044233,389.18016793893156,392.0235290527344,100028200
2022-05-04,392.6825019390418,404.5266391412948,389.50963784403865,403.96173095703125,144247900
2022-05-05,399.7156598672005,400.13934831721525,385.4895429456549,389.6039123535156,172929100
2022-05-06,387.0523380071947,390.53588590849546,381.99646562982656,387.2782897949219,151770800
2022-05-09,381.40334006214687,382.63670821024124,373.3063985587751,374.87872314453125,155586100
2022-05-10,380.829020441603,382.32600865511546,371.72469101869683,375.7449035644531,132497200
2022-05-11,374.7846895595935,380.4054723691591,369.0320823332597,369.77587890625,142361000
2022-05-12,366.5935320489902,372.647397923669,362.62038267397736,369.3898010253906,125090800
2022-05-13,373.50415422453636,379.59568805484594,372.4684937718504,378.2210998535156,104174400
2022-05-16,376.5828191904679,380.33941134440613,374.3420348416539,376.6863708496094,78622400
2022-05-17,382.74969701428194,384.67037360597254,379.03074397272616,384.43499755859375,83029700
2022-05-18,379.89692735498426,380.17936710911766,367.70443702868755,368.93780517578125,117674500
2022-05-19,365.8873930171805,371.0845150929089,364.46571234321414,366.6782531738281,98510700
2022-05-20,370.24655877361363,373.8054438090952,358.2800473984459,366.83831787109375,131432200
2022-05-23,369.85112637485844,374.46452049127714,367.5444580490805,373.701904296875,76414900
2022-05-24,369.5969043569321,372.035396905163,364.32447483504643,370.84912109375,91448800
2022-05-25,369.3614495945758,376.08380226742474,368.96603398583363,374.1254577636719,91472900
2022-05-26,375.34950112064234,383.2298868677585,375.14236904234315,381.60107421875,82168300
2022-05-27,384.0489633714319,391.08200055963175,383.85125554393176,390.9690246582031,84768700
2022-05-31,389.35905760743515,392.0988383279228,386.04497310590705,388.77532958984375,95937000
2022-06-01,390.8843163808003,391.89170405110434,383.1263021350257,385.6307067871094,86585800
2022-06-02,385.47069700399817,393.0215510259649,383.2299122085265,392.9744873046875,79609600
2022-06-03,388.2763611795485,389.82044199768814,385.55542873821975,386.5251770019531,71874300
2022-06-06,390.51708401926703,392.2400239442846,386.53451118400045,387.7019958496094,57508900
2022-06-07,384.22788209472355,391.8728918468309,383.76652548386954,391.42095947265625,59272400
2022-06-08,389.7168432014017,391.4963000067229,386.3745146420819,387.1653747558594,64350000
2022-06-09,385.39533612934156,387.6549405235344,377.95745849609375,377.95745849609375,86289800
2022-06-10,371.78114799019477,372.6284959437039,366.95122730303984,366.998291015625,132893900
2022-06-13,357.6304500091821,359.4757905773819,351.4635789855421,353.06414794921875,170004900
2022-06-14,354.8058760643675,355.8321122307695,348.91205036955256,352.00018310546875,104011800
2022-06-15,355.28597872744456,361.44342367912293,350.3525063636279,357.01837158203125,125666800
2022-06-16,348.83676669769454,349.2416066501107,342.7828722240161,345.2025451660156,134473300
2022-06-17,345.61572844834046,349.27508426837926,342.4575241953979,345.9466552734375,111113900
2022-06-21,351.6484860292675,356.035921374524,351.57282417390246,354.6553955078125,76811900
2022-06-22,350.4475684991193,358.10670044343743,350.0315148923091,354.01239013671875,90059400
2022-06-23,356.13997099447135,358.2107454929241,352.5940787916053,357.482666015625,79292100
2022-06-24,360.64083785574906,368.85785361765244,360.6124718749588,368.848388671875,98050300
2022-06-27,369.7656112640716,370.05873603154885,366.3521130366236,367.43951416015625,66009600
2022-06-28,368.99022810339807,371.76074455610546,359.8181767077826,359.931640625,86548900
2022-06-29,360.480183208969,361.4635566555144,357.8231299719536,359.63861083984375,65676000
2022-06-30,355.76176056378404,359.94119868727216,352.282064871728,356.716796875,112508300
2022-07-01,356.0642664574983,360.9245159721641,353.45448087489706,360.4895324707031,74839700
2022-07-05,355.421319245886,361.1893095314971,352.60350658660883,361.1703796386719,81438000
2022-07-06,361.31223262960197,364.8675899225477,358.93886830851153,362.39019775390625,70426200
2022-07-07,364.1583022837758,368.6119336552927,362.40899014622795,367.8176574707031,64525900
2022-07-08,366.191374892305,369.37797430776754,364.66901900062675,367.51519775390625,72397800
2022-07-11,364.84868487322194,365.81315719235283,362.6265865895648,363.3168640136719,58366900
2022-07-12,362.7684468745156,365.1418402247089,358.362080869492,360.1019287109375,62219200
2022-07-13,354.68376178018957,361.1325642695577,354.2677081449695,358.2107238769531,84224600
2022-07-14,353.27490712624945,358.4188177084197,350.8448106264778,357.34088134765625,89704800
2022-07-15,361.7283780376779,364.2814327167958,359.827798880742,364.16796875,79060400
2022-07-18,367.24099693727663,367.912344500235,359.94118513181706,361.1609802246094,63203600
2022-07-19,365.0661316858812,371.48656848607965,364.413714078224,370.9192199707031,78506000
2022-07-20,371.1083701548272,374.6920934702504,369.7467451710396,373.2831726074219,71843800
2022-07-21,372.70638143368456,377.1316481251823,370.3140872351293,377.0843811035156,64903900
2022-07-22,377.2073085647602,378.3987087577949,371.3731210571291,373.58575439453125,72197300
2022-07-25,374.20983824071493,374.8906507241828,371.8080790828495,374.0396423339844,53631500
2022-07-26,372.4037671603326,372.61179398374196,368.7255101067166,369.6143493652344,52946400
2022-07-27,372.89547598359957,380.9517617542331,372.602351195438,379.2119140625,82342100
2022-07-28,380.0156283887417,384.6583576476985,376.47917243204495,383.9681091308594,73966600
2022-07-29,385.3959148037413,390.5492896244354,384.630004404881,389.5658874511719,87003700
2022-08-01,386.8805020677419,390.90864514857856,386.17132357359725,388.4123229980469,69997500
2022-08-02,386.85212626915603,390.5209475361801,384.6773238182315,385.8498229980469,63435400
2022-08-03,387.96788490865407,393.05506301560587,387.6842250670768,391.89202880859375,67820600
2022-08-04,391.81635523733325,392.4971676933185,389.9914096457841,391.62725830078125,45656600
2022-08-05,387.36270800499386,391.6083135328843,387.3059760405287,390.96533203125,56814900
2022-08-08,392.64847494128367,394.8894742630945,389.41460845921597,390.511474609375,53886100
2022-08-09,389.78339679657284,390.2845484240548,387.89225422395475,388.96075439453125,44931800
2022-08-10,395.9862990766892,397.27229089166696,394.0384247471789,397.13043212890625,68665700
2022-08-11,399.9671456794408,401.82048597583395,396.392887760029,397.13043212890625,59489700
2022-08-12,399.05946211792985,403.9575146188211,398.11389080007996,403.853515625,61694500
2022-08-15,401.6502867542093,406.03775117563913,401.593554788117,405.5176696777344,54048300
2022-08-16,404.4492350458775,408.23152036285336,403.64549364471077,406.31201171875,59289000
2022-08-17,402.7282040772565,406.1228009765339,401.4327762441567,403.42791748046875,63563400
2022-08-18,403.6264978547886,405.2812474108149,402.34053490810277,404.6004638671875,49023200
2022-08-19,401.8488709739081,402.1136297635589,398.29351392155985,399.1634521484375,68016900
2022-08-22,394.3504638590042,394.52068860875744,389.9535634784905,390.85186767578125,77695600
2022-08-23,390.42636368047374,392.8092217006566,389.3578635500323,389.90631103515625,49105200
2022-08-24,389.6794230561428,392.5161373089439,388.99863933775816,391.154541015625,49177800
2022-08-25,392.63902771668177,396.7239027658137,391.55162646435804,396.6766357421875,50942300
2022-08-26,396.5631405668187,397.102094248587,383.1927492346699,383.2494812011719,103087000
2022-08-29,380.30871286100455,383.7505767039351,379.36314174882557,380.7153015136719,65370800
2022-08-30,381.8689239380466,382.10531673126604,374.44618445964664,376.535888671875,85652400
2022-08-31,378.1622390440451,379.4009348632448,373.53841142000704,373.6707763671875,76029700
2022-09-01,371.5055182868605,375.1837756026024,368.8106343368199,374.8433837890625,78740100
2022-09-02,378.4933014446806,379.70363162679985,369.08485490441115,370.8908996582031,99632100
2022-09-06,371.7324544703169,372.66856083501824,367.2788216710287,369.491455078125,76637400
2022-09-07,369.17937898507915,376.89524390582346,368.96191606413413,376.12933349609375,70964200
2022-09-08,373.86940805077325,379.0416547769603,372.6685141668355,378.5877990722656,80821700
2022-09-09,380.8193790648535,385.3297726688279,380.55462025307344,384.46929931640625,76706900
2022-09-12,386.530576252988,389.32002270766344,386.2279865572964,388.60137939453125,69256300
2022-09-13,379.95888974243803,381.1597837204144,370.5883038747845,371.7040710449219,122947100
2022-09-14,372.9995076387831,374.6353563576037,369.8318380483669,373.1224365234375,85023700
2022-09-15,371.5717106828295,374.4084247409728,367.61922935405465,368.88629150390625,87633800
2022-09-16,364.7238110432356,366.72714802798475,362.7963887663263,366.072021484375,103084800
2022-09-19,362.9388650171461,368.9109191894531,362.86289235187127,368.9109191894531,73278500
2022-09-20,365.5973646765914,366.6037852771278,361.93248003220094,364.6763916015625,77274900
2022-09-21,366.59425728558,369.63252654265,358.3055291317483,358.3150329589844,106746600
2022-09-22,357.54590716854085,359.1789716401422,354.5646322346763,355.3052062988281,89472600
2022-09-23,351.849185813524,351.8871721443201,344.9276764863623,349.3521423339844,122346900
2022-09-26,347.8900111292315,351.49793062480813,344.6808467381226,345.8961486816406,92581200
2022-09-27,349.41858073488055,351.6782893189801,342.62998013123286,345.01312255859375,108294100
2022-09-28,345.96264208515834,353.48231433980953,344.2726122472369,351.8017883300781,110802200
2022-09-29,348.26971141788147,348.5545364302352,341.51909784939903,344.4529113769531,112952300
2022-09-30,343.51291314028146,347.4151894584033,338.9935256522987,339.1264343261719,153711200
2022-10-03,342.8293767828373,349.9218104770214,341.0538996463219,348.0798645019531,89756500
2022-10-04,353.5772481816866,358.8942051643231,348.04193496218414,358.86572265625,103602800
2022-10-05,354.51712315876586,360.2802947239101,352.20044994284666,358.03009033203125,88065700
2022-10-06,356.63442728157884,359.5777447717773,353.8430261300766,354.3367614746094,82333500
2022-10-07,350.32053843206126,354.42219246042094,342.69641320056473,344.4529113769531,107789500
2022-10-10,345.5638554657178,345.8012193680551,339.59180054497295,341.822998046875,76042800
2022-10-11,340.1329308775536,344.68083086003986,337.7308096086358,339.658203125,92482800
2022-10-12,340.066449523059,341.63304512033494,338.29094360606194,338.5378112792969,76991800
2022-10-13,331.55940386010286,348.93445987265227,330.51499683611013,347.4722900390625,147254500
2022-10-14,349.9218097110879,351.54539946318886,338.91762404448093,339.55377197265625,123737000
2022-10-17,345.6113290586685,349.380668806043,339.22148268311986,348.279296875,93168200
2022-10-18,356.16925149824414,356.4730842166548,348.94387997178285,352.3714294433594,97162900
2022-10-19,350.33955250549025,353.05501012296355,347.0734234834684,349.87432861328125,79746900
2022-10-20,349.4280591595853,353.83354599069514,346.18090904052775,346.94049072265625,88283100
2022-10-21,346.66515472372885,355.8558761401148,345.1650279247019,355.3716735839844,131038400
2022-10-24,356.8908558861546,360.85006925134127,354.2513416759188,359.72021484375,85436900
2022-10-25,359.64421973765667,365.777693519867,359.5302897254607,365.4643859863281,78846300
2022-10-26,362.3312221104294,367.9899690715865,362.0748795431326,362.71099853515625,104087300
2022-10-27,363.70792288491305,365.54036503352893,360.15693963581714,360.77410888671875,81971800
2022-10-28,360.6695760802857,369.83181382625105,360.48917725732764,369.3570861816406,100302000
2022-10-31,366.9075331139263,368.7684575139983,365.7871827386335,366.68914794921875,96631300
2022-11-01,370.42055862920466,370.65792248879427,363.91678308143315,365.0845947265625,85407600
2022-11-02,364.49597616975944,368.98691130694584,355.81796759742275,355.9223937988281,126990400
2022-11-03,352.69418764648026,355.28621123903116,350.1496542075025,352.2574462890625,87100100
2022-11-04,357.9447159505611,359.7201930621012,351.29852759073634,357.32757568359375,103505200
2022-11-07,358.61883592099326,361.3342937720169,356.5490298438672,360.7456359863281,68286900
2022-11-08,361.8469568156974,365.65428248614427,358.62831787010947,362.6919860839844,84641100
2022-11-09,360.7266178571878,361.87547986372505,354.7260521981255,355.21978759765625,78495500
2022-11-10,368.43620204058976,375.07291581213747,366.14803974108565,374.7406005859375,141455800
2022-11-11,375.5951003651524,379.1650623418643,373.7151680311234,378.3675231933594,93839900
2022-11-14,376.61106501327595,379.9531383229995,374.8735450242789,375.1488952636719,71903500
2022-11-15,380.8741272772188,381.9754993055537,374.5507491865699,378.34857177734375,93194500
2022-11-16,376.72498240572435,377.6744379820254,374.83557508091235,375.46221923828125,68508500
2022-11-17,370.7243833730803,374.9874582361336,370.42057963663734,374.3133239746094,74496300
2022-11-18,377.63640863793864,377.7028774747301,373.1739853225882,376.0128479003906,92922500
2022-11-21,374.69308951984544,375.8134399275281,372.8131574140973,374.6455993652344,51243200
2022-11-22,376.58251647845884,379.84864551592176,375.1773119937102,379.6872253417969,60429000
2022-11-23,379.35490309581445,382.5640670651727,379.12704306606406,382.0798645019531,68261600
2022-11-25,381.5196875372828,382.54511569451665,381.2443663067082,381.9944152832031,30545400
2022-11-28,378.9181872794732,380.5512518780544,375.13934400569946,375.89892578125,67881600
2022-11-29,376.031857943791,377.218677377997,373.4208551885378,375.2533264160156,52310000
2022-11-30,375.5001700531818,387.07403564453125,373.59178408114326,387.07403564453125,144566700
2022-12-01,388.1088513992117,389.27669190595753,384.29205133886904,386.78912353515625,76398200
2022-12-02,381.91852042583764,387.2449525080735,381.8140942164224,386.3429870605469,85342700
2022-12-05,383.5325856510467,384.46303355724604,378.044733664679,379.3929443359375,77289800
2022-12-06,379.23152341918535,379.7726910257881,371.8447608883039,373.9240417480469,77972200
2022-12-07,373.07902147703123,375.642562745206,372.1580485447694,373.28790283203125,65927900
2022-12-08,375.16787185342383,377.27563531293924,373.3923656741001,376.2122497558594,60737900
2022-12-09,374.977955065578,377.52248883512004,373.2784216185342,373.40185546875,81447700
2022-12-12,374.18982796815243,378.78521728515625,373.5252266190553,378.78521728515625,75405800
2022-12-13,389.4855949322845,389.741937458983,378.89917302857265,381.652587890625,123782500
2022-12-14,381.3108436618965,385.0042397963437,376.27874065040004,379.2125549316406,108111300
2022-12-15,374.37025027855924,375.2722444929256,368.28426670085497,369.9363098144531,117705900
2022-12-16,367.39063871161915,368.7259745587609,363.4418577702044,365.56884765625,119858000
2022-12-19,365.759577222778,366.0934184203677,360.8092731762787,362.4689025878906,79878100
2022-12-20,361.7154394063112,364.5768857232749,360.39916944320595,362.9649353027344,74427200
2022-12-21,365.5497400834467,369.5176155105315,365.0156058055829,368.3921203613281,78167400
2022-12-22,365.35897373224327,368.3730338595665,357.4613834622674,363.1365966796875,100120900
2022-12-23,362.1160163012456,365.36853035773834,360.57083998702353,365.2254638671875,59857300
2022-12-27,365.111034770745,365.4543943707275,362.11604019958503,363.78521728515625,51638200
2022-12-28,363.71843147410067,365.6833180737436,359.03522324607314,359.2641296386719,70911500
2022-12-29,362.0969229072174,366.5989324853657,361.57230700428545,365.73095703125,66970900
2022-12-30,363.0602696961742,364.9106445983467,360.9523169257117,364.767578125,84022200
2023-01-03,366.61802772104494,368.5828851543406,360.38006673429567,363.23199462890625,74850700
2023-01-04,365.48302557821637,368.05833913682085,362.4498991972039,366.0362548828125,85934100
2023-01-05,364.09041452635574,364.2048677167,361.26712910136496,361.8584899902344,76970500
2023-01-06,364.9392756207187,371.27262349109685,361.88708397790117,370.1566467285156,104189600
2023-01-09,372.3409551357516,375.5171770773959,369.7656707294841,369.9468688964844,73978100
2023-01-10,369.3650063190875,372.60797279309605,368.43025676671084,372.54119873046875,65358100
2023-01-11,374.11498982562864,377.3293427656513,373.30424098984014,377.2530212402344,68881100
2023-01-12,378.3499708858858,380.08589280712,374.2962553998828,378.6265563964844,90157700
2023-01-13,375.44083490462947,380.6677540792538,375.1737677414377,380.095458984375,63903900
2023-01-17,380.0763692929868,381.7455462351786,378.7219386237428,379.3991394042969,62677300
2023-01-18,380.5818900873673,381.6406112039505,373.20888660482075,373.4091796875,99632300
2023-01-19,371.377453829322,373.0180170560524,369.3744652954462,370.69073486328125,86958900
2023-01-20,372.0833537682657,377.74901897003355,370.44279029051245,377.5964050292969,91806400
2023-01-23,378.3976534216192,384.05377185885095,377.443838004556,382.1270751953125,84178800
2023-01-24,380.45787568340137,382.6230260729778,379.27515395089165,381.7169189453125,59524900
2023-01-25,377.66320358749766,382.19382654932406,375.383570904274,381.8599853515625,84800300
2023-01-26,384.5115864864833,386.21892411230044,381.55475308151983,386.0567626953125,72287400
2023-01-27,385.01712054618537,389.3092897646847,384.80727999784443,386.9438171386719,68346200
2023-01-30,384.19682153424986,386.41922765929314,381.79321726738084,382.0888977050781,74202000
2023-01-31,382.60399077183433,387.7545883082666,382.260602078399,387.7069091796875,86811800
2023-02-01,386.49550726473996,394.5648060301805,383.7676093537023,391.82733154296875,101459200
2023-02-02,395.6998505537126,398.990525390848,393.811314654258,397.53118896484375,101654500
2023-02-03,392.58087711398565,397.71240862486854,392.1039694138387,393.3057861328125,94736800
2023-02-06,390.8640289856019,392.294752115139,389.2520785976726,390.90216064453125,60295300
2023-02-07,389.98649761106446,397.25456629561944,388.74654923536696,396.0146179199219,90990700
2023-02-08,394.04976837031427,395.38510413414,390.99754738888123,391.6842956542969,76227500
2023-02-09,395.27066286428095,395.4232768287697,387.06784419886776,388.2887268066406,78694900
2023-02-10,387.1154846300712,389.57634453776467,386.30476486771545,389.19482421875,70769700
2023-02-13,389.8433527563614,393.89706738805586,389.385510977855,393.7635192871094,64913500
2023-02-14,392.24703262517374,395.8810669412816,389.6431352333331,393.5823974609375,88389300
2023-02-15,391.3981496403728,394.9367965737248,390.55878744301873,394.8605041503906,61555700
2023-02-16,389.9101917236614,393.83990637535055,389.2902175572194,389.4237365722656,76431500
2023-02-17,387.30627658309317,388.6893205477336,385.3890983264304,388.45086669921875,89257800
2023-02-21,384.4447899703579,385.4939926151098,380.40062243945897,380.65814208984375,82655900
2023-02-22,381.06829584759197,382.60395368803114,378.68375748701857,380.1335754394531,83742300
2023-02-23,383.01409817857655,383.62455398812614,377.94934088551855,382.1556701660156,96242400
2023-02-24,377.1577095966057,378.90317902341906,375.45991929796907,378.0733642578125,108194400
2023-02-27,381.4021728412389,382.7566035647617,378.4262733452024,379.36102294921875,80444700
2023-02-28,378.8840949077096,380.8394047987781,377.8539579939496,377.9588928222656,96438600
2023-03-01,377.14810224642,378.36898463689715,375.21185839805094,376.509033203125,99706800
2023-03-02,374.54420891841545,380.2766485518157,374.2103677204858,379.4372863769531,85127800
2023-03-03,381.24960098401937,385.7707064328963,380.60101340338394,385.522705078125,90120000
2023-03-06,386.34290347544555,388.63208364699216,385.35095644978605,385.7897033691406,72795900
2023-03-07,385.74202541995913,385.9804792628776,379.2656108960152,379.87603759765625,108310600
2023-03-08,379.99048126599143,381.2494953064361,378.27359630662346,380.4960021972656,74746600
2023-03-09,381.27809275015903,382.9377510527006,372.49346258548985,373.47589111328125,111945300
2023-03-10,372.93222177410377,375.0020137102081,366.5702902464224,368.08685302734375,189253000
2023-03-13,364.17619289753725,372.35994392227457,363.0697637308956,367.5622253417969,157790000
2023-03-14,372.4649191205908,375.27868623479475,369.17424429944623,373.63812255859375,149752400
2023-03-15,368.06778985522413,371.50150155324764,365.9884504368566,371.30120849609375,172996900
2023-03-16,368.9549017850136,378.1592151165088,368.4493807575096,377.8158264160156,143254200
2023-03-17,376.49072469808146,377.62051539098667,372.019393803673,373.39813232421875,140553400
2023-03-20,374.17363412671835,377.40028401988184,373.47471024400215,376.9885559082031,93055800
2023-03-21,380.33969578047333,382.4173875215719,378.7503158002034,381.93865966796875,91524200
2023-03-22,381.7662983699507,385.36631171212144,375.3896402926609,375.42791748046875,111746600
2023-03-23,378.2811390116393,382.30246432046795,373.74280870365055,376.4428405761719,119351300
2023-03-24,375.169400500622,378.9992229180059,372.8332064884797,378.9130554199219,107682400
2023-03-27,381.18223941875726,381.94822147173227,378.7311552876925,379.62158203125,74010400
2023-03-28,378.9322518472337,379.6216211563462,376.94075674270374,378.7695007324219,62871700
2023-03-29,382.9152413925595,384.5142052275328,381.7184217978642,384.27484130859375,77497900
2023-03-30,386.8982643494234,387.14721217774354,384.6674054592339,386.5248718261719,69840000
2023-03-31,387.4440026260915,392.26958723104974,387.3386673117375,391.9727783203125,112062600
2023-04-03,391.4557374933837,393.86851514556844,391.06317718146,393.4664001464844,67391100
2023-04-04,394.10789340859714,394.3951476376342,389.9142329500153,391.2834167480469,66601500
2023-04-05,390.5557200333499,391.31211814402246,388.6120863205277,390.2589111328125,65200200
2023-04-06,389.4642249836437,392.05895083799805,388.4206018294357,391.7812805175781,63743300
2023-04-10,389.31104357827485,392.26002346239954,388.69828713147245,392.18341064453125,63681000
2023-04-11,392.80576103470116,393.6866038625685,391.5227739807362,392.2887268066406,59297900
2023-04-12,394.3472458215589,394.63450004221784,390.1057243914606,390.68975830078125,86420400
2023-04-13,391.7716880699347,396.2334348165877,390.6323135315357,395.8791809082031,85814800
2023-04-14,395.2472552060106,397.4302528676945,392.6142522306835,394.9121398925781,78161500
2023-04-17,394.82601113767913,396.3483622283168,393.6004689831214,396.3292236328125,66436400
2023-04-18,397.89938650253947,398.0334443121423,395.2185225027445,396.5876770019531,63560000
2023-04-19,394.6823936174116,397.4207029205089,394.62494861239765,396.5207214355469,55227300
2023-04-20,393.7153338921518,396.0994183553833,392.815323233928,394.3568420410156,75840400
2023-04-21,394.65359358487166,395.1227374400652,392.71954395114506,394.6631774902344,73457400
2023-04-24,394.4621654970849,395.49623401848584,393.13131726469595,395.074951171875,64332100
2023-04-25,393.11213941820307,393.667480074213,388.74614386404556,388.8035888671875,97766700
2023-04-26,389.4163794213185,390.48872511908525,386.6014573550663,387.1567687988281,80447000
2023-04-27,389.6844798717997,395.13240528174725,389.43553203327593,394.86431884765625,92968400
2023-04-28,393.9834220992783,398.2441114946902,393.9259770969372,398.2345275878906,89433100
2023-05-01,397.7940605397827,399.85258413885225,397.60255774112403,397.8323669433594,62122300
2023-05-02,397.1239085646286,397.1717988833843,390.46960867294274,393.3611145019531,103998500
2023-05-03,393.85893960371277,396.2621626197753,390.42167734881843,390.6610412597656,91531800
2023-05-04,389.6174515879438,389.94298302849234,386.56316548431346,387.89404296875,94901900
2023-05-05,391.5132147900382,396.1185743812244,391.25471226930256,395.074951171875,87891800
2023-05-08,395.4004621354889,395.6589646428425,393.7823597445963,395.18023681640625,50046800
2023-05-09,393.6387379211536,394.55788714476665,393.21745510632536,393.4472351074219,49220100
2023-05-10,396.2717616781344,396.9036859335044,391.4748993691881,395.28558349609375,96142900
2023-05-11,394.42385640636445,394.8834164060592,392.52808374994316,394.59619140625,70157100
2023-05-12,395.83132277822824,396.04196418738917,391.6663849084535,394.07916259765625,70481500
2023-05-15,394.6824140250921,395.84092731174917,392.7770864154088,395.4388122558594,54289400
2023-05-16,394.3376626382598,395.25684108298174,392.78658918922883,392.7961730957031,57705500
2023-05-17,394.80685403141115,398.16750358670436,393.16961300605146,397.5643310546875,87287000
2023-05-18,397.24833527836256,401.81541733647197,397.02813918363745,401.3941345214844,97177200
2023-05-19,402.29419356642416,402.82078253891825,399.59416135067175,400.81011962890625,103793300
2023-05-22,400.82916584585683,402.5047128926897,399.5940401270951,400.9727783203125,60745400
2023-05-23,399.33559189738094,400.9058331974647,396.0802485128697,396.4728088378906,86383500
2023-05-24,394.8738657064858,395.2568421165078,392.44192021304394,393.6004333496094,89213700
2023-05-25,397.09513966858555,398.4547395231807,394.86428090134467,397.00897216796875,90961600
2023-05-26,397.6599528165341,402.8685127185653,397.5833692382194,402.1504211425781,93830000
2023-05-30,404.0749484428724,404.60153728662965,400.92491162792754,402.30364990234375,72216000
2023-05-31,400.4845749210063,401.38458562978974,398.5122184875182,400.0728759765625,110811800
2023-06-01,400.302672440745,404.92720009252923,399.0579916489923,403.8739929199219,88865000
2023-06-02,406.43990546910896,410.4995078956091,405.9133165725639,409.71441650390625,91426200
2023-06-05,410.05908136180767,411.34206835375164,408.23033766769487,408.9292907714844,65460200
2023-06-06,408.51760703277364,410.34632157550055,407.8665149969257,409.8197326660156,64022200
2023-06-07,410.21228457452565,411.3420751836078,407.9813966367141,408.4026794433594,85373300
2023-06-08,408.4697322463781,411.32296065481773,407.70377939997076,410.8729553222656,61952800
2023-06-09,411.66758293531126,413.6112165464448,410.6239598849218,411.6101379394531,85742800
2023-06-12,412.5867299964894,415.4207900475737,411.8686383835333,415.34417724609375,76104300
2023-06-13,416.79956309947863,418.72402891389044,416.1389164228339,418.0825500488281,95899700
2023-06-14,418.41769324198367,420.38046559122165,415.1431821385499,418.5804443359375,100612100
2023-06-15,417.7665713681598,425.0145169652863,417.6708491876016,423.76983642578125,110303100
2023-06-16,425.7475863594146,426.3145800008913,421.85549893581907,422.3263854980469,114165800
2023-06-20,420.39477647392715,421.278891227802,418.0691141682308,420.1352844238281,76160400
2023-06-21,419.15510212154635,419.9527293765365,417.3964332987813,417.982666015625,76982300
2023-06-22,417.0312661321085,419.59715234538584,416.69490598831976,419.491455078125,70637200
2023-06-23,416.051016626355,418.0979773634387,415.60895921346514,416.3200988769531,92074500
2023-06-26,415.75309747622674,417.66550238868285,414.3788570549921,414.6191101074219,72823600
2023-06-27,415.493629733563,419.77973592551575,415.0419528273242,419.1647033691406,72813700
2023-06-28,418.0884078382685,420.3852414139791,417.4733751895604,419.3761901855469,75636000
2023-06-29,418.96282157604776,421.1923766583561,418.5592129227273,421.02899169921875,67882300
2023-06-30,424.22917780363866,426.9776582936569,423.9120273915526,425.9974365234375,104964000
2023-07-03,425.6515644045463,426.7663128211192,425.3728626365197,426.4876403808594,32793400
2023-07-05,424.6809269189928,426.5837417319984,424.6713074116075,425.8533630371094,58418400
2023-07-06,422.2881041895794,422.94158561769757,420.02009955441815,422.51873779296875,80658300
2023-07-07,421.5287406529986,425.38240854551253,421.2115902375523,421.45184326171875,86134200
2023-07-10,421.09642880726517,422.6917129955108,420.529434980418,422.51873779296875,62443500
2023-07-11,423.2777972154116,425.6995371839706,422.30716559567895,425.20941162109375,64463800
2023-07-12,428.9862448970164,430.03374466313784,427.56393630005715,428.6306457519531,91924500
2023-07-13,430.4373699947139,432.8206908722752,430.0049320898392,432.03265380859375,72425200
2023-07-14,432.9168067475371,433.76247288793445,431.00437243683245,431.7635803222656,69815800
2023-07-17,431.6194640248455,434.3102867651178,431.5713958126242,433.2627868652344,52680200
2023-07-18,432.9359794712025,437.1259784249401,432.5035122667073,436.48211669921875,80668200
2023-07-19,437.27013362266524,438.6347544080096,436.40519925341147,437.4527282714844,65891700
2023-07-20,436.462879583876,437.35661380071673,433.8393059855323,434.5504455566406,70591600
2023-07-21,436.2610459263221,436.462879583876,434.5408553784918,434.5504455566406,71275600
2023-07-24,435.6940427674301,437.2989458480087,434.6657528013967,436.49169921875,54023400
2023-07-25,436.2226826187103,438.93271480747865,436.1746144107411,437.68341064453125,55191200
2023-07-26,436.7512409467643,439.1729812727202,435.70374110756154,437.7507019042969,71052900
2023-07-27,441.12376602896836,441.52740401742074,433.945004429069,434.8483581542969,92194400
2023-07-28,438.1062519781901,439.93216931576706,434.8484065015939,439.105712890625,80011800
2023-07-31,439.5766136336967,440.2973728160184,438.26962173264826,439.9418029785156,62040400
2023-08-01,438.4810581528829,439.42286073607613,437.7314697549184,438.6828918457031,55291500
2023-08-02,435.57876710355214,435.8382298320832,431.83082549706114,432.5804138183594,93933400
2023-08-03,430.5719307015857,433.21471435225743,429.92803959884134,431.3407287597656,64276100
2023-08-04,433.14748488024424,435.2424847515937,428.8709682181444,429.3899230957031,100128900
2023-08-07,431.2157929076751,433.2915828601554,430.523862923515,433.1378173828125,58357500
2023-08-08,430.6102898954453,433.1281662387976,427.9098482341965,431.2541809082031,71361300
2023-08-09,431.5233041246725,431.6866891018031,427.61197745800644,428.3711853027344,78789600
2023-08-10,430.7160087244501,434.08917052770005,427.3620859326675,428.52490234375,93005500
2023-08-11,426.660622377887,429.284196455691,426.0647994577727,428.2751159667969,68690900
2023-08-14,427.3621343832933,430.63916015625,427.0546034425639,430.63916015625,47867400
2023-08-15,428.8708770611947,429.22647618823385,425.0556576931614,425.6226806640625,75707500
2023-08-16,425.2094830101528,426.8624252963623,422.39372408289853,422.49945068359375,80107200
2023-08-17,423.9601232533812,424.2195859756661,418.7610440069637,419.2799987792969,95711300
2023-08-18,416.4738690425287,420.510132174717,416.1279187140494,419.4818420410156,98852000
2023-08-21,420.4908700639508,422.9510589127824,418.3478316599045,422.2110900878906,68719000
2023-08-22,423.9793093243941,423.9793093243941,420.5100697363889,421.06744384765625,64994200
2023-08-23,422.12460773274086,426.37229454971487,421.98046176867535,425.7572326660156,68441000
2023-08-24,427.3525117447883,427.86184703074184,419.8277698977074,419.85662841796875,88517300
2023-08-25,421.5768448293855,424.09469222022517,418.0403268045078,422.8165588378906,102325100
2023-08-28,424.99802710166506,426.1128047760357,422.8165399597136,425.4977722167969,61595400
2023-08-29,425.3919952759013,431.92689507692256,425.20940063279374,431.648193359375,83081900
2023-08-30,431.9845986592022,434.0603885077203,431.2830492029172,433.4261169433594,69053900
2023-08-31,434.04117430376084,435.17516171345255,432.6092754445361,432.7918701171875,66084600
2023-09-01,435.50196656557677,435.98247272624644,432.1480136212197,433.5991516113281,58944100
2023-09-05,433.15699511293656,433.4741162022499,431.65781858065884,431.7250671386719,55166200
2023-09-06,430.91787558724553,431.0236021823755,426.5068329962555,428.8228759765625,70758500
2023-09-07,425.8341966308168,428.17906926687147,425.48824623915533,427.5063781738281,70355400
2023-09-08,427.5543236104539,429.67815236910445,427.19875378748577,428.150146484375,61659700
2023-09-11,430.7641392036296,431.27347454388655,429.0631580094359,430.9659729003906,60180100
2023-09-12,429.5244300194834,431.04281644605425,428.02525327961035,428.6018371582031,67565400
2023-09-13,428.8228912507801,430.2547901313596,427.72732319853264,429.1015930175781,60199300
2023-09-14,431.56176797941515,433.4933826135289,430.2643956069254,432.80145263671875,83430800
2023-09-15,431.22275924982887,431.5506524245771,427.15298130374185,427.5869445800781,111848900
2023-09-18,427.2783073434339,429.12997218957395,426.80575976702727,427.8376770019531,55752200
2023-09-19,426.92150856778005,427.50980914474906,424.2790562688864,426.950439453125,66514600
2023-09-20,428.204102110049,428.61878786847143,422.82272296281644,423.0252685546875,82562600
2023-09-21,420.1900180742226,420.4503960530066,415.87913939371765,416.033447265625,104095800
2023-09-22,417.05566583396023,418.64692328267273,414.6832156713709,415.0979309082031,100829700
2023-09-25,413.8924379607471,416.8820607506406,413.458445268684,416.843505859375,70874500
2023-09-26,413.8152657492611,414.5192898301892,409.8901424025337,410.71954345703125,96168400
2023-09-27,411.88643967289465,412.4458093049011,407.2573219237748,410.8834533691406,104705800
2023-09-28,410.3338331669803,414.9340207800413,409.7455325572833,413.2655944824219,92258300
2023-09-29,416.3034507511099,416.47703605865223,410.74848546003295,412.2626037597656,115111300
2023-10-02,411.4332539878828,413.3427809026092,409.35014174396815,412.09869384765625,83798600
2023-10-03,409.92872106622235,412.15648738227026,405.2224344904491,406.5822448730469,103760600
2023-10-04,407.0452620235336,410.2856394350738,405.5890052176934,409.5430603027344,87453000
2023-10-05,409.2537024754974,410.2277581131325,406.1772865416576,409.38873291015625,70142700
2023-10-06,406.9487369471333,415.7826633161712,405.62751083875975,414.249267578125,113273300
2023-10-09,412.35898219183764,417.47033030159264,411.80929543558074,416.9013366699219,80374400
2023-10-10,417.52823984465374,421.6558795794434,417.1328314591845,419.0712890625,78607300
2023-10-11,420.13211651194507,421.0386273478204,417.75966631617496,420.78790283203125,62451700
2023-10-12,421.39554768827645,421.77164923724575,415.8791659973801,418.22265625,81154200
2023-10-13,419.71738853134207,420.9132670312688,414.57713879227015,416.13946533203125,95143100
2023-10-16,418.3769095461698,421.578731455087,418.135809030701,420.51788330078125,75433200
2023-10-17,417.40284337508905,422.54312271495667,417.0556727686725,420.4985656738281,75324700
2023-10-18,418.7337471858001,419.6884958400442,413.8152906244154,414.8954162597656,93559800
2023-10-19,415.60902401214975,417.41245091445234,410.5748447541702,411.2499084472656,121323000
2023-10-20,410.8159967559263,411.3560595506144,406.09040315558224,406.1965026855469,123919900
2023-10-23,404.6727145608842,409.3404462034215,402.9271492717955,405.4924621582031,92035100
2023-10-24,407.60452747929617,409.69729291312706,405.7625160007192,408.5496520996094,78564200
2023-10-25,406.8715964855641,406.90052736992106,402.1749337627123,402.6860656738281,94223200
2023-10-26,401.6252356371067,402.4738846980561,396.9478799231693,397.8640441894531,115156800
2023-10-27,399.4456683619361,399.8410767152927,394.64293578713176,396.06060791015625,107367700
2023-10-30,398.8381024524088,401.84703208667196,397.5458072598068,400.79583740234375,86562700
2023-10-31,401.3648163745919,403.6311669556289,399.4649432617073,403.31292724609375,79665200
2023-11-01,404.27737373849845,408.42429101289605,403.74693492260894,407.61419677734375,98068100
2023-11-02,411.3946495135024,415.58018067597357,411.375372066054,415.4258728027344,94938900
2023-11-03,417.72110052299064,420.75896096668146,417.59572355276106,419.2159118652344,100167800
2023-11-06,419.96818924465083,420.6239756178728,418.2419012219719,420.18035888671875,67831700
2023-11-07,420.1803714654247,422.01272964838347,419.0423840017281,421.376220703125,64256100
2023-11-08,421.97412330805065,422.4949086781329,419.38953276666115,421.684814453125,61746000
2023-11-09,422.82275020857907,422.86133452826135,417.97180945877307,418.3961486816406,83174400
2023-11-10,420.4600141525394,425.23378661631307,418.38652621092507,424.9251708984375,89462200
2023-11-13,423.59426297038516,425.6194834433293,422.81309977511563,424.52008056640625,52236100
2023-11-14,430.43192160638574,434.0387757848984,430.2100985439841,432.7561340332031,97176900
2023-11-15,434.08695751300667,435.31176685348777,432.82359328411655,433.6722717285156,77327600
2023-11-16,433.22870327091186,434.52099852551896,432.16785509736394,434.2027587890625,66665800
2023-11-17,434.2123590781554,435.3503758373704,433.29619481153003,434.7427978515625,83133200
2023-11-20,434.4920338445369,438.92828895080976,434.482380406505,438.0892639160156,69936200
2023-11-21,437.0476983171483,437.9638920043512,435.87112668099957,437.1344909667969,49244600
2023-11-22,438.78368021370784,440.1338372741124,437.73248545127797,438.8222351074219,59394900
2023-11-24,438.87043049439643,439.2851162959046,438.54253734218906,439.09222412109375,29737400
2023-11-27,438.4653845031241,439.2754786903425,437.9156682731926,438.30145263671875,50506000
2023-11-28,437.91566497815336,440.02770779834395,437.3563247451927,438.73541259765625,62115000
2023-11-29,440.8763470143407,442.0047102493057,438.0313789111588,438.4267578125,63146000
2023-11-30,439.2658732507552,440.5003067450598,437.2020386572685,440.1531066894531,79752700
2023-12-01,439.54548291042204,443.2873673280454,438.9572118254806,442.7569580078125,89183400
2023-12-04,439.38160552881834,442.77629034785133,438.16644945685704,440.43280029296875,72430900
2023-12-05,439.05368258007826,441.3007263857532,438.67755165712543,440.3459777832031,69793500
2023-12-06,442.47728857768345,442.50621946104377,438.1374794863498,438.57147216796875,69124700
2023-12-07,440.6448901016337,442.5640405275411,440.04696561303206,441.91790771484375,66995400
2023-12-08,441.17532857795476,444.3482193835821,440.9342280791031,443.81781005859375,83194400
2023-12-11,443.32598493677364,445.7177126387657,443.11381530650647,445.5440979003906,65002200
2023-12-12,445.1969357013274,447.67545610374924,444.20360273884916,447.5790100097656,68327600
2023-12-13,447.9551241192789,454.0019441507163,447.5983000495941,453.7511901855469,93278000
2023-12-14,455.6799450229731,456.86617007826965,452.545638522815,455.2073974609375,119026000
2023-12-15,454.61281921772417,455.7844980857444,452.6180987398149,454.4578857421875,141553700
2023-12-18,456.0556626634462,457.9922869448393,455.00020597615196,457.0142822265625,70375300
2023-12-19,457.5565666412138,459.8708470034899,457.479114666783,459.7933654785156,55761800
2023-12-20,458.9411749679152,460.81970272542947,452.9957542950649,453.42181396484375,102921000
2023-12-21,456.3945788621247,457.99231764179564,453.98349092636033,457.72119140625,86667500
2023-12-22,458.8443284649097,460.31618167604864,456.7528004658334,458.6409912109375,67160400
2023-12-26,459.0477166286851,461.4781598644946,458.97023511368405,460.57763671875,55387000
2023-12-27,460.37426892004174,461.5556107658659,459.8417091295261,461.4103698730469,68000300
2023-12-28,461.76869846768426,462.41745105376606,461.16834966842947,461.584716796875,77158100
2023-12-29,461.39101424995863,461.9139110481109,458.3020963459827,460.2484130859375,122283100
2024-01-02,457.19826599724024,458.66042679258095,455.58117171261154,457.6727294921875,123623700
2024-01-03,455.5231057691351,456.25903250476523,453.3347402693324,453.9350891113281,103585900
2024-01-04,453.4605375615008,456.03625125353045,452.2501474553143,452.4728698730469,84232200
2024-01-05,452.6762546685268,455.53278743928377,451.6498461147491,453.0926513671875,86118900
2024-01-08,453.58644474883687,459.7061845131588,453.4605594436324,459.5609436035156,74879100
2024-01-09,456.91742225203353,459.88045489034096,456.4139106022468,458.8637390136719,65931400
2024-01-10,459.134858193739,462.32061320272817,458.854039417125,461.45880126953125,67310600
2024-01-11,462.45619075983615,462.96939501130794,457.29510006298005,461.2554931640625,77940700
2024-01-12,462.69828839912003,463.4342151118614,460.171007794378,461.5750427246094,58026400
2024-01-16,460.1999916518418,461.5071892712775,458.0696933340662,459.88043212890625,85014900
2024-01-17,456.8690193310164,457.80828324431627,454.9807989273028,457.3241271972656,68843900
2024-01-18,458.9895962811143,461.94293616195193,457.4499836944988,461.3909912109375,91856200
2024-01-19,462.5143215974117,467.4236715984988,461.4395092276407,467.1428527832031,110834500
2024-01-22,468.6727761250073,469.8444255597238,467.4817415348223,468.1305236816406,75844900
2024-01-23,468.6727773973201,469.7378971314764,467.5882725076425,469.4958190917969,49945300
2024-01-24,472.3523626504235,473.28193407003323,469.5152150522186,470.0090637207031,81765000
2024-01-25,472.1296163726771,472.8364948673133,470.0090399898508,472.56536865234375,72525000
2024-01-26,472.1393464785506,473.62086297641906,471.1226304792355,471.9650573730469,76641600
2024-01-29,472.2748334350306,475.8479071625746,471.7325810664014,475.70263671875,61322800
2024-01-30,475.0151572718124,476.04156568160744,474.5794050287412,475.334716796875,58618400
2024-01-31,473.1366851322255,473.5821004537836,467.5591976080332,467.5785827636719,126011100
2024-02-01,469.27313995314404,473.7273819238251,468.4694242895628,473.6983337402344,91891600
2024-02-02,474.1340406811921,480.33123256171854,473.7951255169084,478.68511962890625,99228200
2024-02-05,478.0556601095021,478.71410519650345,474.6956161898589,476.94207763671875,75757100
2024-02-06,477.8813679101815,478.6560353058455,476.4579479680973,478.3268127441406,55918600
2024-02-07,480.56361115879434,482.73262076498764,479.6630584646698,482.3162536621094,70556500
2024-02-08,482.31623652505846,482.90689268947517,481.5028579516359,482.5292663574219,52343600
2024-02-09,483.0328221928446,485.7537769299286,482.693907035265,485.31805419921875,63979400
2024-02-12,485.2889926510743,487.5451468627196,484.38843993132826,485.1050109863281,56502300
2024-02-13,478.8593972990049,481.3382739920692,475.1701304413372,478.42364501953125,113099200
2024-02-14,481.0478287962483,483.2555794425452,478.7335484410746,482.77142333984375,68387800
2024-02-15,483.46854592163555,486.2863376159792,482.99405290883,486.10235595703125,61683000
2024-02-16,485.8022467252244,486.9351554606331,482.9457138905167,483.681640625,75532900
2024-02-20,481.94833972980865,482.61647749849317,478.7819695373135,481.0187683105469,71736700
2024-02-21,479.7211799226085,481.609370733512,477.92010410161913,481.4544372558594,59293400
2024-02-22,488.0390264949041,492.3770461062639,487.08037735176976,491.4184265136719,76402500
2024-02-23,493.1322803007743,493.9650440524054,491.03105964418,491.7572937011719,61321800
2024-02-26,492.1930057584985,492.62875800348365,489.83032198014877,489.9562072753906,50386700
2024-02-27,490.64373169951057,491.089146972122,488.755511365846,490.8664245605469,48854500
2024-02-28,489.3171291941457,490.79864549092105,488.9588584535033,490.2176818847656,56506600
2024-02-29,491.9703479594554,493.5874126583201,489.3365378000111,491.9800109863281,83924800
2024-03-01,492.8515431020925,497.02493667557957,492.44483898500675,496.598876953125,76844800
2024-03-04,495.80488009764395,497.90610083671146,495.7758023657051,496.0662841796875,49799300
2024-03-05,494.0715838516931,494.5170287187888,488.910493074669,491.1085510253906,72855600
2024-03-06,494.3717142498123,495.84356750478094,492.3092343684573,493.5970764160156,68382400
2024-03-07,496.8796700098079,499.54252820351775,493.65517426694095,498.4967346191406,58652100
2024-03-08,499.12614579862606,501.7986373861769,494.9333381139003,495.504638671875,86532500
2024-03-11,494.3039754152461,495.6596064560232,492.38670680365675,495.07861328125,62557200
2024-03-12,497.1798317317913,500.9852909796221,494.6718775287178,500.4043273925781,73114400
2024-03-13,500.7239463300815,500.89823544744684,498.18697289772405,499.62005615234375,55104100
2024-03-14,500.5883050955873,500.7432681365898,495.6015329710001,498.6323547363281,110171800
2024-03-15,495.57748059836405,497.02476846543675,493.54742407862057,495.2083740234375,107646300
2024-03-18,499.25883960128044,500.69637526560086,497.74358168127196,498.1515197753906,88893300
2024-03-19,497.4619006203073,501.201461454095,496.4614118820625,500.9197998046875,60755300
2024-03-20,500.9780959649054,505.6889776418347,500.30788231111256,505.552978515625,69594600
2024-03-21,508.37950670617295,509.0788290865272,506.9419118942698,507.2236328125,60256100
2024-03-22,507.13617688228,507.62183717523607,506.0288571860112,506.26202392578125,79070800
2024-03-25,504.89242055664005,506.0094629263034,504.7078672769053,504.8633117675781,48512100
2024-03-26,506.2814877823347,506.6214856104456,503.53269278700975,503.930908203125,65463700
2024-03-27,506.7478335411781,508.2048148493724,504.59147037699563,508.1659240722656,82999800
2024-03-28,508.2048468152355,509.56466055091573,507.78718592811566,508.06884765625,96294900
2024-04-01,508.80690155295423,509.3411160418204,506.02887949837907,507.18475341796875,62477500
2024-04-02,503.3772549881494,504.0960228561583,501.6677209860127,503.9600830078125,74230300
2024-04-03,502.8721678960329,506.0095743423354,502.82361371377027,504.5137023925781,59155800
2024-04-04,508.50584318362684,508.8457817223291,498.0544227328248,498.35552978515625,96858100
2024-04-05,499.70568326072845,505.51416224528475,499.26857707601863,503.5617980957031,74546500
2024-04-08,504.26113435269997,505.2615637846118,503.0372608598177,503.8434143066406,48401800
2024-04-09,505.57242083511636,505.81525100842816,499.5987748577626,504.42626953125,68049200
2024-04-10,498.75376772780487,501.3569002653356,497.4036769200619,499.37542724609375,82652800
2024-04-11,500.89069371082206,504.5817008252079,497.393962609765,503.1441650390625,70099000
2024-04-12,499.61825717169796,501.0266841379513,494.4799620247676,496.19921875,92561100
2024-04-15,500.35648708759203,500.52159502342283,489.13771409265206,489.9827880859375,92101400
2024-04-16,490.45867707344763,491.97393499543114,487.80696088879887,489.089111328125,73484000
2024-04-17,491.5368440989878,491.7019816659058,484.8055985468662,486.194580078125,75910300
2024-04-18,487.5835926622845,489.6719263116465,484.26166270979206,485.1941223144531,74548100
2024-04-19,485.1163881622374,486.1071245547147,479.6964023315547,480.9591369628906,102212600
2024-04-22,483.5525260012936,487.9720525600813,481.22136246688433,485.3883361816406,67961000
2024-04-23,487.38924842347393,491.575637828991,485.2037770782218,491.14825439453125,64633600
2024-04-24,492.032173924217,492.8189412598712,488.70055129127593,490.9151611328125,55928100
2024-04-25,484.8638724968989,489.8078914311426,483.222338099903,489.0502624511719,69122400
2024-04-26,491.82824557353393,495.2570064811488,491.1968930428971,493.6834716796875,64306100
2024-04-29,495.4609621651781,496.1020373711397,492.70241499072074,495.43182373046875,46415400
2024-04-30,493.97486496700367,494.9461856908876,487.5835876464844,487.5835876464844,77483600
2024-05-01,487.00079486473084,493.6154866987963,485.5340910693037,486.0003356933594,80242800
2024-05-02,489.69131460230034,491.3814327412964,485.22323354848663,490.54608154296875,62550200
2024-05-03,496.5003104757314,497.8504308833997,493.9748706361785,496.6265869140625,72756700
2024-05-06,499.01593484030155,501.79389739765344,498.5788287338661,501.75506591796875,47264700
2024-05-07,502.7167454724822,503.6977888774315,501.63859371019026,502.3088073730469,52561300
2024-05-08,500.4825973671953,502.8914531737705,500.36604365298666,502.35723876953125,42047200
2024-05-09,502.54186786336425,505.2907218217569,501.8910996467172,505.2518310546875,43643700
2024-05-10,506.8448626028078,507.65107540024,504.68855906076743,505.9027099609375,52233200
2024-05-13,507.5734061946242,507.68023725667433,504.83427436338025,505.970703125,36716400
2024-05-14,506.16491953750125,508.80694268932734,505.6307050054446,508.2921142578125,57535900
2024-05-15,510.7495751277046,514.8776880610556,510.11819296519036,514.5863037109375,59504900
2024-05-16,514.6833396504084,516.2763195865357,513.3817440234014,513.5274658203125,50244800
2024-05-17,513.644148566722,514.3338076754613,512.1968900639675,514.2658081054688,59187600
2024-05-20,514.3822167259287,516.3151350820737,513.9936648026625,514.858154296875,37764200
2024-05-21,514.1006064390205,516.2763551432357,513.8966077662355,516.1209106445312,33437000
2024-05-22,515.4315000808116,516.1405454228013,512.4689236736286,514.635009765625,48390000
2024-05-23,517.6750684388743,517.7818994806975,509.6713365846429,510.8758239746094,57211200
2024-05-24,512.7115556042107,515.062194143986,511.7694030777515,514.2559814453125,41291100
2024-05-28,515.0623685210811,515.2954760587247,511.992961182842,514.6155395507812,36269600
2024-05-29,510.6039331839117,512.1871908993834,510.3028260942359,511.0118713378906,45190300
2024-05-30,509.47711227930006,510.13760318894674,506.3785971197376,507.6218566894531,46377600
2024-05-31,508.57386073354985,512.3716988043419,503.49381286592205,512.2454223632812,90785800
2024-06-03,513.848128094292,514.1297897725609,507.61220612199116,512.6630859375,46835700
2024-06-04,511.36150323340104,513.974358217118,509.90452222280885,513.2361450195312,34632700
2024-06-05,515.5479441376007,519.355504956824,513.5664118243003,519.3360595703125,47610400
2024-06-06,519.6371847519142,520.0645682770622,517.4031587596616,519.3263549804688,30808500
2024-06-07,518.3548265027371,521.4922317562889,517.2669523808823,518.69482421875,43224500
2024-06-10,517.8887511155715,520.6181598447974,517.2962597313128,520.297607421875,35686100
2024-06-11,518.7533115423322,521.6089970919911,516.791224537173,521.5507202148438,36383400
2024-06-12,526.0965041099447,528.5150834828803,524.8046308107085,525.834228515625,63251300
2024-06-13,527.5728807070939,527.7477113251548,524.1149812633378,526.8929443359375,44760900
2024-06-14,525.367907030757,527.2425487322553,524.3674183253244,527.2134399414062,40089900
2024-06-17,526.533556163689,532.7985867082562,526.0770045940598,531.4095458984375,55839500
2024-06-18,531.4678314025467,532.8859810291509,531.0501705974204,532.7597045898438,41376400
2024-06-20,533.6825252233083,534.3430162809884,529.5446889553035,531.3125,70328200
2024-06-21,530.4929219620788,531.7109897848462,529.148170327666,530.60009765625,64338600
2024-06-24,530.4246524328222,532.9777175877437,528.75831439887,528.875244140625,45528700
2024-06-25,530.0933585291979,531.2724695843536,528.5829663352164,530.9119262695312,37936200
2024-06-26,529.8011317951398,532.2859786981767,529.1580180403218,531.5746459960938,38550600
2024-06-27,531.4382042677565,532.9876129707899,530.6976093896263,532.4126586914062,35041500
2024-06-28,533.1824029810238,536.2227551968151,529.0799883321372,530.3175048828125,76144500
2024-07-01,531.6915669508893,531.9351805545184,528.6610279959765,531.4089965820312,40297800
2024-07-02,529.8108184673043,534.9851684570312,529.7621076471618,534.9851684570312,40434800
2024-07-03,534.673240578062,537.7330408297021,534.6342838240903,537.3724975585938,32789900
2024-07-05,537.6746345682784,540.8708135451888,537.0412155224441,540.4713134765625,41488400
2024-07-08,541.250918262468,542.0402238948535,540.0328503436032,541.0950317382812,36110500
2024-07-09,542.0499170234392,542.9463982576794,541.3288304126829,541.6211547851562,27289700
2024-07-10,542.83922140572,547.3216870432971,542.546897033872,546.9806518554688,38701200
2024-07-11,547.097658299037,547.9649369537367,541.6309836132551,542.2643432617188,53054200
2024-07-12,543.3849335691044,549.270615886068,542.9172145567801,545.6846313476562,53084400
2024-07-15,547.6725909303428,550.4108051950651,545.3338767680585,547.1853637695312,40584300
2024-07-16,548.4910214723672,550.7225001410881,547.7406727188134,550.43017578125,36475300
2024-07-17,544.5250561904461,546.1913944708481,542.3909988738491,542.7125854492188,57119000
2024-07-18,544.2424632762184,545.2266716040288,536.3688561297039,538.5418701171875,56270400
2024-07-19,538.3080696139889,539.9256971843263,533.9132708630742,534.9656982421875,65509100
2024-07-22,538.8732057821688,541.0852359846874,536.9438053796708,540.4810791015625,43346700
2024-07-23,540.3738360482369,542.5176472841652,539.1460736583557,539.63330078125,34439600
2024-07-24,534.8388986294111,535.1409770414671,526.4878192997799,527.40380859375,74515300
2024-07-25,527.520781647899,533.4747422855404,523.7204457786454,524.6558837890625,61158300
2024-07-26,528.4271869821433,533.2117321557627,527.6573299030541,530.531982421875,53763800
2024-07-29,532.0715719711993,533.0752290029756,528.8558251034021,530.84375,39515800
2024-07-30,532.3054207151831,533.3578480228961,524.7631538745112,528.1542358398438,46853600
2024-07-31,534.9558070033685,539.3603586847362,533.5916069126868,536.7390747070312,65663400
2024-08-01,538.4542082657176,540.6954412129795,525.6498647611072,529.138427734375,76428700
2024-08-02,522.063852889589,523.2721666167066,515.0964813658185,519.2866821289062,82789100
2024-08-05,498.5698494257554,510.2048370125756,497.23482195550594,504.1632080078125,146267400
2024-08-06,505.95616721920055,516.2172002386701,504.64067761587216,508.8113708496094,84826300
2024-08-07,514.9698561147811,518.0102083711349,504.8160585530724,505.41046142578125,70698300
2024-08-08,510.52636582888704,517.7178438799879,508.50929760994603,517.09423828125,63276600
2024-08-09,516.2755714297688,520.8555180126824,515.0575036936727,519.3743286132812,45619600
2024-08-12,520.5632672781688,522.044397411093,517.3865366569688,519.6472778320312,42542100
2024-08-13,522.8239227343687,528.4270341942479,522.5803091926349,528.193115234375,52333100
2024-08-14,528.9824644571885,531.0386081211183,526.3222233938623,529.8594970703125,42446900
2024-08-15,535.4626581650564,539.2240376315274,534.8585012342127,538.9414672851562,60846800
2024-08-16,537.3335929699142,540.8416642629177,537.1777064456791,540.1497802734375,44430700
2024-08-19,540.5590500378348,545.3143920898438,539.7112794996588,545.3143920898438,39121800
2024-08-20,544.8661286211883,546.5129587158026,543.0926147134523,544.4276123046875,33732300
2024-08-21,545.4703825334594,547.7505726232929,540.5590940766256,546.2986450195312,41514600
2024-08-22,548.18892980085,548.7930866218962,540.8025506157201,542.0108642578125,56121500
2024-08-23,545.2364013003757,548.7054559638492,543.053573875613,547.7699584960938,50639400
2024-08-26,548.7931322733509,549.504464836925,544.7686315002069,546.4641723632812,35788600
2024-08-27,545.1974719043471,547.7018267996916,544.0573769322793,547.214599609375,32693900
2024-08-28,546.8735372102509,547.3022994954773,540.8611111576025,544.037841796875,41066000
2024-08-29,545.9965609867917,549.2804676679931,542.9465138533585,544.0866088867188,38715200
2024-08-30,546.4446989296116,549.7870696872616,542.9074254374239,549.2803344726562,62700100
2024-09-03,546.1523719656589,546.4837125964749,535.4723909219692,537.9767456054688,60600100
2024-09-04,536.1447696240151,540.2666922950722,535.4236829556569,536.8756103515625,47224900
2024-09-05,536.817154296066,539.6527901961324,533.1239343608661,535.56982421875,44264300
2024-09-06,535.8913798019039,537.5089477091443,525.659610039857,526.5560913085938,68493800
2024-09-09,530.7365485093424,533.718376233379,528.8168426461983,532.4515380859375,40445800
2024-09-10,534.3517437427556,535.1216007015946,529.4989803786028,534.770751953125,36394600
2024-09-11,534.6829869259533,541.1728251882878,526.1662674430748,540.2568359375,75248600
2024-09-12,540.8318274541291,545.1096956062142,538.6197974189213,544.8076171875,51819600
2024-09-13,545.4118431545087,548.6470386001909,545.1584755178029,547.653076171875,39310500
2024-09-16,547.389917673041,548.7249152296453,545.5969551700833,548.4618530273438,36656100
2024-09-17,550.6640241107275,552.1062567166426,546.4641290442629,548.6859130859375,49321000
2024-09-18,549.3389057758787,554.1624668793891,546.5032696834501,547.0587158203125,59044900
2024-09-19,556.4231830771506,558.2454079377469,553.5680389935643,556.3939208984375,75315500
2024-09-20,555.0314034219361,556.4682163688195,552.4215869805491,555.43212890625,77503100
2024-09-23,556.4974940475859,557.465153194272,555.2854144616904,556.8200073242188,44116900
2024-09-24,557.6116975399481,558.4718522050518,554.7966567556792,558.4132080078125,46805700
2024-09-25,558.2568638249757,558.9899461465259,556.0771251545262,557.181640625,38428600
2024-09-26,561.4238456875147,561.7464186568862,557.0449191197562,559.3907470703125,48336000
2024-09-27,560.4562017753216,561.2674367221593,557.5531642883332,558.5794677734375,42100900
2024-09-30,557.5531235786384,561.4238200592039,555.2659399397932,560.8178100585938,63557400
2024-10-01,560.4659694617594,561.1110557410046,553.2328657284514,555.7937622070312,72668800
2024-10-02,554.904357347643,557.0449605610858,552.5193933091881,556.0283813476562,38097800
2024-10-03,554.5620734708386,556.9470368946191,552.7342597435006,555.01171875,40846500
2024-10-04,559.4396868635619,560.4269142089146,555.2855525566004,560.0554809570312,42939100
2024-10-07,558.4132383947003,559.0583842578297,553.8485957624074,554.9921875,49964700
2024-10-08,557.5531808736639,560.8374356454558,556.6833016920415,560.2411499023438,37398700
2024-10-09,560.231378146855,564.6787929089692,559.6351520491386,564.1216430664062,37912200
2024-10-10,562.7824731556751,564.5516429072721,561.5313172618801,563.1343383789062,44138100
2024-10-11,563.0561277259117,567.2396131412746,562.9192713637127,566.5065307617188,42268000
2024-10-14,568.1095992711693,572.0682925934088,567.6306615716253,571.1397094726562,36217200
2024-10-15,571.4035256005812,571.7065305951428,565.4899467305453,566.7020263671875,54203600
2024-10-16,566.7020448464575,569.6832346627543,565.9005342666823,569.1651611328125,30725400
2024-10-17,572.6937458614649,572.8990304200946,569.0283336899422,569.2140502929688,34393700
2024-10-18,570.8952748825009,572.1855071059618,569.4388940141822,571.403564453125,37416800
2024-10-21,570.6802798985141,571.6577232551329,567.503588989503,570.4652709960938,36439000
2024-10-22,567.9433552717076,571.3155462187071,567.288485036852,570.1621704101562,34183800
2024-10-23,568.1486509721636,568.5885123492586,561.4629131521561,564.952392578125,49314600
2024-10-24,566.897492764615,566.9757049256177,563.5644376745634,566.1741943359375,34979900
2024-10-25,568.3930757936422,571.2765455255891,565.0404523577657,565.978759765625,47268200
2024-10-28,569.4389192842264,569.5659916825215,567.4253885260767,567.7283935546875,30174700
2024-10-29,566.7703610094676,569.7613345267463,565.3824085036434,568.6470947265625,42899700
2024-10-30,568.1779762445088,570.1622147162088,566.2230897069062,566.9268798828125,41435800
2024-10-31,562.5772452055423,562.6456733933426,555.617853906816,555.8133544921875,60182500
2024-11-01,558.4328924373011,562.5674583510357,557.7486702212007,558.1591796875,45667500
2024-11-04,558.2961239590873,559.5863564289897,555.0803565930563,556.95703125,38217000
2024-11-05,557.8659451341218,563.7306045728799,557.6509362573997,563.6915283203125,39478300
2024-11-06,575.9095457320777,578.57794657906,572.1854895240832,577.7080078125,68182000
2024-11-07,579.7020264980958,583.1915058614667,579.6238143381844,582.1749267578125,47233200
2024-11-08,582.722322897382,586.1140819812399,582.722322897382,584.69677734375,46444900
2024-11-11,586.2801485471324,586.6320137481925,583.5335357984702,585.2538452148438,37586800
2024-11-12,585.1757310882224,585.7719571662951,580.9629529710414,583.4359130859375,43006100
2024-11-13,583.8952319310844,585.7132619411553,581.5396200997641,583.7192993164062,47388600
2024-11-14,583.846361756873,584.3252993650702,579.2817188550297,579.9658813476562,38904100
2024-11-15,576.4177743775998,576.886987680586,570.689971552463,572.537353515625,75988800
2024-11-18,572.9967218779136,576.1929802203847,572.1366267509276,574.8832397460938,37001700
2024-11-19,571.5208668268807,577.7080396739373,570.856212572816,576.9847412109375,49412000
2024-11-20,577.0630704450541,577.4637960110058,571.4427705913731,577.1803588867188,50032600
2024-11-21,580.0148784351488,581.6960522761343,574.1990788649406,580.2787475585938,46750300
2024-11-22,580.2689037579424,582.7027874385594,579.7704578390868,582.0772094726562,38226400
2024-11-25,585.9967993093868,587.3065398623395,581.7742372889147,584.0516967773438,42441400
2024-11-26,585.2929516850081,587.7659115133398,584.5794372696156,587.1012573242188,45621300
2024-11-27,586.9154414421588,587.2965988693078,583.8071798813684,585.3222045898438,34000200
2024-11-29,586.1335489255529,589.7403166328984,585.8598958585202,588.9583740234375,30177400
2024-12-02,589.3689531396692,590.6885373789082,588.8802314936704,590.0140991210938,31746000
2024-12-03,589.7794288278096,590.5320194756874,588.7531254655074,590.2876586914062,26906600
2024-12-04,591.9688854405287,594.1974247464545,591.3042312735546,593.9530639648438,42787600
2024-12-05,593.9530901421784,594.7546007001943,592.6237817496434,592.9756469726562,28762200
2024-12-06,593.738204240678,595.3314417096212,593.3276947288156,594.099853515625,31241500
2024-12-09,593.982457801793,594.1486064406603,590.4539021843977,591.0403442382812,34742700
2024-12-10,591.7147337183083,592.135027098725,588.5478275712469,589.2026977539062,37234500
2024-12-11,592.1155320836123,594.7057206012569,591.8418193692619,593.7576293945312,28677700
2024-12-12,592.8974892997352,593.4643633790662,590.6982421875,590.6982421875,31543800
2024-12-13,592.7216579621548,593.4351725009043,589.2126101649385,590.5810546875,35904700
2024-12-16,592.3305635374098,594.0704410234347,591.5584049068509,593.1027221679688,43695200
2024-12-17,590.5613981975558,591.5192734247074,589.2907339933267,590.6591186523438,55773500
2024-12-18,590.3561794711514,592.7313595079198,572.6742637557415,573.0554809570312,108248700
2024-12-19,578.0207549395101,579.6237759904493,572.635033748792,572.87939453125,85919500
2024-12-20,570.5609748943081,584.2716011168147,569.7174991420582,579.76025390625,125716700
2024-12-23,579.5052219390004,583.8302272741931,576.3374142722774,583.2319946289062,57635800
2024-12-24,584.5756905048978,589.7539893082886,583.997031715741,589.7147216796875,33160100
2024-12-26,587.949453201798,590.8720184847898,586.5568290557057,589.7540283203125,41219100
2024-12-27,586.0270602786909,586.262486434216,579.3777229702238,583.5458374023438,64969300
2024-12-30,576.5631199685903,580.338917958557,573.150128529516,576.88671875,56578800
2024-12-31,578.5441892688881,579.2601650774656,573.1599745686183,574.7880249023438,57052700
2025-01-02,578.0342139844852,579.740679758371,569.3154835989945,573.375732421875,50204000
2025-01-03,576.2100986967752,581.1823624210723,575.1312564616488,580.544921875,37888500
2025-01-06,584.7816606701658,588.145567536734,582.1630605707853,583.88916015625,47679400
2025-01-07,585.9094391002772,586.2330977215739,575.4744864171694,577.288818359375,60393100
2025-01-08,577.3575056942733,579.2012884483527,573.92494033326,578.1322631835938,47304700
2025-01-10,574.5918290616524,574.6604875516765,567.4030397334539,569.3056640625,73105000
2025-01-13,564.6765795569504,570.5413429214275,564.2646286559713,570.1882934570312,47910100
2025-01-14,573.1011353265001,573.7288188278344,567.2069202769688,570.9729614257812,48420600
2025-01-15,578.9559575367628,582.4963882541617,577.847724785572,581.3587646484375,56900200
2025-01-16,582.7220679112103,582.8985926554029,579.5445027973688,580.2408447265625,43319700
2025-01-17,585.4584175885924,587.8121409710091,584.1343920679883,586.0664672851562,58070600
2025-01-21,589.0967593301249,591.440725108679,587.1352937130949,591.430908203125,42532900
2025-01-22,594.2457369774064,596.1091536661693,593.6965288784859,594.7557373046875,48196000
2025-01-23,594.1279851220985,598.0018920898438,593.8534110339756,598.0018920898438,41152100
2025-01-24,598.0608006812332,599.0121428376514,595.1087847128249,596.2562255859375,34604700
2025-01-27,583.3497595871564,588.1357411390088,583.1830517473746,587.8218994140625,70361100
2025-01-28,589.0478589949998,593.7063408187366,585.742793521421,592.8727416992188,44433300
2025-01-29,592.0880784150642,592.4902124528912,587.6747800612517,590.2149047851562,37177400
2025-01-30,592.3234809305729,594.9125703683252,589.1458559611356,593.3826293945312,39281300
2025-01-31,595.7952876097377,598.2079122989969,589.4695478929073,590.2247314453125,66566900
2025-02-03,581.2509726905776,588.7241528776601,579.1129820721995,586.2527465820312,65857200
2025-02-04,586.3116394651887,590.6954873423298,585.7722482747779,590.185546875,33457800
2025-02-05,589.0674493379312,592.7255640609287,587.0471418694162,592.5784301757812,30653100
2025-02-06,594.3144028610088,594.7655616068429,591.0191542265169,594.6380615234375,35771500
2025-02-07,595.1970887375172,596.4131881290857,588.4888484089631,589.1950073242188,50788500
2025-02-10,592.3922016880001,593.8338505117428,591.1270177676121,593.1963500976562,26048700
2025-02-11,590.9406891686515,594.1869131800177,590.8230059910161,593.6475219726562,30056700
2025-02-12,587.6551022307518,592.9019987358204,586.9783942084163,591.7349243164062,45076100
2025-02-13,592.8333911581238,598.1882142232939,591.5780842005947,597.9822387695312,40921300
2025-02-14,598.1883693040442,599.2181271214541,597.3351362674015,597.9530029296875,26910400
2025-02-18,599.1101412981178,599.7083740234375,596.6583089558027,599.7083740234375,26749000
2025-02-19,598.3256014161959,601.4148744301086,597.8156011046507,601.1206665039062,31011100
2025-02-20,599.7573748000233,599.8946917719264,595.3245028060013,598.6197509765625,36554000
2025-02-21,598.4039202154535,598.5412371785455,587.919883815814,588.380859375,76519800
2025-02-24,590.420875386549,591.4114252530362,584.997393388531,585.7035522460938,50737200
2025-02-25,585.6447380509082,586.3704708973501,578.2009482027341,582.790771484375,58266500
2025-02-26,584.4481941378576,588.0278934374002,580.4566037497201,583.0849609375,43321600
2025-02-27,585.350344974499,586.4978454436941,573.3854527582961,573.7777099609375,74196700
2025-02-28,574.2778995239084,583.2613856894067,571.2180179577261,582.7318115234375,88744100
2025-03-03,584.6932674866979,585.8309510440972,568.726968794248,572.5223999023438,74249200
2025-03-04,568.5406690059347,574.1112244792533,561.2243803057662,565.7455444335938,109648200
2025-03-05,565.5789679172403,573.611174316589,562.0385358294819,571.8262329101562,71230500
2025-03-06,564.3921877543482,568.9918277562862,559.1354734261878,561.6755981445312,80094900
2025-03-07,559.9004915315724,566.2654391000913,554.7320094861279,564.82373046875,81158800
2025-03-10,556.6541826711317,558.56656383442,544.885388513382,549.7792358398438,99326600
2025-03-11,548.6220367842027,553.1530182295099,541.3842228164132,545.2090454101562,88102100
2025-03-12,551.3385179468074,552.2604091339327,543.0219233117543,548.1021118164062,69588200
2025-03-13,547.7295658893665,548.337615563181,539.0893105175023,540.7957763671875,74079400
2025-03-14,545.3953858640715,552.9666753566005,540.8644044287432,551.96630859375,62660300
2025-03-17,551.9466155584751,558.7333299355132,551.5150907128783,556.22265625,49008700
2025-03-18,553.9179548314441,554.1337472059147,548.2885573100283,550.2108154296875,66041400
2025-03-19,551.9859243939003,559.9494708906026,550.8090329217521,556.2030639648438,66556000
2025-03-20,552.4763694984304,559.5768672502725,551.760393662907,554.5947265625,62958200
2025-03-21,550.1543252489805,555.6727731535583,548.9247213465745,554.777587890625,83763000
2025-03-24,561.4863200959835,565.7653777464658,560.8961342321084,564.7128295898438,58766800
2025-03-25,565.9129505962637,567.0048245728844,564.3292350043083,566.0703735351562,38355700
2025-03-26,565.8047238585734,566.926137079624,557.9352585138073,559.3124389648438,51848300
2025-03-27,557.9254317069114,561.5847644413973,555.7219909391279,557.8270874023438,42164200
2025-03-28,556.3024543870055,557.0303704343938,546.013105289902,546.5934448242188,71662700
2025-03-31,540.8585040275307,551.5609811237723,537.9467803924824,550.2625122070312,95328200
2025-04-01,548.354126889779,553.7545372147966,544.6456225877856,551.816650390625,54609600
2025-04-02,545.993267113699,558.1614216885134,545.7571927870193,555.3087768554688,76014500
2025-04-03,536.2155597389653,539.02887941269,527.9428100585938,527.9428100585938,125986000
2025-04-04,515.1253487932553,517.2894637749819,496.8190194100305,497.0354309082031,217965100
2025-04-07,481.20799599577117,514.6335325434056,473.93856260259804,496.150146484375,256611400
2025-04-08,513.3449138965836,516.4140007584771,481.17849041906084,488.3790588378906,165816600
2025-04-09,485.38869689536773,539.6683349609375,485.0050459934576,539.6683349609375,241867300
2025-04-10,523.4866290700438,524.7949444304113,501.0094937975821,516.0205078125,162331200
2025-04-11,514.4761933704091,527.6772059586904,511.5841621734685,525.2278442382812,97866300
2025-04-14,535.172792794898,535.3990807406135,525.149059337469,530.3232421875,68034000
2025-04-15,530.8642142693149,534.3661235223595,528.0508951584542,528.8378295898438,56892900
2025-04-16,523.0046778330362,529.1133721339063,511.80051174858437,517.0828857421875,83484800
2025-04-17,519.0305887702018,522.5029590498531,515.3614098145464,517.8206176757812,79868100
2025-04-21,512.6562995153043,513.1875268574667,500.16354114488826,505.4951171875,69368100
2025-04-22,511.6529994400941,520.6635112296127,510.71848838241135,518.64697265625,75948100
2025-04-23,531.6119173418257,536.5303334599773,525.1688042348989,526.6836547851562,90590700
2025-04-24,527.9623626642604,538.4976302405015,526.7131259585628,537.7697143554688,64150400
2025-04-25,537.7303874976484,542.0585570888795,534.8186639244827,541.6552734375,61119600
2025-04-28,542.3931048050576,544.5178341418862,536.127047500035,541.8618774414062,47613800
2025-04-29,539.9535089190233,546.3868353532918,539.5993973829874,545.2752685546875,47775100
2025-04-30,538.6353953740775,547.4393716679848,532.6841242611865,545.4916381835938,93101500
2025-05-01,551.2265048528457,554.8661444027258,548.7574506167018,549.3574829101562,63186100
2025-05-02,555.5154232826195,559.1058911654948,553.2037916578166,557.5123291015625,60717300
2025-05-05,553.3907039776933,557.4041485271615,552.5349043366007,554.3153686523438,38659200
2025-05-06,548.8263903141681,554.1579367361115,547.8722463773032,549.6821899414062,48264700
2025-05-07,551.0101522781708,554.6202527049248,546.9671688153295,551.9938354492188,55588000
2025-05-08,556.0170826268422,561.0043636579312,552.5348657113146,555.8400268554688,65130800
2025-05-09,557.2368112120467,558.2401872369107,553.577538715433,555.1317749023438,37603400
2025-05-12,571.9822603015932,573.487324465949,567.6245507869492,573.4774780273438,78993600
2025-05-13,573.890562385163,579.4680890959,573.3299158219985,577.2646484375,67947200
2025-05-14,578.2187618347115,579.3696542531599,575.9857819804191,578.0023803710938,66283500
2025-05-15,576.0054901792878,581.3271894858746,575.5529743261593,580.8255615234375,71268100
2025-05-16,581.6026394160758,584.799609527031,579.6648125061226,584.5045166015625,76052100
2025-05-19,578.5040593733968,585.8226647003453,578.5040593733968,585.1439208984375,68168500
2025-05-20,583.4127091135157,584.3570065824167,579.9796042324612,583.1765747070312,60614500
2025-05-21,578.8385787658873,582.9110418636186,572.3266004007668,573.349609375,95197700
2025-05-22,573.1528910764564,577.0482985987975,571.9232869387653,573.575927734375,70860400
2025-05-23,566.5818333658885,572.3167232636762,566.2080289447406,569.6607666015625,76029000
2025-05-27,576.5071456404713,581.6616353353045,568.9917925553825,581.5042724609375,72588500
2025-05-28,581.9075375075913,583.097815601689,577.4120988041581,578.1400146484375,68445500
2025-05-29,583.383198499108,583.5209285665185,576.5072620387259,580.4223022460938,69973300
2025-05-30,579.3204944032111,581.4846092815853,573.7233350319688,579.7730102539062,90601200
2025-06-02,578.1696961697437,583.1175918640782,575.5137392971141,583.0389404296875,61630500
2025-06-03,582.6748967264019,587.3375451970118,582.1928415555221,586.3637084960938,63606200
2025-06-04,587.2195213026215,588.1933580255613,585.77347583579,586.206298828125,57314200
2025-06-05,587.8785152313988,589.2261562279789,581.4058638494905,583.3732299804688,92278700
2025-06-06,588.8918048716712,591.0264408134955,587.1211869788787,589.364013671875,66588700
2025-06-09,589.9344673159251,591.4395314497265,588.7245561772476,589.8951416015625,53016400
2025-06-10,590.426305457828,593.6232758793388,589.3147986704665,593.2396850585938,66247000
2025-06-11,594.3315698285918,595.1873694307895,589.491865174911,591.5477294921875,73658200
2025-06-12,590.2197163908625,593.898681640625,589.7377212700143,593.898681640625,64129000
2025-06-13,588.7343748466453,592.0296894370186,585.7636324727854,587.2588500976562,89506000
2025-06-16,590.6034857060379,594.587391119647,590.4263698749754,592.8462524414062,79984100
2025-06-17,590.4164759991057,591.9313264126861,587.0227571759267,587.7802124023438,82209400
2025-06-18,588.6753335186196,591.4099413940326,586.7374465360585,587.691650390625,76605000
2025-06-20,590.3564623402502,591.421997724495,584.9104595060545,586.3114624023438,94051400
2025-06-23,587.0612559769497,592.4875080391681,583.9535295622766,592.102783203125,87426000
2025-06-24,596.2266384998721,599.6993983536543,595.3189312980566,598.643798828125,67735300
2025-06-25,599.7586945360007,600.4493204937829,597.4204779573378,598.9793090820312,62114800
2025-06-26,600.8242007377552,604.0996909412141,600.2125189749694,603.6655883789062,78548400
2025-06-27,604.6620460106875,608.1249909093486,602.6395460052738,606.664794921875,86258400
2025-06-30,609.1017606660369,610.9170549934429,606.793110456443,609.5654296875,92502500
2025-07-01,608.0954226976304,610.532334615444,607.2667196950123,609.3681640625,70030100
2025-07-02,608.9635746030316,612.1699961712587,608.3420172970813,612.1305541992188,66510400
2025-07-03,614.1036930875782,617.882354174148,614.0839419945853,616.9549560546875,51065800
2025-07-07,615.0014790783108,615.6625385416997,609.5851029977032,612.357421875,74814500
2025-07-08,613.0184402574613,613.7682592313246,611.2130216520668,612.0220336914062,59024600
2025-07-09,614.4194576258184,616.3432624074327,612.5843521193799,615.692138671875,66113300
2025-07-10,615.8302548644143,618.4644365752275,614.6562088976586,617.4285278320312,57529000
2025-07-11,614.389851486408,616.4814202079069,613.196114561925,615.258056640625,63670200
2025-07-14,614.804168244691,616.7773507170579,613.4624186155016,616.4320678710938,51898500
2025-07-15,619.1057169315715,619.4411242116038,613.7189074073614,613.7978515625,74317300
2025-07-16,615.3764310442137,616.3531467698953,609.7627242916457,615.8499755859375,88987500
2025-07-17,616.027506506921,619.9738709042318,615.8104251523631,619.61865234375,68885700
2025-07-18,620.861886140426,621.0295897988693,618.0600006009754,619.1649780273438,65621600
2025-07-21,620.3389892578125,623.0718060276608,619.9147622533486,620.3389892578125,63375000
2025-07-22,620.6645066309135,621.2860639110608,617.7935527028395,620.427734375,60046300
2025-07-23,623.0817490356008,625.7061157226562,621.2861455699198,625.7061157226562,70511000
2025-07-24,626.0908482604223,627.6201130303268,625.4890419873703,625.9132690429688,71307100
2025-07-25,626.5742531786653,629.0308557161836,626.3276053702117,628.5572509765625,56865400
2025-07-28,628.9321516432593,629.4846403177779,627.0181622678288,628.3994140625,54917100
2025-07-29,629.7904764849706,630.1061928990167,625.8342963044605,626.741943359375,60556300
2025-07-30,627.3930824208583,629.129492632239,623.0718079865017,625.9526977539062,80418900
2025-07-31,630.8856625012866,631.2703873241156,622.3121821287813,623.6046142578125,103385200
2025-08-01,617.9020886786027,617.9415908673775,610.9860743719428,613.3834838867188,140103600
2025-08-04,617.280474690056,622.7560435889075,617.1917152069655,622.7067260742188,73218000
2025-08-05,623.3184070376644,624.1274190145356,618.6320990296246,619.5496215820312,68051400
2025-08-06,620.6151401423151,624.9462896680084,619.7074931606843,624.295166015625,64357500
2025-08-07,627.7087056122075,628.4387733842979,620.67430632154,623.772216796875,74205800
2025-08-08,625.5580097272857,629.0998986072367,625.2422933193634,628.6361694335938,64051600
2025-08-11,628.9124554108,630.382466681372,626.1499518449814,627.39306640625,58742300
2025-08-12,629.7313011159781,634.2301547632397,628.2514142554742,634.0723266601562,64730800
2025-08-13,636.2625497647373,637.5254154950222,634.0624705008762,636.2428588867188,60092800
2025-08-14,634.1709312549185,636.9630011917295,633.7270133914775,636.302001953125,59327500
2025-08-15,637.328112699525,637.4268079608856,633.9046697471923,634.8123168945312,68592500
2025-08-18,634.2399697526556,635.3646981112688,633.5690949992928,634.674072265625,43804900
2025-08-19,634.4965103700933,635.4732259966958,629.9187128752989,631.2308959960938,69750700
2025-08-20,630.8264521540534,631.0829152899969,624.4629267215348,629.5537109375,88890300
2025-08-21,627.7482676486437,629.4155489420286,625.3113561107211,627.0280151367188,54805800
2025-08-22,629.2084140029245,637.8312114652382,628.70524285572,636.6571655273438,84083200
2025-08-25,635.4041800322128,636.6374190424261,633.7368384817344,633.855224609375,51274300
2025-08-26,633.5889446007113,636.8545593934813,632.9673872646679,636.5092163085938,51581600
2025-08-27,635.9270971923372,638.6895405097797,635.7790844255956,637.95947265625,48341100
2025-08-28,638.5612839961418,640.7712386679527,636.6867968305069,640.21875,61519500
2025-08-29,638.7881685836082,639.1532627231435,634.5162720889837,636.400634765625,74522200
2025-09-02,628.9518765829083,631.9017745733,626.406454480519,631.6847534179688,81983500
2025-09-03,634.0526164459553,635.5720055927542,631.8722882029587,635.1082763671875,70820900
2025-09-04,635.7791465574808,640.4457643382553,634.8813749728572,640.4161376953125,65219200
2025-09-05,642.7444163544111,643.4646688785257,634.7037341963564,638.561279296875,85178900
2025-09-08,639.9227380309984,641.1264105300318,638.5513618994769,640.1299438476562,63133100
2025-09-09,640.268114410177,642.1327863823664,638.54157966928,641.6099243164062,66133900
2025-09-10,644.855788891868,645.7733115580726,641.9058905935132,643.4647216796875,78034500
2025-09-11,645.4082598463015,649.502637640468,644.8262047273438,648.81201171875,69934400
2025-09-12,648.7823644090812,650.2721267910674,648.0917987261137,648.5949096679688,72780100
2025-09-15,650.7951046545995,652.1762963553084,650.4991393056443,652.0480346679688,63772400
2025-09-16,652.6004677140577,652.9063688014267,650.3708221309846,651.1502075195312,61169000
2025-09-17,651.1601352003632,652.8471677889224,645.5266771850337,650.3412475585938,101952200
2025-09-18,653.0148488941834,655.9746224265324,651.4165760040546,653.3798828125,90459200
2025-09-19,655.2606553211801,657.4569312262267,653.3215535907623,656.6160278320312,97945600
2025-09-22,655.1320445581616,660.1676828141602,655.1023357778903,659.7225341796875,69452200
2025-09-23,659.6037721086419,660.2172101260659,654.914373896894,656.1312866210938,81708900
2025-09-24,657.4173382288552,657.5162467217733,652.6289715744526,654.043701171875,68082200
2025-09-25,650.91749472694,652.3717757310584,647.4251431178142,651.0263061523438,89622100
2025-09-26,652.4707616041429,655.3002210405111,650.8581544995363,654.756103515625,69179200
2025-09-29,657.2689872647139,658.1792111877495,654.7956708332731,656.5962524414062,73499000
2025-09-30,655.8541471878013,659.5344728182262,654.5482290856307,659.0694580078125,86288000
2025-10-01,656.0916952927918,662.2255322042525,655.9828838603935,661.3153686523438,72545400
2025-10-02,663.2938778298502,663.4125921637317,659.6630669539827,662.0769653320312,56896000
2025-10-03,662.8389040732001,665.5001949823258,661.0284195287326,662.0672607421875,70494400
2025-10-06,664.4514922823549,665.3320074034157,662.314573504463,664.4415893554688,54623300
2025-10-07,665.3616291701808,665.8068381763353,660.5436138980969,661.9781494140625,72020100
2025-10-08,663.0960778489103,666.0245059882836,662.2749199573431,665.925537109375,60702200
2025-10-09,666.3410972158545,666.7466945063586,662.0671995495462,663.996337890625,66501900
2025-10-10,664.9560020556908,666.7565834688588,645.8719162752307,646.0499877929688,159422600
2025-10-13,653.5985074660624,658.0306703959724,652.72789540716,655.9629516601562,79560500
2025-10-14,650.1556317834018,658.7232324647772,646.1983260713891,655.16162109375,88779600
2025-10-15,659.7026642450096,663.0762408380068,651.8968641380318,658.0702514648438,81702600
2025-10-16,659.7027147054259,661.5725563129243,650.0963324960569,653.5886840820312,110563300
2025-10-17,652.4608239631079,658.6540174880462,651.1153544209424,657.2986450195312,96500900
2025-10-20,660.197387427611,665.0352086527322,660.1479331778372,664.1348876953125,60493400
2025-10-21,664.2734231364246,665.8068672167763,662.8289846309673,664.125,56249000
2025-10-22,664.8274246920023,664.8274246920023,656.2202718491607,660.6722412109375,80564000
2025-10-23,660.988802941274,665.5298380529869,660.6722112216523,664.5899658203125,65604500
2025-10-24,669.2398161192735,671.2283116328227,668.4384640813665,670.0213623046875,74356500
2025-10-27,675.4428672302427,678.2228723013301,674.8393925526769,677.9260864257812,63339800
2025-10-28,679.7167206093349,681.5568533012904,677.520444889974,679.7266235351562,61738100
2025-10-29,681.368983551386,682.338564675443,675.5814471238866,680.05322265625,85657100
2025-10-30,676.600418646911,678.6186229721906,672.5738525390625,672.5738525390625,76335800
2025-10-31,677.7282029402567,677.7678146457715,671.9901213244605,674.780029296875,87164100
2025-11-03,678.3514739521635,678.4800912258883,672.6826525168186,676.04638671875,57315000
2025-11-04,668.8935461650569,672.7024895383894,667.3799079726423,668.0328369140625,78427000
2025-11-05,667.7755543304748,673.5927987432043,666.9742023136038,670.3478393554688,74402400
2025-11-06,669.2496813312496,670.150002278421,661.5824008089137,663.1554565429688,85035300
2025-11-07,660.781013040124,663.9172214121945,654.1525740278607,663.808349609375,100592400
2025-11-10,670.011442763763,674.8987178962867,667.8250699305912,674.1666259765625,75842900
2025-11-11,672.6925273614432,676.2738842563608,671.485517700804,675.7099609375,58953400
2025-11-12,677.4808612736824,677.6490902522322,673.6818813898049,676.0859375,62312500
2025-11-13,673.2367288900627,673.5928719621189,663.3632690735044,664.8670043945312,103457800
2025-11-14,658.2780414721369,668.4482860302248,656.1905771441307,664.7581176757812,96846700
2025-11-17,662.5520175117457,666.5192267278557,655.1023594385355,658.5650024414062,90456100
2025-11-18,655.0330052616243,658.0207904035176,648.8596179987588,653.0346069335938,114467500
2025-11-19,653.7272041810384,660.2171837101976,651.7188423695233,655.5574340820312,94703000
2025-11-20,665.7276649913678,668.3494043558474,644.9320631333248,645.5652465820312,165293500
2025-11-21,648.0583498819193,657.4569521849606,643.9031662606766,651.9959106445312,123956200
2025-11-24,655.6167748873626,662.9081062970187,654.5285399004904,661.59228515625,80437900
2025-11-25,661.4934352510542,668.9925476262177,657.3877057953216,667.8152465820312,81077100
2025-11-26,670.3973686817876,674.4239350690651,669.4970476879164,672.4254760742188,71879600
2025-11-28,673.5928610720755,676.3728662652451,673.2367180057771,676.0958862304688,49212000
2025-12-01,671.5647168500374,675.7000943604489,671.4954567492206,673.0091552734375,61201200
2025-12-02,674.6414676887413,676.5212120744054,672.0791460292079,674.2556762695312,62953800
2025-12-03,673.3060046468137,677.5996482328236,672.4353924168599,676.590576171875,57238500
2025-12-04,677.9854045442221,678.05466464181,674.0677104452674,677.0851440429688,61970300
2025-12-05,678.1535936302283,681.0424704296607,677.2731389541586,678.3712768554688,79241000
2025-12-08,679.2616800097057,679.3111342559135,674.2952418630646,676.333251953125,55231500
2025-12-09,675.8584445640498,678.0745263345831,675.3044241214166,675.7495727539062,58310100
2025-12-10,675.2747265375898,681.616283144729,674.0380683519487,680.2312622070312,85671300
2025-12-11,677.8271327535609,681.8932499368323,674.8888018222121,681.8140869140625,86173700
2025-12-12,680.8248329648462,681.5272765513724,671.9208940415416,674.4832763671875,113160300
2025-12-15,678.4207690042323,678.4405748577324,672.0000494482242,673.4642333984375,90811000
2025-12-16,671.9802275249427,673.8105178026394,667.7755898483048,671.6240844726562,122030600
2025-12-17,672.6331978735437,673.1773153631458,664.035948310003,664.2338256835938,110625200
2025-12-18,670.3676386439364,673.47413846835,667.6965052957117,669.2496948242188,108650100
2025-12-19,671.3463691548195,675.8114935895343,671.2272434527378,675.3153686523438,103599500
2025-12-22,678.6394050189502,680.0483829319917,675.3153920494597,679.5225219726562,69556700
2025-12-23,678.6195066727895,682.8663651395233,678.5699062922599,682.6282348632812,64840000
2025-12-24,682.6183200290311,685.4760045408373,682.4694583215327,685.0294799804688,39445600
2025-12-26,685.287420330769,686.2994739503212,683.9280429419551,684.9599609375,41613300
2025-12-29,682.2114479341877,683.8586166189733,680.7528697076866,682.51904296875,62559500
2025-12-30,682.1222002850684,683.2235831301442,681.2589477241032,681.6856079101562,47160700
2025-12-31,681.8145855439083,682.0328514439952,676.4266760541103,676.635009765625,74144800
2026-01-02,680.395719787287,681.5467030561866,674.5513531776926,677.8753662109375,89377200
2026-01-05,681.2192280630002,684.0868448237256,681.0604947255163,682.3900756835938,71927200
2026-01-06,682.5984300063299,686.9544213697425,682.4496288665487,686.4483642578125,69273800
2026-01-07,686.8254142672773,688.5817158514149,683.9776620917838,684.2356567382812,75588300
2026-01-08,683.4815439165204,685.2675815209567,682.1618346683338,684.1661987304688,64019200
2026-01-09,685.2775150455628,689.9212370510019,683.8387406584166,688.6908569335938,80125500
2026-01-12,685.3270791782115,690.6951844685583,685.277478801028,689.7723388671875,63976000
2026-01-13,690.0998903120652,690.6952766040527,685.9919610896558,688.3932495117188,78309700
2026-01-14,685.6446369497345,686.3590277621203,680.7230559588451,685.0095825195312,94676700
2026-01-15,689.1870202593807,690.0602050162862,685.8927433241695,686.8750610351562,77862000
2026-01-16,688.2839991969948,688.869453251486,684.7515921796883,686.2994995117188,79289200
2026-01-20,676.2083446056304,679.4629532027941,671.3264922720098,672.3286743164062,111623300
2026-01-21,674.382576550426,683.4020929933814,672.8743375287692,680.0880126953125,127844500
2026-01-22,684.5035723961656,685.7736813437502,681.5962874434288,683.6403198242188,77112200
2026-01-23,682.8167194920136,685.6049389887335,681.8343413244536,683.8883056640625,63059600
2026-01-26,685.138576123168,688.7503800429489,684.5729864520383,687.3612060546875,60473800
2026-01-27,688.8000086063018,691.1318321418594,688.1947507195304,690.099853515625,55506100
2026-01-28,691.6477064811113,692.4316225777728,688.5618241580821,690.0303344726562,61172200
2026-01-29,690.9928952881424,691.657685737667,679.5224893166136,688.6610717773438,97486200
2026-01-30,686.4285189892349,688.8298072906449,681.7947290319643,686.6071166992188,101835100
2026-02-02,684.2356737126761,691.5286859406688,684.0768798206813,690.0204467773438,79286500
2026-02-03,690.8142565672537,691.5584439188771,678.7286612443456,684.18603515625,107904600
2026-02-04,684.9996810996682,686.0911923060062,676.4762885369656,680.8719482421875,105204600
2026-02-05,675.6626239798336,678.3913111024622,670.5525129616972,672.3683471679688,113610800
2026-02-06,676.1785962582386,686.9444827733389,675.5732778299765,685.267578125,89127600
2026-02-09,684.0768565720822,690.4768800480663,683.0052703670985,688.57177734375,73885200
2026-02-10,689.5640655604284,691.1417089533321,686.2995246985826,686.7559814453125,65185700
2026-02-11,690.9928885783248,691.7370759669038,683.8387453470867,686.5972290039062,76353900
2026-02-12,688.8595645054852,689.9609473653614,675.097063165144,675.9901123046875,118829000
2026-02-13,676.4067760275798,680.96122930703,672.2691112734435,676.46630859375,96267500
2026-02-17,674.8688419019007,679.6316291710169,670.5426469985775,677.5578002929688,81354700
2026-02-18,678.7187643851827,683.8090109802145,677.53798463666,680.9711303710938,73570300
2026-02-19,678.5401770095443,680.8620077880265,676.2678860499572,679.1751708984375,58649400
2026-02-20,677.0319102464942,684.7119142291095,676.4464562003476,684.0867919921875,100034000
2026-02-23,682.4992209190492,684.6523861034582,675.0970153480879,677.1013793945312,90558100
2026-02-24,676.6151751251432,683.0151380016027,674.7298762460771,682.0228881835938,73798700
2026-02-25,684.831062331904,688.3039371523823,684.7516653786108,687.778076171875,56369500
2026-02-26,687.9070203801248,687.9268241953206,679.046175727848,683.9578247070312,71671000
2026-02-27,677.795973699009,681.5367144347911,676.35719931042,680.6734619140625,83308900
2026-03-02,673.4400139353526,683.2831159083878,672.765291276125,681.0604858398438,87477200
2026-03-03,669.8281968363514,677.3196712649806,664.4700232973693,675.057373046875,105003100
2026-03-04,676.3471942737264,681.7648996497006,674.3527626088865,679.820068359375,79182200
2026-03-05,676.7937758642711,680.2170498641997,670.3738880206191,676.0297241210938,106606500
2026-03-06,668.1908700160953,670.869956423512,664.569194806431,667.1688842773438,100687000
2026-03-09,661.2254329083217,674.6505427155427,657.2564332632285,673.0133666992188,102667700
2026-03-10,672.4674947413112,678.0637980596332,669.5304741395607,671.9317016601562,81505300
2026-03-11,672.3286912573745,674.8093159596237,668.1215614523004,671.08837890625,68441700
2026-03-12,665.958337853126,666.444591119081,660.7093583022987,660.8978881835938,108882200
2026-03-13,664.0831110227487,667.1293254881115,656.2343803863124,657.1571655273438,97200200
2026-03-16,663.1999840519829,666.8613885560293,661.9497395049242,663.844970703125,82023100
2026-03-17,667.1788836379297,669.2129836950214,664.5097291491037,665.5912475585938,87128000
2026-03-18,663.1801174312507,664.5295627375546,656.0657027257738,656.3038330078125,82062600
2026-03-19,651.8783782687178,657.8418097710767,650.0923405870744,654.6864624023438,111272500
2026-03-20,653.2009461223761,653.3800315656541,641.4703334037762,645.3009643554688,163617500
2026-03-23,654.7531040433624,659.2801583045331,650.6439158314106,652.07666015625,134802700
2026-03-24,648.0371459178807,653.7183875512989,646.604401549905,649.8877563476562,96457500
2026-03-25,655.3501116680137,657.5589538580906,650.9424473291369,653.5094604492188,90653800
2026-03-26,648.7734634761676,651.5493793651953,641.5699644768796,641.838623046875,96494400
2026-03-27,639.2616275919053,639.420794428861,629.9189411370072,630.89404296875,103649400
2026-03-30,636.8836547011163,637.1423539459004,626.108284608157,628.78466796875,99275900
2026-03-31,635.7195686416,648.2560368761451,634.7643854444117,647.0621337890625,152534100
2026-04-01,650.6041659517412,655.2008748639518,649.7086779392242,651.9373779296875,97841500
2026-04-02,643.1618697673937,654.8825248659317,641.858474913505,652.5244750976562,68358700
2026-04-06,652.554231190157,656.3947609217337,652.2159789115307,655.6087646484375,39105800
2026-04-07,653.3402849463747,656.285326673986,647.7784337275787,655.8972778320312,69980400
2026-04-08,672.980811715349,673.6673363432215,668.0756676404139,672.6027221679688,93606100
2026-04-09,671.4386399182858,677.7267318686964,670.3740257373166,676.4830322265625,57134400
2026-04-10,677.885949822129,678.5923930707559,675.0304203424645,676.0353393554688,42253500
2026-04-13,673.9955829678383,682.840788741459,673.1698101905051,682.6417846679688,54185800
2026-04-14,684.2238203737314,691.0791070995066,684.193942434314,690.959716796875,63480500
2026-04-15,691.7557051691649,696.7504224001667,690.7010502942645,696.412109375,58240400
2026-04-16,697.5264615426626,699.2378238459212,695.0092450197437,698.1234130859375,49972400
2026-04-17,702.5808909886877,708.7993894133457,702.2028014262665,706.5607299804688,70661900
2026-04-20,705.20752199003,706.3317705126415,702.5808139687996,705.1477661132812,43546800
2026-04-21,706.7000123508461,707.6949720613851,699.098505587723,700.53125,58941400
2026-04-22,705.5756906371417,707.8640857857167,704.6503246823615,707.6253051757812,42518500
2026-04-23,705.9239069650033,708.7694771316526,698.7403270820959,704.8792114257812,56174000
2026-04-24,707.1675680011435,710.8687887329964,705.4363479344694,710.3414916992188,45182000
2026-04-27,709.5754490929214,712.0230720129201,708.7098389427747,711.5653686523438,33135900
2026-04-28,708.2322548988411,709.2869098023077,705.6752010599358,708.1029052734375,43117400
2026-04-29,707.4163145996059,708.6102783309316,704.7995658491443,707.993408203125,41859200
2026-04-30,711.0280636665188,716.1620290590424,706.8691393587039,715.0377197265625,67240900
2026-05-01,717.6146516977453,721.216400793299,716.8385540170647,717.0177001953125,43049800
2026-05-04,716.4406056700121,718.4802608161392,711.3861936216806,714.3909912109375,51950600
2026-05-05,718.1320898558575,721.3855668152729,717.8534719876392,720.1220092773438,36933200
2026-05-06,724.489821452625,730.8874657022126,724.1515691652952,730.1312866210938,53288900
2026-05-07,731.3451201928577,732.4196936796947,726.0718458933673,727.8926391601562,51724600
2026-05-08,731.2257166531052,734.359863963193,730.8675457398152,733.9021606445312,47227100
2026-05-11,732.7380586745534,737.0561496205491,732.7380586745534,735.5736694335938,44024000
2026-05-12,733.1758744234386,735.1160580011854,728.1413807257971,734.4593505859375,54185300
2026-05-13,734.7478704606156,740.1604537310201,731.7629913201908,738.5685424804688,44200200
2026-05-14,739.9018102364839,745.7521781705404,739.8122371427646,744.3989868164062,45307600
2026-05-15,738.0511867146383,739.712813256131,734.2405345152865,735.4443969726562,60410800
2026-05-18,736.1010471042457,737.682999009625,729.6935042484962,734.927001953125,47843900
2026-05-19,731.0764945153984,733.9320239063612,727.8428755921286,730.03173828125,54255900
2026-05-20,732.0018002736176,738.1307251173267,730.1909663879147,737.5138549804688,45768000
2026-05-21,734.9170485709385,741.1156280791548,733.3151780259534,738.9764404296875,43332200
2026-05-22,742.4787264390759,745.1651298094138,740.7275876279662,741.8817749023438,41762000
2026-05-26,746.2297301040182,748.3390397979183,744.5979816306177,746.8068237304688,41123600
2026-05-27,747.0952952420212,747.5927750592914,744.4486686067338,746.6774291992188,42106300
2026-05-28,746.4685193943138,751.3438462445121,745.4536410614309,750.7965698242188,41562600
2026-05-29,752.0900813404212,754.2590862562773,750.8861582097875,752.6671142578125,55075700
2026-06-01,751.5527103892452,756.4479556154175,750.886104424133,754.7166748046875,43634900
2026-06-02,753.2144012702464,756.5674107365072,752.9357833937803,755.7415771484375,31581900
2026-06-03,754.3287420712209,754.9754294579049,749.7718095132926,750.4384155273438,51402500
2026-06-04,748.3091480570178,754.4878695071194,747.6823186029123,753.2740478515625,49923000
2026-06-05,748.5181345185488,749.0255736853693,731.82274221843,733.83251953125,93989400
2026-06-08,739.6132273185567,741.5832888174093,734.4693026781229,735.4940795898438,49319100
2026-06-09,739.881935268434,743.1354731343894,718.9480036644643,733.3350830078125,87683500
2026-06-10,729.69352181897,734.6583610930755,721.6741489247238,721.7736206054688,60341300
2026-06-11,725.0868662900759,736.2702039965386,720.7587550057447,734.04150390625,86330500
2026-06-12,736.9766163198905,740.6877965432628,731.3252525489901,738.0113525390625,57079500
2026-06-15,748.0604304424444,752.8661028247,747.9709180763429,751.0254516601562,60176400
2026-06-16,750.7468576807364,751.6323864215939,746.100412710964,746.5481567382812,67093100
2026-06-17,747.5032315039188,748.3589429763433,735.4940609532621,737.225341796875,85945200
2026-06-18,745.907751654771,746.3765582049119,742.0173878962117,744.8902587890625,80875700
2026-06-22,745.8479411927095,748.321778689857,741.2892538871644,742.546142578125,46628100
2026-06-23,731.9922892059834,737.7978798883457,730.4860198600484,731.7628784179688,66846800
2026-06-24,733.3489180103626,738.1171068570358,729.0296875445486,731.4237060546875,57439500
2026-06-25,737.0796452204372,737.5385276888334,727.7927091295785,732.4810791015625,53934400
2026-06-26,727.144386135875,734.7056273477464,714.8050317832251,727.1842651367188,71034000
2026-06-29,734.7055914816465,739.7231001504891,730.27658724538,739.1644897460938,58035200
2026-06-30,739.4537599262709,746.1671307285668,739.0547872797607,744.9202270507812,55626000
2026-07-01,743.1545925484338,747.5835968507926,740.541087308444,743.9127197265625,47100900
2026-07-02,745.5486859530862,749.4489739445169,738.1969465958291,742.9351806640625,57447800
2026-07-06,746.885320136641,750.5462122974698,745.5585975722108,749.4190673828125,50673300
2026-07-07,748.3616416292718,749.0998597580657,743.364102770238,745.85791015625,43721500
2026-07-08,741.3191472958572,744.3017921335774,737.6782249675691,743.5536499023438,43767400
2026-07-09,745.4987759890873,750.1073272936331,743.7431866839036,749.8480224609375,41441700
2026-07-10,750.187115173852,753.5487626123848,746.2468873823584,753.0799560546875,42191300
2026-07-13,750.6060836597362,752.0425191788765,746.1471851864706,747.3142700195312,44013600
2026-07-14,749.0499474324819,751.4739818301254,746.8055207475287,749.9677124023438,35143100
2026-07-15,752.3717122204262,753.7084197839658,748.3417413555546,752.9403076171875,43844800
2026-07-16,750.8953984161742,752.7009125511715,746.0274814662645,748.8604125976562,46409800
2026-07-17,740.241827732839,745.438883195828,738.9649691671198,741.4487915039062,62651000
2026-07-20,745.2094908804986,746.8753371556621,739.6732506975046,740.2518310546875,50422300
2026-07-21,744.4413918284653,747.1845799829406,742.3366329839115,746.426513671875,34324300
2026-07-22,744.7705725456777,748.1621748950539,744.5211918106933,745.55859375,32836200
2026-07-23,737.5385562389782,740.7206569606348,733.3888874570794,736.3515014648438,55437300
2026-07-24,736.6806667930385,741.8777222786117,735.4636571620507,737.099609375,44782000
2026-07-27,743.0648074406847,743.6833276942111,734.0472217265344,737.25927734375,41461200
2026-07-28,737.3589950224286,740.9500533043114,734.156924420905,739.0248413085938,47322200
2026-07-29,738.1370526174048,740.8403618199718,727.2939826612791,727.6531372070312,70697200
2026-07-30,734.2267392747757,740.6109103701467,732.7703947650456,739.852783203125,66811300
2026-07-31,742.835410914187,747.0449895804718,735.8527500027326,745.1796264648438,62445900
2026-08-03,747.5836183167282,756.7009928898597,746.9451890027125,755.793212890625,59927500
2026-08-04,758.7458651152236,771.494176400126,758.6361522059436,769.4193725585938,69154800
2026-08-05,773.928165423025,774.9256883846499,767.6039039413469,767.8831787109375,44689100
2026-08-06,768.3021872511085,769.9081846177485,765.5589990885744,766.65625,38416900
2026-08-07,769.1101628301597,772.0029428489042,767.703621378493,771.3446044921875,43586300
2026-08-10,770.6861849056471,773.1301282404592,769.7086319253093,771.1151733398438,39249500
2026-08-11,772.6115040483734,772.6912620504304,767.2946895097219,768.6513061523438,36740600
2026-08-12,772.7910096110111,772.9805414027246,769.369513273419,770.5764770507812,33179100
2026-08-13,772.9506321027081,777.4394855444215,772.1925048911166,775.9531860351562,35634500
2026-08-14,776.6114939657781,776.8708596736758,773.509212209858,774.4169921875,31367900
2026-08-17,774.2573577843602,774.8559080861019,770.5964655970525,770.7560424804688,34356600
2026-08-18,766.7959149360092,767.5939211307613,765.0202948350139,765.5490112304688,43920900
2026-08-19,768.4517358705159,770.5564946026684,766.1973243479778,767.1549682617188,40306000
2026-08-20,764.0627220124634,766.2472997692572,760.1523881029335,760.7109985351562,45520300
2026-08-21,764.1524418077088,765.9479709365374,762.2770937955632,763.8232421875,39188700
2026-08-24,762.8856098637509,763.3244615010249,760.1922857963137,761.5787963867188,32430900
2026-08-25,764.262137078792,764.8806573052586,761.159855395616,764.0127563476562,27422300
2026-08-26,762.8356805789958,765.449185749943,762.0376744224566,764.182373046875,28751600
2026-08-27,766.5964060257239,770.4468300957561,765.2596984507333,769.18994140625,34557100
2026-08-28,769.8483393622295,773.3795487683207,766.4068729286823,767.4442749023438,36744300
2026-08-31,765.4292990280279,766.097622354185,762.8257178677422,765.1499633789062,38810800
2026-09-01,760.1224772031874,762.7758614763637,757.5987149009983,759.89306640625,41126300
2026-09-02,760.5614001563074,764.5315220914426,759.8431519587122,763.2646484375,29566200
2026-09-03,765.99791709853,772.112737807933,765.5490195828438,771.2548217773438,43531600
2026-09-04,770.0977256925568,770.9555808433835,767.0951717806925,768.2822265625,34054200
2026-09-08,767.1649647963771,767.7934091111229,763.2447069992287,764.0626831054688,44746100
2026-09-09,762.1873669257697,762.5763546117217,759.055130192088,760.5115356445312,32812400
2026-09-10,756.1523365872063,758.2271404471661,754.7657651010062,755.9528198242188,42740400
2026-09-11,762.8257171109622,764.4816392943262,761.7084962835214,762.3967895507812,45512700
2026-09-14,757.119891309806,761.6287143614769,756.0525344863368,758.9952392578125,43992400
2026-09-15,758.2371341657202,758.4665449596201,754.2769973083872,755.513916015625,46195000
2026-09-16,757.6187023523285,759.7833101686804,747.7432005092232,752.1821899414062,59217700
2026-09-17,761.2596848801362,761.6786274833105,758.0775841455181,760.7109985351562,49652800
2026-09-18,761.3099975585938,762.0,757.969970703125,761.6900024414062,65395100
2026-09-21,766.25,774.8900146484375,766.030029296875,773.5,50484700
2026-09-22,774.030029296875,775.1400146484375,772.5700073242188,773.3800048828125,34802300
2026-09-23,772.7899780273438,773.0499877929688,766.5,767.8099975585938,54931700
2026-09-24,764.0700073242188,768.9500122070312,763.25,767.1799926757812,43983700
2026-09-25,768.780029296875,772.280029296875,766.2899780273438,771.3499755859375,36666700
2026-09-28,768.3499755859375,769.5399780273438,763.719970703125,765.6099853515625,42694500
2026-09-29,,,,,36577604
